domain,url,feed_url,last_update,posts_3m,posts_6m,posts_1y,total_posts,level
whooc.com,https://whooc.com,https://whooc.com/feed,2099-12-31T10:25:32+00:00,2,2,2,20,active
genkaim.top,https://www.genkaim.top,https://www.genkaim.top/atom.xml,2077-03-09T16:00:00+00:00,6,11,13,20,very_active
zebin-yue.top,https://www.zebin-yue.top/,https://www.zebin-yue.top/atom.xml,2026-06-20T13:30:00+00:00,10,10,10,10,very_active
pigwan.me,https://pigwan.me,https://pigwan.me/rss,2026-06-06T23:20:52+08:00,50,50,50,50,very_active
blog.ziyege.com,https://blog.ziyege.com/,https://blog.ziyege.com/feed,2026-06-06T23:02:00+08:00,10,10,10,10,very_active
upxuu.com,https://upxuu.com,https://upxuu.com/rss.xml,2026-06-06T22:09:00+00:00,50,50,50,86,very_active
ayayy.com,https://ayayy.com/,https://ayayy.com/feed,2026-06-06T21:13:00+08:00,10,10,10,10,very_active
blog.uuanqin.top,https://blog.uuanqin.top/,https://blog.uuanqin.top/atom.xml,2026-06-06T18:43:40+00:00,19,20,20,20,very_active
blog.eray.cc,https://blog.eray.cc/,https://blog.eray.cc/rss.xml,2026-06-06T17:14:38+08:00,1,3,12,18,active
blog.lehman.top,https://blog.lehman.top,https://blog.lehman.top/feed,2026-06-06T17:02:00+08:00,3,5,6,11,very_active
735690757.github.io,https://735690757.github.io/,https://735690757.github.io/rss.xml,2026-06-06T16:16:16+08:00,5,20,20,20,very_active
note.redcha.cn,https://note.redcha.cn,https://note.redcha.cn/rss.xml,2026-06-06T15:17:41+00:00,2,2,25,40,active
xingmail.cn,https://www.xingmail.cn/,https://www.xingmail.cn/feed,2026-06-06T15:01:02+00:00,7,7,7,7,very_active
blog.lusyoe.com,https://blog.lusyoe.com,https://blog.lusyoe.com/feed,2026-06-06T14:00:00+08:00,20,20,20,20,very_active
itylq.com,https://www.itylq.com,https://www.itylq.com/rss.xml,2026-06-06T12:22:12+00:00,1,1,1,1,active
forum.gitzaai.com,https://forum.gitzaai.com,https://forum.gitzaai.com/rss,2026-06-06T12:10:40+00:00,7,7,9,50,very_active
blog.lumirant.top,https://blog.lumirant.top,https://blog.lumirant.top/rss.xml,2026-06-06T11:10:56+00:00,4,7,16,16,very_active
xingwangzhe.fun,https://xingwangzhe.fun,https://xingwangzhe.fun/rss.xml,2026-06-06T10:30:00+00:00,33,47,50,200,very_active
80srz.com,https://www.80srz.com,https://www.80srz.com/feed,2026-06-06T10:26:35+08:00,3,4,5,13,very_active
luochancy.com,https://www.luochancy.com,https://www.luochancy.com/feed,2026-06-06T09:56:13+00:00,4,5,6,10,very_active
qs100371.top,https://qs100371.top,https://qs100371.top/atom.xml,2026-06-06T08:45:36+00:00,16,20,20,20,very_active
grbj.cn,https://www.grbj.cn/,https://www.grbj.cn/feed,2026-06-06T08:23:57+00:00,8,10,10,10,very_active
blog.hakochest.cn,https://blog.hakochest.cn,https://blog.hakochest.cn/rss.xml,2026-06-06T06:02:13+00:00,27,27,30,51,very_active
chenxublog.com,https://www.chenxublog.com,https://www.chenxublog.com/feed,2026-06-06T05:30:25+00:00,1,1,1,10,active
silverisky.com,https://silverisky.com,https://silverisky.com/feed,2026-06-06T04:03:18+00:00,1,4,10,10,active
tjsky.net,https://www.tjsky.net,https://www.tjsky.net/feed,2026-06-06T03:06:40+00:00,10,10,10,10,very_active
blog.verynb.net,https://blog.verynb.net,https://blog.verynb.net/atom.xml,2026-06-06T01:35:18+00:00,2,8,9,20,active
insilen.com,https://www.insilen.com,https://www.insilen.com/feed,2026-06-06T01:33:31+00:00,10,10,10,10,very_active
mingcy.cn,https://mingcy.cn,https://mingcy.cn/rss.xml,2026-06-06T00:00:00+08:00,6,14,18,20,very_active
ftz.is-a.dev,https://ftz.is-a.dev/,https://ftz.is-a.dev/rss.xml,2026-06-06T00:00:00+08:00,5,11,15,36,very_active
blog.shenyouchu.cn,https://blog.shenyouchu.cn/,https://blog.shenyouchu.cn/rss.xml,2026-06-06T00:00:00+00:00,2,17,17,17,active
blog.liuzhen932.top,https://blog.liuzhen932.top,https://blog.liuzhen932.top/rss.xml,2026-06-06T00:00:00+00:00,7,14,35,115,very_active
blog.chario.cn,https://blog.chario.cn/,https://blog.chario.cn/feed,2026-06-05T21:24:11+08:00,10,10,10,10,very_active
xizi.live,https://xizi.live/,https://xizi.live/feed,2026-06-05T21:09:09+08:00,10,10,10,10,very_active
leorain.cn,https://www.leorain.cn/,https://www.leorain.cn/rss.xml,2026-06-05T17:05:44+08:00,6,8,13,115,very_active
geedea.pro,https://www.geedea.pro/,https://www.geedea.pro/index.xml,2026-06-05T16:52:12+08:00,10,10,10,10,very_active
programnotes.cn,https://programnotes.cn/,https://programnotes.cn/atom.xml,2026-06-05T16:00:00+00:00,4,8,20,20,very_active
t-t.live,https://t-t.live/,https://t-t.live/rss.xml,2026-06-05T15:13:52+00:00,3,5,11,20,very_active
blog.kfdzcoffee.cn,https://blog.kfdzcoffee.cn,https://blog.kfdzcoffee.cn/rss.xml,2026-06-05T13:28:27+00:00,4,14,18,20,very_active
physnya.top,https://physnya.top,https://physnya.top/atom.xml,2026-06-05T13:05:34+00:00,50,50,50,100,very_active
helywin.com,https://www.helywin.com,https://www.helywin.com/index.xml,2026-06-05T12:47:41+00:00,2,4,7,113,active
blog.samhou.moe,https://blog.samhou.moe/,https://blog.samhou.moe/rss.xml,2026-06-05T12:07:01+00:00,6,8,8,8,very_active
hetong-re4per.com,https://www.hetong-re4per.com/,https://www.hetong-re4per.com/index.xml,2026-06-05T10:57:44+08:00,1,2,4,34,active
blog.glumi.cn,https://blog.glumi.cn,https://blog.glumi.cn/rss.xml,2026-06-05T08:37:20+00:00,5,10,22,41,very_active
jellypro.cn,https://jellypro.cn,https://jellypro.cn/rss.xml,2026-06-05T08:07:19+00:00,2,3,5,20,active
jame.work,https://jame.work,https://jame.work/feed,2026-06-05T08:00:00+08:00,8,11,23,34,very_active
wikimoe.com,https://www.wikimoe.com/,https://www.wikimoe.com/rss,2026-06-05T04:20:33+00:00,10,10,10,10,very_active
maxqi.top,https://maxqi.top,https://maxqi.top/feed,2026-06-05T04:11:37+00:00,10,10,10,10,very_active
lybblog.cn,https://www.lybblog.cn,https://www.lybblog.cn/feed,2026-06-05T04:06:30+00:00,10,10,10,10,very_active
fzxx.xyz,https://www.fzxx.xyz,https://www.fzxx.xyz/feed/,2026-06-05T02:00:42+00:00,10,10,10,10,very_active
pgoj.top,https://www.pgoj.top,https://www.pgoj.top/feed,2026-06-05T01:07:00+00:00,10,10,10,10,very_active
blog.lonzov.top,https://blog.lonzov.top/,https://blog.lonzov.top/rss.xml,2026-06-05T00:00:00+00:00,5,14,31,33,very_active
xbstack.com,https://xbstack.com,https://xbstack.com/rss.xml,2026-06-05T00:00:00+00:00,50,50,50,130,very_active
blog.danzaii.cn,https://blog.danzaii.cn,https://blog.danzaii.cn/index.xml,2026-06-05T00:00:00+00:00,11,18,18,56,very_active
fuxes.cn,https://fuxes.cn/,https://fuxes.cn/feed.xml,2026-06-05T00:00:00+00:00,3,3,3,3,very_active
wiki.eryajf.net,https://wiki.eryajf.net,https://wiki.eryajf.net/rss.xml,2026-06-04T23:11:46+00:00,16,40,50,449,very_active
9sb.net,https://9sb.net,https://9sb.net/feed,2026-06-04T22:27:25+08:00,10,10,10,10,very_active
panda995.xyz,https://panda995.xyz,https://panda995.xyz/feed,2026-06-04T17:44:40+08:00,10,10,10,10,very_active
gopherding.github.io,https://gopherding.github.io,https://gopherding.github.io/index.xml,2026-06-04T16:00:00+08:00,12,18,50,158,very_active
vluv.space,https://vluv.space,https://vluv.space/atom.xml,2026-06-04T16:00:00+00:00,23,42,50,179,very_active
blog.weidows.tech,https://blog.weidows.tech,https://blog.weidows.tech/rss.xml,2026-06-04T14:37:10+00:00,3,5,7,20,very_active
hiwannz.com,https://hiwannz.com,https://hiwannz.com/feed,2026-06-04T12:04:33+00:00,3,4,4,10,very_active
yuejiaxin.ln.cn,https://yuejiaxin.ln.cn/,https://yuejiaxin.ln.cn/rss.xml,2026-06-04T11:08:25+00:00,20,20,20,20,very_active
gilatod.art,"https://gilatod.art",https://gilatod.art/feed,2026-06-04T09:17:51+00:00,6,10,10,10,very_active
yunyanck.cn,https://www.yunyanck.cn,https://www.yunyanck.cn/rss.xml,2026-06-04T09:07:00+08:00,3,9,10,10,very_active
bioez.xyz,https://bioez.xyz,https://bioez.xyz/rss.xml,2026-06-04T08:35:39+00:00,4,19,20,20,very_active
notes.smallbamboo.cn,https://notes.smallbamboo.cn,https://notes.smallbamboo.cn/feed,2026-06-04T07:00:59+00:00,10,10,10,10,very_active
lifengdi.com,https://www.lifengdi.com,https://www.lifengdi.com/feed,2026-06-04T06:00:26+00:00,7,10,10,10,very_active
blog.zhheo.com,https://blog.zhheo.com,https://blog.zhheo.com/rss.xml,2026-06-04T03:36:15+00:00,20,20,20,20,very_active
743.world,https://743.world,https://743.world/feed,2026-06-04T00:47:36+08:00,10,10,10,10,very_active
blog.7wate.com,https://blog.7wate.com,https://blog.7wate.com/rss.xml,2026-06-04T00:00:00+08:00,8,8,9,10,very_active
blog.snowy.moe,https://blog.snowy.moe,https://blog.snowy.moe/rss.xml,2026-06-04T00:00:00+00:00,7,18,27,94,very_active
innatus.cn,https://innatus.cn/,https://innatus.cn/atom.xml,2026-06-04T00:00:00+00:00,8,11,22,22,very_active
imbailey.cn,https://www.imbailey.cn/,https://www.imbailey.cn/rss.xml,2026-06-03T23:30:00+00:00,8,9,14,50,very_active
fanyiming.life,https://fanyiming.life,https://fanyiming.life/feed.xml,2026-06-03T22:07:34+00:00,16,29,50,346,very_active
rua.ink,https://www.rua.ink,https://www.rua.ink/feed,2026-06-03T21:35:00+08:00,3,7,10,10,very_active
blog.gankudadiz.com,https://blog.gankudadiz.com/,https://blog.gankudadiz.com/feed,2026-06-03T18:30:01+08:00,20,20,20,20,very_active
weisay.com,https://www.weisay.com/blog/,https://www.weisay.com/blog/feed,2026-06-03T15:08:45+00:00,6,12,12,12,very_active
citydatum.cn,https://citydatum.cn/,https://citydatum.cn/feed,2026-06-03T15:04:31+00:00,10,10,10,10,very_active
sikan.moe,"https://sikan.moe",https://sikan.moe/atom.xml,2026-06-03T13:26:52.412000+00:00,3,3,3,3,very_active
sliun.com,https://sliun.com/,https://sliun.com/feed,2026-06-03T13:25:00+00:00,10,10,10,10,very_active
yxbug.ren,https://yxbug.ren,https://yxbug.ren/atom.xml,2026-06-03T12:23:00+00:00,3,5,12,20,very_active
nxxy335.top,https://nxxy335.top/,https://nxxy335.top/rss.xml,2026-06-03T12:05:13+00:00,19,20,20,20,very_active
blog.southfox.me,https://blog.southfox.me,https://blog.southfox.me/feed.xml,2026-06-03T11:43:00+00:00,14,20,20,20,very_active
blog.yasking.org,https://blog.yasking.org,https://blog.yasking.org/rss.xml,2026-06-03T11:28:00+08:00,26,50,50,100,very_active
blog.tengfei.website,https://blog.tengfei.website,https://blog.tengfei.website/feed,2026-06-03T11:23:08+00:00,8,8,8,8,very_active
bluish.net,https://bluish.net,https://bluish.net/feed,2026-06-03T10:01:20+08:00,1,3,10,10,active
blog.fohok.xin,https://blog.fohok.xin,https://blog.fohok.xin/feed,2026-06-03T05:58:20+00:00,8,10,10,10,very_active
wangjiezhe.com,https://wangjiezhe.com,https://wangjiezhe.com/atom.xml,2026-06-03T00:10:16+00:00,5,7,20,20,very_active
joeytoday.com,https://www.joeytoday.com/,https://www.joeytoday.com/rss.xml,2026-06-03T00:00:00+00:00,11,21,45,97,very_active
catcat.blog,https://catcat.blog,https://catcat.blog/feed,2026-06-03T00:00:00+00:00,12,15,15,20,very_active
juniortree.com,https://www.juniortree.com,https://www.juniortree.com/rss.xml,2026-06-03T00:00:00+00:00,4,9,31,47,very_active
blog.chen-di.com,https://blog.chen-di.com,https://blog.chen-di.com/rss.xml,2026-06-03T00:00:00+00:00,17,21,23,51,very_active
blog.kayro.cn,https://blog.kayro.cn/,https://blog.kayro.cn/atom.xml,2026-06-02T17:08:51+00:00,8,11,11,11,very_active
xiaonie.me,https://xiaonie.me,https://xiaonie.me/rss.xml,2026-06-02T13:32:02+00:00,12,20,20,20,very_active
fantasydm.top,https://fantasydm.top/,https://fantasydm.top/feed.xml,2026-06-02T09:46:58+00:00,4,9,23,27,very_active
mgrowup.com,https://mgrowup.com/,https://mgrowup.com/rss.xml,2026-06-02T07:51:04+00:00,8,24,26,93,very_active
blog.smallfang.fun,https://blog.smallfang.fun,https://blog.smallfang.fun/feed,2026-06-02T05:28:00+00:00,2,3,4,10,active
leenet.xyz,https://leenet.xyz/,https://leenet.xyz/feed.xml,2026-06-02T00:00:00+00:00,7,19,19,19,very_active
daolanx.me,https://daolanx.me/zh/,https://daolanx.me/rss.xml,2026-06-02T00:00:00+00:00,7,13,17,21,very_active
allenyou.wang,https://www.allenyou.wang,https://www.allenyou.wang/feed.xml,2026-06-02T00:00:00+00:00,5,6,10,36,very_active
f2h2h1.github.io,https://f2h2h1.github.io,https://f2h2h1.github.io/rss.xml,2026-06-01T18:34:59+08:00,9,22,28,57,very_active
blog.shiguang666.eu.org,https://blog.shiguang666.eu.org,https://blog.shiguang666.eu.org/atom.xml,2026-06-01T16:18:00+00:00,9,9,9,283,very_active
linmohan.fun,https://linmohan.fun/,https://linmohan.fun/rss.xml,2026-06-01T16:00:00+00:00,1,2,7,9,active
blog.share888.top,https://blog.share888.top,https://blog.share888.top/rss.xml,2026-06-01T14:12:52+00:00,20,20,20,20,very_active
vaultattic.cn,https://www.vaultattic.cn/,https://www.vaultattic.cn/rss.xml,2026-06-01T13:17:06+00:00,10,15,20,20,very_active
vjo.cc,https://vjo.cc,https://vjo.cc/feed,2026-06-01T12:23:00+08:00,4,10,10,10,very_active
iliuqi.com,https://www.iliuqi.com,https://www.iliuqi.com/rss.xml,2026-06-01T09:44:33+00:00,8,20,20,20,very_active
aajax.top,https://aajax.top,https://aajax.top/atom.xml,2026-06-01T06:08:32+00:00,10,15,20,20,very_active
qaqme.cn,https://www.qaqme.cn/,https://www.qaqme.cn/feed,2026-06-01T05:09:41+00:00,10,10,10,10,very_active
remsait.com,https://remsait.com,https://remsait.com/atom.xml,2026-06-01T04:44:10.274000+00:00,50,50,50,110,very_active
yhalo.cn,https://yhalo.cn/,https://yhalo.cn/feed,2026-06-01T03:47:36+00:00,10,10,10,10,very_active
11ao.cn,https://11ao.cn,https://11ao.cn/rss.xml,2026-06-01T02:26:20+00:00,9,18,20,20,very_active
blog.aloys233.top,https://blog.aloys233.top,https://blog.aloys233.top/rss.xml,2026-06-01T00:00:00+00:00,5,7,12,43,very_active
blog.srprolin.top,https://blog.srprolin.top,https://blog.srprolin.top/rss.xml,2026-06-01T00:00:00+00:00,16,29,37,43,very_active
axi404.top,https://axi404.top/,https://axi404.top/rss.xml,2026-06-01T00:00:00+00:00,7,20,50,118,very_active
xyzbz.cn,https://xyzbz.cn,https://xyzbz.cn/feed,2026-05-31T23:59:00+08:00,10,10,10,10,very_active
lailai.one,https://lailai.one,https://lailai.one/blog/rss.xml,2026-05-31T23:11:21+00:00,7,14,19,20,very_active
blog.storia.ren,https://blog.storia.ren/,https://blog.storia.ren/atom.xml,2026-05-31T21:32:17+08:00,4,10,10,10,very_active
lawtee.com,https://lawtee.com,https://lawtee.com/index.xml,2026-05-31T18:56:28+00:00,5,5,5,5,very_active
blog.liushen.fun,https://blog.liushen.fun,https://blog.liushen.fun/atom.xml,2026-05-31T18:10:21+00:00,3,7,20,20,very_active
blog.moeworld.tech,https://blog.moeworld.tech,https://blog.moeworld.tech/feed,2026-05-31T16:42:39+00:00,5,5,5,5,very_active
blog.weichky.com,https://blog.weichky.com,https://blog.weichky.com/feed,2026-05-31T16:06:00+00:00,2,3,11,12,active
tch.cool,https://tch.cool,https://tch.cool/rss.xml,2026-05-31T16:00:00+00:00,6,13,26,50,very_active
aloner.ink,https://aloner.ink,https://aloner.ink/feed,2026-05-31T15:47:00+08:00,2,2,3,10,active
imba97.com,https://imba97.com,https://imba97.com/atom.xml,2026-05-31T14:09:54+00:00,3,5,10,141,very_active
shiquda.link,https://shiquda.link/,https://shiquda.link/rss.xml,2026-05-31T13:54:31+08:00,2,6,9,56,active
blognas.hwb0307.com,https://blognas.hwb0307.com,https://blognas.hwb0307.com/feed,2026-05-31T12:09:01+00:00,3,20,20,20,very_active
blog.cmyr.ltd,https://blog.cmyr.ltd,https://blog.cmyr.ltd/rss.xml,2026-05-31T11:59:10+00:00,10,20,20,20,very_active
ficor.net,https://ficor.net,https://ficor.net/feed,2026-05-31T11:33:00+08:00,13,20,20,20,very_active
lklog.cn,https://lklog.cn,https://lklog.cn/feed,2026-05-31T11:30:54+00:00,10,10,10,10,very_active
blog.fufu.ink,https://blog.fufu.ink,https://blog.fufu.ink/atom.xml,2026-05-31T11:22:03+00:00,11,18,20,20,very_active
blog.xgclevo.top,https://blog.xgclevo.top/,https://blog.xgclevo.top/atom.xml,2026-05-31T03:45:19+00:00,3,3,3,3,very_active
blog.zhipro.com,https://blog.zhipro.com/,https://blog.zhipro.com/index.xml,2026-05-31T00:00:00+08:00,12,20,20,20,very_active
haoyu233.com,https://www.haoyu233.com,https://www.haoyu233.com/feed,2026-05-30T18:19:07+00:00,3,9,43,50,very_active
blog.luoh.org,https://blog.luoh.org/,https://blog.luoh.org/atom.xml,2026-05-30T15:14:22+00:00,2,3,7,24,active
blog.jimersylee.com,https://blog.jimersylee.com/,https://blog.jimersylee.com/index.xml,2026-05-30T11:20:00+00:00,1,4,4,90,active
cuixinxin.cn,https://cuixinxin.cn,https://cuixinxin.cn/feed,2026-05-30T10:01:24+00:00,2,8,23,30,active
pyrzo.com,https://www.pyrzo.com,https://www.pyrzo.com/feed,2026-05-30T05:52:19+00:00,10,10,10,10,very_active
inkem.space,https://www.inkem.space,https://www.inkem.space/rss.xml,2026-05-30T00:00:00+00:00,8,16,33,41,very_active
lostdeer.xyz,https://lostdeer.xyz/,https://lostdeer.xyz/index.xml,2026-05-30T00:00:00+00:00,1,1,3,10,active
blog.gogei.top,https://blog.gogei.top,https://blog.gogei.top/atom.xml,2026-05-29T16:00:00+00:00,3,3,6,13,very_active
pym.plus,https://pym.plus,https://pym.plus/rss.xml,2026-05-29T15:48:09+00:00,20,20,20,20,very_active
qiukui-note.happy365.day,https://qiukui-note.happy365.day,https://qiukui-note.happy365.day/atom.xml,2026-05-29T15:03:00+00:00,20,20,20,20,very_active
blog.xp6.top,https://blog.xp6.top,https://blog.xp6.top/feed,2026-05-29T13:41:45+00:00,10,10,10,10,very_active
bytecho.net,https://www.bytecho.net,https://www.bytecho.net/feed.xml,2026-05-29T13:16:53.840000+00:00,2,2,3,30,active
blog.yokumi.cn,https://blog.yokumi.cn/,https://blog.yokumi.cn/atom.xml,2026-05-29T12:49:00+00:00,4,5,40,40,very_active
dcbj.online,https://dcbj.online/,https://dcbj.online/index.xml,2026-05-29T12:02:11+00:00,10,10,10,10,very_active
rsnocsi.cn,https://www.rsnocsi.cn,https://www.rsnocsi.cn/feed,2026-05-29T11:23:49+00:00,3,8,10,10,very_active
blog.itsse.cn,https://blog.itsse.cn,https://blog.itsse.cn/feed,2026-05-29T10:12:00+08:00,4,8,11,12,very_active
anhaoyang.com,https://www.anhaoyang.com/,https://www.anhaoyang.com/feed.xml,2026-05-29T06:54:06+00:00,9,10,11,20,very_active
summergao.com,https://www.summergao.com,https://www.summergao.com/feed.xml,2026-05-29T06:19:52+00:00,16,24,30,30,very_active
lxnchan.cn,https://lxnchan.cn,https://lxnchan.cn/atom.xml,2026-05-29T04:23:33+00:00,6,12,33,270,very_active
skylan.cc,https://skylan.cc/,https://skylan.cc/rss.xml,2026-05-29T03:14:13+00:00,9,9,13,20,very_active
fanzhuo.xyz,https://fanzhuo.xyz/,https://fanzhuo.xyz/rss.xml,2026-05-29T00:00:00+00:00,1,5,12,19,active
leehenry.top,https://leehenry.top/,https://leehenry.top/rss.xml,2026-05-29T00:00:00+00:00,6,13,32,46,very_active
kqh.me,https://kqh.me,https://kqh.me/index.xml,2026-05-29T00:00:00+00:00,4,5,7,10,very_active
zrs.xyz,https://zrs.xyz,https://zrs.xyz/feed,2026-05-28T23:10:00+08:00,5,10,10,10,very_active
ffnb.top,https://ffnb.top,https://ffnb.top/feed,2026-05-28T22:16:00+08:00,10,10,10,10,very_active
blog.stevezmt.top,https://blog.stevezmt.top,https://blog.stevezmt.top/atom.xml,2026-05-28T18:18:12+00:00,3,4,8,17,very_active
8853131.xyz,https://8853131.xyz,https://8853131.xyz/rss.xml,2026-05-28T04:47:00+00:00,12,12,20,20,very_active
blog.sdsml.top,https://blog.sdsml.top/,https://blog.sdsml.top/feed,2026-05-28T01:24:44+00:00,10,10,10,10,very_active
safe.cafe,https://safe.cafe,https://safe.cafe/index.xml,2026-05-28T00:00:00+00:00,2,5,14,232,active
blog.june-pj.cn,https://blog.june-pj.cn,https://blog.june-pj.cn/atom.xml,2026-05-27T22:00:00+00:00,8,13,15,15,very_active
sxrekord.com,https://sxrekord.com,https://sxrekord.com/atom.xml,2026-05-27T16:00:00+00:00,2,3,8,64,active
yufm.com,https://yufm.com,https://yufm.com/feed,2026-05-27T15:09:44+00:00,1,5,9,10,active
blog.goodboyboy.top,https://blog.goodboyboy.top,https://blog.goodboyboy.top/atom.xml,2026-05-27T14:41:44+00:00,9,21,50,50,very_active
pinaland.cn,https://pinaland.cn/,https://pinaland.cn/feed,2026-05-27T11:15:00+08:00,2,2,10,10,active
blog.deepchirp.com,https://blog.deepchirp.com,https://blog.deepchirp.com/feed,2026-05-27T09:04:55+00:00,9,9,20,20,very_active
hailandao.com,https://hailandao.com/,https://hailandao.com/feed,2026-05-27T07:47:26+00:00,9,10,10,10,very_active
sutdown.github.io,https://sutdown.github.io/,https://sutdown.github.io/index.xml,2026-05-27T00:00:00+00:00,6,9,17,82,very_active
hechuan.me,https://hechuan.me/,https://hechuan.me/index.xml,2026-05-26T18:50:00+08:00,3,8,8,10,very_active
blog.kdyzm.cn,https://blog.kdyzm.cn,https://blog.kdyzm.cn/feed.xml,2026-05-26T17:00:30+08:00,5,6,32,50,very_active
blog.quickso.cn,https://blog.quickso.cn,https://blog.quickso.cn/atom.xml,2026-05-26T16:56:15+00:00,6,9,14,20,very_active
blog.liseezn.top,https://blog.liseezn.top,https://blog.liseezn.top/atom,2026-05-26T13:46:20+00:00,14,17,22,32,very_active
hejunjie.life,https://hejunjie.life,https://hejunjie.life/rss.xml,2026-05-26T09:13:57+00:00,4,11,39,64,very_active
blog.marshuni.fun,https://blog.marshuni.fun/,https://blog.marshuni.fun/atom.xml,2026-05-26T07:42:00+00:00,3,7,14,20,very_active
lafoyer.com,https://www.lafoyer.com,https://www.lafoyer.com/feed,2026-05-26T04:55:18+00:00,1,7,10,10,active
htmacg.cn,https://www.htmacg.cn/,https://www.htmacg.cn/feed,2026-05-26T02:24:41+00:00,2,10,10,10,active
hk256.top,https://www.hk256.top/,https://www.hk256.top/rss.xml,2026-05-26T00:00:00+00:00,12,21,24,29,very_active
momoyeyu.github.io,https://momoyeyu.github.io,https://momoyeyu.github.io/rss.xml,2026-05-26T00:00:00+00:00,9,11,11,55,very_active
ihello.cc,https://ihello.cc,https://ihello.cc/feed,2026-05-25T17:24:55+00:00,1,4,6,10,active
blog.zyx-2012.cn,https://blog.zyx-2012.cn,https://blog.zyx-2012.cn/rss.xml,2026-05-25T13:27:00+00:00,18,19,20,20,very_active
haoruanmao.com,https://www.haoruanmao.com,https://www.haoruanmao.com/feed,2026-05-25T03:02:48+00:00,4,5,17,18,very_active
sunzishaokao.com,https://www.sunzishaokao.com/,https://www.sunzishaokao.com/feed,2026-05-25T02:33:01+00:00,8,12,12,12,very_active
pinpe.top,https://pinpe.top,https://pinpe.top/rss.xml,2026-05-25T00:00:00+00:00,10,19,44,94,very_active
blog.viki.moe,https://blog.viki.moe,https://blog.viki.moe/rss,2026-05-25T00:00:00+00:00,7,14,18,20,very_active
code-pigeon.github.io,https://code-pigeon.github.io/blog,https://code-pigeon.github.io/blog/feed,2026-05-24T14:58:00+08:00,3,6,10,10,very_active
hxy.cc,https://www.hxy.cc/,https://www.hxy.cc/feed,2026-05-24T13:58:05+08:00,10,10,10,10,very_active
gcoulu.cn,https://www.gcoulu.cn,https://www.gcoulu.cn/rss.xml,2026-05-24T08:15:25+00:00,4,11,20,20,very_active
farer.org,https://farer.org/,https://farer.org/feed,2026-05-24T07:45:10+00:00,1,1,5,15,active
ihaihe.cn,https://ihaihe.cn/,https://ihaihe.cn/feed,2026-05-24T06:11:20+00:00,12,18,39,100,very_active
imqi1.com,https://imqi1.com/,https://imqi1.com/feed,2026-05-24T04:56:00+00:00,8,15,20,20,very_active
xeonzilla.top,https://xeonzilla.top,https://xeonzilla.top/feed.xml,2026-05-24T01:47:57+00:00,6,19,20,20,very_active
linxii.top,https://linxii.top/,https://linxii.top/rss.xml,2026-05-24T00:00:00+00:00,9,30,30,30,very_active
wyjmew.cn,https://wyjmew.cn,https://wyjmew.cn/feed,2026-05-23T23:37:00+08:00,8,10,10,10,very_active
imcbc.cn,https://imcbc.cn,https://imcbc.cn/index.xml,2026-05-23T19:03:45+08:00,2,3,3,10,active
iasuna.com,https://www.iasuna.com,https://www.iasuna.com/atom.xml,2026-05-23T17:24:30+00:00,2,4,11,20,active
hs.cnies.org,https://hs.cnies.org,https://hs.cnies.org/rss.xml,2026-05-23T16:00:00+00:00,8,8,20,20,very_active
blog.admincmd.xyz,https://blog.admincmd.xyz/,https://blog.admincmd.xyz/atom.xml,2026-05-23T15:04:47+00:00,2,3,4,16,active
blog.chrison.cn,https://blog.chrison.cn,https://blog.chrison.cn/feed,2026-05-23T14:04:00+08:00,10,10,10,10,very_active
wuminboke.site,https://wuminboke.site/,https://wuminboke.site/feed,2026-05-23T13:15:32+00:00,10,10,10,10,very_active
whbbit.cn,https://whbbit.cn,https://whbbit.cn/atom.xml,2026-05-23T08:35:56+00:00,1,12,32,50,active
xn--otsr53afot.com,https://xn--otsr53afot.com,https://xn--otsr53afot.com/rss.xml,2026-05-23T05:16:00+00:00,6,25,25,25,very_active
blog.kisechan.space,https://blog.kisechan.space/,https://blog.kisechan.space/atom.xml,2026-05-23T03:03:23+00:00,7,12,20,20,very_active
miraii.cn,https://miraii.cn,https://miraii.cn/atom.xml,2026-05-22T15:05:01+08:00,5,9,14,51,very_active
blog.gxres.net,https://blog.gxres.net,https://blog.gxres.net/atom.xml,2026-05-22T14:43:33+00:00,3,7,9,20,very_active
hin.cool,https://hin.cool,https://hin.cool/atom.xml,2026-05-22T14:30:00+00:00,5,13,20,20,very_active
blog.ymbit.cn,https://blog.ymbit.cn,https://blog.ymbit.cn/atom.xml,2026-05-22T11:59:44+00:00,2,4,9,20,active
liangqianxing.github.io,https://liangqianxing.github.io/,https://liangqianxing.github.io/rss.xml,2026-05-22T10:30:00+00:00,31,31,31,31,very_active
bfzw.top,https://bfzw.top,https://bfzw.top/feed,2026-05-22T09:48:24+00:00,4,4,5,8,very_active
castamerego.com,https://castamerego.com/,https://castamerego.com/blog/rss.xml,2026-05-22T00:00:00+00:00,5,7,17,45,very_active
elliot98.top,https://www.elliot98.top,https://www.elliot98.top/index.xml,2026-05-22T00:00:00+00:00,6,6,6,117,very_active
futseyi.com,https://www.futseyi.com/,https://www.futseyi.com/rss.xml,2026-05-22T00:00:00+00:00,5,6,29,31,very_active
loneapex.cn,https://loneapex.cn/,https://loneapex.cn/feed,2026-05-21T16:04:00+00:00,4,6,6,6,very_active
flowersink.com,"https://flowersink.com/",https://flowersink.com/rss.xml,2026-05-21T07:47:14+00:00,6,11,22,44,very_active
gmcllp.cn,https://www.gmcllp.cn,https://www.gmcllp.cn/feed,2026-05-21T04:05:00+00:00,1,3,5,10,active
blog.luckyfishes.site,https://blog.luckyfishes.site,https://blog.luckyfishes.site/rss.xml,2026-05-21T00:00:00+00:00,4,13,17,64,very_active
sccube.link,https://sccube.link,https://sccube.link/atom.xml,2026-05-20T15:52:40+00:00,2,5,8,20,active
lml023.top,https://lml023.top,https://lml023.top/rss.xml,2026-05-20T12:42:18+00:00,6,11,11,20,very_active
blog.viper3.top,https://blog.viper3.top,https://blog.viper3.top/feed,2026-05-20T09:15:00+08:00,1,3,10,10,active
80h.cn,https://80h.cn,https://80h.cn/feed,2026-05-20T08:23:48+00:00,2,5,10,10,active
blog.impressionyang.top,https://blog.impressionyang.top,https://blog.impressionyang.top/rss.xml,2026-05-20T06:32:13+00:00,5,5,16,20,very_active
yangda.vip,https://yangda.vip/,https://yangda.vip/rss.xml,2026-05-20T06:30:03+00:00,5,14,20,20,very_active
blog.antio2.cn,https://blog.antio2.cn,https://blog.antio2.cn/index.xml,2026-05-20T00:00:00+08:00,1,1,4,59,active
blog.rainiar.top,https://blog.rainiar.top,https://blog.rainiar.top/rss.xml,2026-05-20T00:00:00+00:00,1,1,2,36,active
blog.cuteleaf.cn,https://blog.cuteleaf.cn,https://blog.cuteleaf.cn/rss.xml,2026-05-20T00:00:00+00:00,1,5,12,60,active
cszj.wang,https://cszj.wang,https://cszj.wang/rss.xml,2026-05-19T21:08:00+08:00,5,20,20,20,very_active
lb5.net,https://lb5.net/,https://lb5.net/feed,2026-05-19T13:53:00+08:00,4,10,10,10,very_active
blog.sky233.top,https://blog.sky233.top/,https://blog.sky233.top/atom.xml,2026-05-19T09:14:30+00:00,4,4,10,50,very_active
xancel.top,https://xancel.top,https://xancel.top/feed,2026-05-19T08:05:40+00:00,20,20,20,20,very_active
anaer.github.io,https://anaer.github.io/blog/,https://anaer.github.io/blog/rss.xml,2026-05-19T02:28:10+00:00,14,18,50,196,very_active
deusyu.app,https://deusyu.app,https://deusyu.app/feed.xml,2026-05-18T21:18:00+00:00,5,9,50,121,very_active
min168.top,https://min168.top/,https://min168.top/rss.xml,2026-05-18T15:41:40+00:00,5,18,38,100,very_active
blog.sakura.ink,https://blog.sakura.ink,https://blog.sakura.ink/rss.xml,2026-05-18T13:00:00+00:00,4,11,50,66,very_active
blog.ning.moe,https://blog.ning.moe/,https://blog.ning.moe/rss.xml,2026-05-18T12:54:14+00:00,1,2,7,60,active
jukai.site,https://jukai.site,https://jukai.site/index.xml,2026-05-18T12:30:38+08:00,1,1,1,8,active
yuanshan.site,https://www.yuanshan.site/,https://www.yuanshan.site/atom.xml,2026-05-18T01:03:04.979000+00:00,5,5,13,13,very_active
blog.l3zc.com,https://blog.l3zc.com/,https://blog.l3zc.com/index.xml,2026-05-18T00:46:00+08:00,3,6,8,10,very_active
lznauy.cn,https://lznauy.cn/,https://lznauy.cn/index.xml,2026-05-18T00:06:41+08:00,13,20,20,20,very_active
ie12blog.36102025.xyz,https://ie12blog.36102025.xyz/,https://ie12blog.36102025.xyz/rss.xml,2026-05-18T00:00:00+08:00,5,13,25,92,very_active
yux-bao.icu,https://yux-bao.icu,https://yux-bao.icu/rss.xml,2026-05-18T00:00:00+00:00,1,7,19,19,active
emohe.cn,https://emohe.cn,https://emohe.cn/rss.xml,2026-05-18T00:00:00+00:00,3,5,14,42,very_active
rainafter.cn,https://www.rainafter.cn,https://www.rainafter.cn/rss.xml,2026-05-18T00:00:00+00:00,4,4,7,13,very_active
bwsl.wang,https://www.bwsl.wang/,https://www.bwsl.wang/feed,2026-05-17T17:41:07+08:00,5,8,10,10,very_active
moshanghua.net,https://moshanghua.net,https://moshanghua.net/feed.xml,2026-05-17T16:13:43.685000+00:00,3,3,3,30,very_active
yurik.cafe,https://yurik.cafe,https://yurik.cafe/feed.xml,2026-05-17T16:00:00+00:00,1,1,4,20,active
blog.zhuyu.xyz,https://blog.zhuyu.xyz,https://blog.zhuyu.xyz/feed,2026-05-17T15:43:00+00:00,5,7,10,11,very_active
blog.hikarilan.life,https://blog.hikarilan.life,https://blog.hikarilan.life/feed,2026-05-17T13:46:11+00:00,1,3,10,10,active
d-d.design,https://d-d.design,https://d-d.design/feed,2026-05-17T10:47:51+00:00,10,10,10,10,very_active
dangeer.com,https://dangeer.com/,https://dangeer.com/index.xml,2026-05-17T10:30:18+08:00,3,7,12,168,very_active
blog.drearry.com,https://blog.drearry.com/,https://blog.drearry.com/feed,2026-05-17T09:59:00+08:00,3,3,4,10,very_active
xiaozonglin.cn,https://www.xiaozonglin.cn,https://www.xiaozonglin.cn/feed,2026-05-17T03:22:57+00:00,5,5,5,5,very_active
luming.cool,https://luming.cool,https://luming.cool/feed,2026-05-17T00:22:00+08:00,2,10,10,10,active
fuwari.oh1.top,https://fuwari.oh1.top/,https://fuwari.oh1.top/rss.xml,2026-05-17T00:00:00+00:00,1,3,40,73,active
szhshp.org,https://szhshp.org,https://szhshp.org/rss.xml,2026-05-17T00:00:00+00:00,2,2,10,212,active
xiaoten.com,https://www.xiaoten.com,https://www.xiaoten.com/index.xml,2026-05-16T20:06:00+08:00,5,15,33,382,very_active
mskclover.com,https://mskclover.com,https://mskclover.com/atom.xml,2026-05-16T12:31:48+00:00,1,3,4,20,active
xifeng.net,https://xifeng.net,https://xifeng.net/feed,2026-05-16T11:59:00+00:00,8,12,18,20,very_active
blog.truebigsand.top,https://blog.truebigsand.top,https://blog.truebigsand.top/rss.xml,2026-05-16T11:35:12+00:00,2,2,5,42,active
blog.icybit.cn,https://blog.icybit.cn,https://blog.icybit.cn/rss.xml,2026-05-16T04:36:00+00:00,5,6,11,39,very_active
zywvvd.com,https://www.zywvvd.com,https://www.zywvvd.com/atom.xml,2026-05-16T02:00:00+00:00,10,22,50,1093,very_active
blog.histcat.top,https://blog.histcat.top,https://blog.histcat.top/rss.xml,2026-05-16T00:00:00+00:00,2,3,4,73,active
blog.ksable.top,https://blog.ksable.top/,https://blog.ksable.top/rss.xml,2026-05-15T15:03:36+00:00,10,20,20,20,very_active
kinsey973.github.io,https://kinsey973.github.io/,https://kinsey973.github.io/feed,2026-05-15T12:00:00+00:00,1,1,6,41,active
scottyeung.top,https://scottyeung.top,https://scottyeung.top/atom.xml,2026-05-15T11:46:30+08:00,5,10,10,10,very_active
white-festa.net,https://white-festa.net,https://white-festa.net/rss.xml,2026-05-15T00:00:00+00:00,4,7,13,69,very_active
yucol.top,https://yucol.top,https://yucol.top/rss.xml,2026-05-15T00:00:00+00:00,2,7,10,10,active
feeshy.top,https://feeshy.top,https://feeshy.top/feed,2026-05-15T00:00:00+00:00,3,3,5,20,very_active
blog.sakurasen.cn,https://blog.sakurasen.cn,https://blog.sakurasen.cn/rss.xml,2026-05-15T00:00:00+00:00,4,9,13,37,very_active
ameow.xyz,https://ameow.xyz,https://ameow.xyz/rss.xml,2026-05-14T10:40:19+00:00,6,15,20,20,very_active
blog.gbfun.cc,https://blog.gbfun.cc/,https://blog.gbfun.cc/atom.xml,2026-05-14T10:30:54+00:00,1,2,15,15,active
blog.kkii.org,https://blog.kkii.org,https://blog.kkii.org/feed,2026-05-14T01:55:47+00:00,2,6,10,10,active
yveji.com,https://www.yveji.com,https://www.yveji.com/feed,2026-05-13T19:36:00+08:00,4,10,10,10,very_active
irithys.com,https://irithys.com,https://irithys.com/feed,2026-05-13T14:55:42+00:00,1,1,1,15,active
cyrus19.cc,https://cyrus19.cc/,https://cyrus19.cc/feed,2026-05-13T12:13:50+00:00,6,9,19,100,very_active
echeverra.cn,https://echeverra.cn,https://echeverra.cn/feed,2026-05-13T08:48:11+00:00,2,3,10,10,active
blog.hikariyo.net,https://blog.hikariyo.net/,https://blog.hikariyo.net/atom.xml,2026-05-13T08:46:00+00:00,10,20,20,20,very_active
blog.sdy666.icu,https://blog.sdy666.icu,https://blog.sdy666.icu/atom.xml,2026-05-12T20:00:00+00:00,15,16,17,20,very_active
blog.ansonq.com,https://blog.ansonq.com/,https://blog.ansonq.com/atom.xml,2026-05-12T16:10:00+00:00,2,3,13,15,active
wangyunzi.com,https://wangyunzi.com,https://wangyunzi.com/feed.xml,2026-05-12T13:59:48+08:00,4,6,11,166,very_active
sumi233.top,https://www.sumi233.top,https://www.sumi233.top/rss.xml,2026-05-12T12:00:00+00:00,3,14,30,30,very_active
carm.cc,https://www.carm.cc/,https://www.carm.cc/feed,2026-05-12T11:30:00+00:00,2,2,2,35,active
rainview.net,https://rainview.net,https://rainview.net/rss.xml,2026-05-12T11:03:48+00:00,3,3,11,20,very_active
note.moxiify.cn,https://note.moxiify.cn,https://note.moxiify.cn/feed,2026-05-12T10:37:00+08:00,1,3,5,10,active
blog.iqzhi.com,https://blog.iqzhi.com,https://blog.iqzhi.com/index.xml,2026-05-12T10:11:58+08:00,1,1,1,10,active
sunnyfly.com,https://www.sunnyfly.com/,https://www.sunnyfly.com/feed,2026-05-12T03:40:36+00:00,1,1,1,10,active
mriansy.cn,https://www.mriansy.cn,https://www.mriansy.cn/feed,2026-05-12T03:37:00+08:00,2,2,3,5,active
blog.chyk.ink,https://blog.chyk.ink,https://blog.chyk.ink/atom.xml,2026-05-12T03:11:23+00:00,2,2,5,20,active
lishuhang.me,https://lishuhang.me/,https://lishuhang.me/feed,2026-05-12T00:00:00+00:00,8,17,20,20,very_active
acchw.top,https://acchw.top,https://acchw.top/atom.xml,2026-05-11T14:00:00+00:00,3,3,5,20,very_active
shrinken.pw,https://shrinken.pw,https://shrinken.pw/feed,2026-05-11T11:53:00+00:00,1,2,4,9,active
b.ncii.cn,https://b.ncii.cn/,https://b.ncii.cn/rss.xml,2026-05-11T03:26:04+00:00,6,20,20,20,very_active
jdzhao.com,https://jdzhao.com,https://jdzhao.com/feed,2026-05-10T14:53:54+00:00,2,2,6,10,active
santisify.top,https://santisify.top/,https://santisify.top/rss.xml,2026-05-10T14:33:38+00:00,3,5,14,50,very_active
denvoshome.xyz,https://www.denvoshome.xyz/,https://www.denvoshome.xyz/atom.xml,2026-05-10T13:16:01+00:00,3,5,10,20,very_active
shiyin.cafe,https://shiyin.cafe/,https://shiyin.cafe/rss.xml,2026-05-10T13:10:42+00:00,5,6,8,10,very_active
seandictionary.top,https://seandictionary.top/,https://seandictionary.top/feed,2026-05-10T12:40:53+00:00,1,2,4,10,active
blog.mcxiaochen.top,https://blog.mcxiaochen.top/,https://blog.mcxiaochen.top/rss.xml,2026-05-09T11:12:58+00:00,4,5,26,26,very_active
thyuu.com,https://www.thyuu.com,https://www.thyuu.com/feed,2026-05-09T10:26:24+00:00,4,5,5,5,very_active
blog.imzy.ink,https://blog.imzy.ink,https://blog.imzy.ink/feed,2026-05-09T08:51:43+00:00,2,2,2,10,active
yourlai.com,https://yourlai.com,https://yourlai.com/feed,2026-05-09T02:59:35+00:00,4,10,10,10,very_active
lyt0112.com,https://www.lyt0112.com,https://www.lyt0112.com/rss.xml,2026-05-09T02:51:00+00:00,6,9,16,40,very_active
xd.sh.cn,https://xd.sh.cn,https://xd.sh.cn/feed,2026-05-09T02:00:00+00:00,4,5,10,10,very_active
laokbk.cn,https://laokbk.cn,https://laokbk.cn/feed,2026-05-08T21:58:03+08:00,10,10,10,10,very_active
4ading.com,https://4ading.com,https://4ading.com/atom.xml,2026-05-08T14:37:34+00:00,1,9,12,20,active
inkss.cn,https://inkss.cn/,https://inkss.cn/feed,2026-05-08T03:55:00+00:00,1,1,8,50,active
blog.ai-nous.com,https://blog.ai-nous.com/,https://blog.ai-nous.com/rss.xml,2026-05-08T00:00:00+00:00,9,18,27,27,very_active
ysicing.me,https://ysicing.me,https://ysicing.me/rss.xml,2026-05-07T21:40:50+08:00,8,15,20,20,very_active
hollowman.cn,https://hollowman.cn,https://hollowman.cn/feed,2026-05-07T14:43:00+08:00,4,10,10,10,very_active
lner.top,https://lner.top,https://lner.top/rss.xml,2026-05-07T06:55:32+00:00,3,10,14,23,very_active
amisblog.cn,https://www.amisblog.cn,https://www.amisblog.cn/rss.xml,2026-05-07T05:10:00+00:00,8,12,12,12,very_active
pengs.top,https://pengs.top/,https://pengs.top/atom.xml,2026-05-07T04:20:46+00:00,6,10,20,20,very_active
blog.teadrink.me,https://blog.teadrink.me/,https://blog.teadrink.me/rss.xml,2026-05-07T00:00:00+00:00,3,11,12,12,very_active
baozongwi.xyz,https://baozongwi.xyz/,https://baozongwi.xyz/index.xml,2026-05-06T11:29:09+08:00,8,8,8,8,very_active
blog.musnow.top,https://blog.musnow.top,https://blog.musnow.top/atom.xml,2026-05-06T09:43:00+00:00,4,7,20,20,very_active
blog.mugzx.top,https://blog.mugzx.top,https://blog.mugzx.top/atom.xml,2026-05-06T09:02:31+00:00,3,5,13,14,very_active
umb.ink,https://umb.ink/,https://umb.ink/feed.xml,2026-05-06T05:38:52+00:00,1,4,6,37,active
sszsj.com,https://sszsj.com,https://sszsj.com/atom.xml,2026-05-06T03:31:50+00:00,2,5,9,20,active
shape.kloudy.cn,https://shape.kloudy.cn,https://shape.kloudy.cn/feed,2026-05-06T00:05:46+00:00,1,4,10,10,active
kulafan.com,https://www.kulafan.com/,https://www.kulafan.com/atom.xml,2026-05-06T00:00:00+00:00,4,5,17,73,very_active
zxs.me,https://zxs.me,https://zxs.me/feed,2026-05-05T19:25:27+08:00,2,3,10,10,active
kumosya.top,https://kumosya.top,https://kumosya.top/atom.xml,2026-05-05T16:00:00+00:00,2,6,15,20,active
bear556.top,https://www.bear556.top,https://www.bear556.top/rss.xml,2026-05-05T13:58:59+00:00,3,3,5,22,very_active
anye.xyz,https://www.anye.xyz,https://www.anye.xyz/rss.xml,2026-05-05T09:43:47+00:00,1,3,13,50,active
blog.mhuig.top,https://blog.mhuig.top,https://blog.mhuig.top/atom.xml,2026-05-05T03:51:00+00:00,2,2,4,72,active
logdict.com,https://www.logdict.com,https://www.logdict.com/rss.xml,2026-05-05T01:28:20+08:00,4,12,23,60,very_active
youhuge.site,https://youhuge.site/,https://youhuge.site/feed,2026-05-04T22:36:35+08:00,1,2,10,10,active
fish9.cn,https://www.fish9.cn,https://www.fish9.cn/feed,2026-05-04T20:45:00+08:00,1,2,3,10,active
blog.hxrch.top,https://blog.hxrch.top,https://blog.hxrch.top/rss.xml,2026-05-04T16:17:42+00:00,1,4,13,26,active
blog.andyjin.website,https://blog.andyjin.website,https://blog.andyjin.website/atom.xml,2026-05-04T15:02:00+00:00,1,6,8,13,active
foolishfox.cn,https://foolishfox.cn,https://foolishfox.cn/atom.xml,2026-05-04T12:39:06+00:00,3,4,5,10,very_active
blog.starsharbor.com,https://blog.starsharbor.com/,https://blog.starsharbor.com/atom.xml,2026-05-04T09:30:00+00:00,1,2,9,10,active
linexic.top,https://linexic.top/,https://linexic.top/rss.xml,2026-05-04T00:00:00+00:00,3,7,20,43,very_active
blog.tdrme.cn,https://blog.tdrme.cn/,https://blog.tdrme.cn/rss.xml,2026-05-03T16:00:00+00:00,2,3,6,10,active
lyrashore.com,https://lyrashore.com,https://lyrashore.com/rss.xml,2026-05-03T08:00:00+00:00,20,20,20,20,very_active
blog.sky390.cn,https://blog.sky390.cn,https://blog.sky390.cn/feed,2026-05-03T03:00:00+00:00,3,3,4,10,very_active
blog.yaten.xyz,https://blog.yaten.xyz,https://blog.yaten.xyz/index.xml,2026-05-02T22:52:30+08:00,6,6,6,6,very_active
jdjwzx233.cn,https://www.jdjwzx233.cn,https://www.jdjwzx233.cn/rss.xml,2026-05-02T22:46:09+08:00,1,1,1,25,active
biibii.cn,https://www.biibii.cn,https://www.biibii.cn/feed,2026-05-02T17:24:00+08:00,3,9,10,10,very_active
blog.veitzn.top,https://blog.veitzn.top,https://blog.veitzn.top/feed,2026-05-02T11:14:36+00:00,7,10,10,10,very_active
blog.dhbxs.top,https://blog.dhbxs.top,https://blog.dhbxs.top/atom.xml,2026-05-02T07:00:00+00:00,3,3,6,13,very_active
ycyc.win,"https://ycyc.win",https://ycyc.win/atom.xml,2026-05-02T04:59:00+00:00,1,1,5,20,active
leo2011.eu.org,https://leo2011.eu.org/,https://leo2011.eu.org/atom.xml,2026-05-02T02:31:53+00:00,1,2,9,56,active
xscnet.cn,https://www.xscnet.cn/,https://www.xscnet.cn/atom.xml,2026-05-01T16:00:00+00:00,6,9,15,37,very_active
blog.cancin.cn,https://blog.cancin.cn/,https://blog.cancin.cn/atom.xml,2026-05-01T15:12:12+00:00,3,6,7,20,very_active
lab.gb0.dev,https://lab.gb0.dev,https://lab.gb0.dev/rss.xml,2026-05-01T15:02:00+00:00,1,1,2,31,active
uctb.cn,https://www.uctb.cn/,https://www.uctb.cn/feed,2026-05-01T14:09:00+08:00,3,7,10,10,very_active
baipin.pw,https://baipin.pw,https://baipin.pw/feed,2026-05-01T06:10:32+00:00,4,4,6,10,very_active
blog.linyunlink.top,https://blog.linyunlink.top/,https://blog.linyunlink.top/rss.xml,2026-05-01T06:00:00+00:00,1,1,3,20,active
ttio.cc,https://ttio.cc,https://ttio.cc/feed.xml,2026-05-01T05:26:55+00:00,4,12,20,20,very_active
blog.245179.xyz,https://blog.245179.xyz/,https://blog.245179.xyz/atom.xml,2026-05-01T01:42:23+00:00,3,7,20,20,very_active
fushaolei.github.io,https://fushaolei.github.io/,https://fushaolei.github.io/index.xml,2026-05-01T00:00:00+00:00,2,8,14,56,active
puresky.top,https://www.puresky.top,https://www.puresky.top/rss.xml,2026-04-30T15:52:07+00:00,5,20,20,20,very_active
blog.kpretty.tech,https://blog.kpretty.tech,https://blog.kpretty.tech/rss.xml,2026-04-30T08:12:57+00:00,1,3,8,18,active
jiangmiemie.com,https://www.jiangmiemie.com,https://www.jiangmiemie.com/blog/rss.xml,2026-04-30T00:00:00+00:00,1,3,4,14,active
hiripple.com,https://hiripple.com/zh,https://hiripple.com/feed.xml,2026-04-30T00:00:00+00:00,6,9,24,116,very_active
blog.kevinchu.top,https://blog.kevinchu.top,https://blog.kevinchu.top/atom.xml,2026-04-29T21:44:27+00:00,2,2,2,20,active
qiulaidongfeng.github.io,https://qiulaidongfeng.github.io/,https://qiulaidongfeng.github.io/atom.xml,2026-04-29T16:12:58+08:00,2,14,34,52,active
diyun.site,https://www.diyun.site/,https://www.diyun.site/rss.xml,2026-04-29T08:58:59+00:00,3,6,17,20,very_active
zouht.com,https://www.zouht.com,https://www.zouht.com/feed,2026-04-29T03:58:55+00:00,1,4,10,10,active
mofan212.github.io,https://mofan212.github.io/,https://mofan212.github.io/atom.xml,2026-04-28T16:00:00+00:00,1,5,14,20,active
blog.180280.xyz,https://blog.180280.xyz/,https://blog.180280.xyz/atom.xml,2026-04-28T11:19:39+00:00,8,16,20,20,very_active
beyondxin.top,https://www.beyondxin.top/navigation,https://www.beyondxin.top/rss.xml,2026-04-28T00:00:00+00:00,5,8,8,24,very_active
blog.simonsun.cc,https://blog.simonsun.cc/,https://blog.simonsun.cc/feed,2026-04-28T00:00:00+00:00,4,6,6,6,very_active
blog.guuguai.site,https://blog.guuguai.site/,https://blog.guuguai.site/atom.xml,2026-04-27T16:35:30+00:00,1,4,4,19,active
dyzmj.top,https://www.dyzmj.top,https://www.dyzmj.top/rss.xml,2026-04-27T12:14:38+00:00,16,16,16,16,very_active
blog.dominoh.com,https://blog.dominoh.com,https://blog.dominoh.com/atom.xml,2026-04-27T12:13:13.087000+00:00,1,2,14,20,active
kiko2568.top,https://kiko2568.top/,https://kiko2568.top/rss.xml,2026-04-26T20:50:32+00:00,6,6,6,19,very_active
space.fosky.top,https://space.fosky.top,https://space.fosky.top/feed,2026-04-26T09:13:41+00:00,1,2,2,10,active
blog.goatpretty.com,https://blog.goatpretty.com/,https://blog.goatpretty.com/rss.xml,2026-04-26T00:00:00+00:00,4,12,16,16,very_active
moriform.com,https://moriform.com,https://moriform.com/feed,2026-04-25T22:04:27+00:00,2,6,10,10,active
bkryofu.cn,https://bkryofu.cn,https://bkryofu.cn/atom.xml,2026-04-25T12:29:34+00:00,1,3,9,20,active
blog.wyc.cc,https://blog.wyc.cc,https://blog.wyc.cc/rss.xml,2026-04-25T08:00:00+00:00,11,16,23,32,very_active
blog.fengyunji.site,https://blog.fengyunji.site,https://blog.fengyunji.site/atom.xml,2026-04-25T02:21:19+00:00,3,6,15,20,very_active
0x3f.foo,https://www.0x3f.foo,https://www.0x3f.foo/rss.xml,2026-04-25T00:00:00+00:00,3,10,17,148,very_active
arcwolf.top,https://www.arcwolf.top,https://www.arcwolf.top/rss.xml,2026-04-25T00:00:00+00:00,3,10,10,10,very_active
cloud.sd.cn,https://cloud.sd.cn/,https://cloud.sd.cn/feed,2026-04-24T22:36:00+08:00,1,4,10,10,active
烫烫烫的锟斤拷.top,https://烫烫烫的锟斤拷.top/,https://烫烫烫的锟斤拷.top/atom.xml,2026-04-24T19:06:01+00:00,2,4,5,32,active
lomtom.cn,https://lomtom.cn,https://lomtom.cn/rss.xml,2026-04-23T08:20:00+00:00,1,1,9,105,active
cynosura.one,https://cynosura.one,https://cynosura.one/rss.xml,2026-04-22T17:00:00+00:00,3,5,5,20,very_active
blog.tsio.top,https://blog.tsio.top,https://blog.tsio.top/rss.xml,2026-04-22T15:25:00+00:00,2,5,18,20,active
blog.ciriu.com,https://blog.ciriu.com,https://blog.ciriu.com/atom.xml,2026-04-22T10:22:47+00:00,2,3,12,21,active
blog.colix.cn,https://blog.colix.cn,https://blog.colix.cn/rss.xml,2026-04-22T00:00:00+00:00,2,3,5,11,active
blog.xcnya.cn,https://blog.xcnya.cn,https://blog.xcnya.cn/feed,2026-04-21T16:14:56+00:00,1,3,4,10,active
kirito.info,https://www.kirito.info,https://www.kirito.info/index.xml,2026-04-21T13:35:46+00:00,1,1,2,10,active
x8xx.cn,https://www.x8xx.cn,https://www.x8xx.cn/feed,2026-04-21T07:38:27+00:00,4,5,9,10,very_active
blog.hehouhui.cn,https://blog.hehouhui.cn/,https://blog.hehouhui.cn/feed,2026-04-21T00:00:00+00:00,2,6,6,6,active
yisibuwang.top,https://www.yisibuwang.top/,https://www.yisibuwang.top/rss.xml,2026-04-21T00:00:00+00:00,6,11,14,24,very_active
liupj.top,https://liupj.top,https://liupj.top/atom.xml,2026-04-21T00:00:00+00:00,2,9,13,20,active
boiltask.com,https://boiltask.com,https://boiltask.com/index.xml,2026-04-20T19:41:17+08:00,6,30,50,674,very_active
blog.qiyuor2.me,https://blog.qiyuor2.me,https://blog.qiyuor2.me/rss.xml,2026-04-20T12:03:33+00:00,1,1,8,50,active
gwy.fun,https://gwy.fun,https://gwy.fun/feed,2026-04-20T02:23:31+00:00,1,4,10,10,active
xcshare.site,https://xcshare.site,https://xcshare.site/feed,2026-04-19T22:28:51+08:00,3,4,10,10,very_active
7boe.top,https://7boe.top,https://7boe.top/rss.xml,2026-04-19T16:05:00+00:00,1,1,2,100,active
lincol29.cn,https://www.lincol29.cn,https://www.lincol29.cn/feed,2026-04-19T13:46:12+00:00,1,5,14,15,active
moreality.net,https://moreality.net,https://moreality.net/atom.xml,2026-04-19T12:07:26.177000+00:00,2,2,3,52,active
chenhe.me,https://chenhe.me,https://chenhe.me/rss.xml,2026-04-18T21:32:00+00:00,1,1,1,1,active
shimmerl.top,https://www.shimmerl.top,https://www.shimmerl.top/rss.xml,2026-04-18T17:50:00+00:00,3,5,18,112,very_active
blog.moyanjdc.top,https://blog.moyanjdc.top/,https://blog.moyanjdc.top/feed,2026-04-18T14:36:58+00:00,2,3,9,10,active
oatse.com,https://www.oatse.com,https://www.oatse.com/rss.xml,2026-04-18T14:24:21+00:00,1,20,20,20,active
blog.qgmzmy.me,https://blog.qgmzmy.me,https://blog.qgmzmy.me/feed,2026-04-18T08:53:01+00:00,1,1,3,47,active
blog.awaae001.top,https://blog.awaae001.top/,https://blog.awaae001.top/atom.xml,2026-04-18T00:13:22+00:00,2,3,3,45,active
blog.7003410.xyz,https://blog.7003410.xyz,https://blog.7003410.xyz/rss.xml,2026-04-18T00:00:00+00:00,1,4,12,14,active
arlulu.com,https://arlulu.com,https://arlulu.com/feed,2026-04-17T15:37:40+00:00,9,9,10,10,very_active
elisky.cn,https://elisky.cn,https://elisky.cn/rss.xml,2026-04-17T02:05:00+08:00,2,21,25,40,active
volatile.qzz.io,https://volatile.qzz.io/,https://volatile.qzz.io/rss.xml,2026-04-17T00:00:00+00:00,16,19,23,23,very_active
ecwuuuuu.com,https://ecwuuuuu.com,https://ecwuuuuu.com/index.xml,2026-04-16T22:00:00+01:00,1,7,12,72,active
blog.0xd00.com,https://blog.0xd00.com,https://blog.0xd00.com/rss.xml,2026-04-16T16:40:00+00:00,1,7,22,27,active
subrige.xyz,https://subrige.xyz,https://subrige.xyz/feed,2026-04-16T12:00:00+08:06,1,1,1,7,active
blog.isww.cn,https://blog.isww.cn,https://blog.isww.cn/feed,2026-04-16T00:31:00+08:00,1,1,1,10,active
makuraryu.vercel.app,https://makuraryu.vercel.app,https://makuraryu.vercel.app/rss.xml,2026-04-16T00:00:00+00:00,2,12,23,38,active
blog.feng1026.top,https://blog.feng1026.top/,https://blog.feng1026.top/rss.xml,2026-04-16T00:00:00+00:00,1,2,15,15,active
kaffa.im,https://kaffa.im,https://kaffa.im/feed.xml,2026-04-15T21:52:00+08:00,2,2,4,100,active
musenxi.com,https://musenxi.com,https://musenxi.com/feed,2026-04-14T13:51:00+00:00,1,1,1,1,active
dendrobiumcgk.chat,https://www.dendrobiumcgk.chat/,https://www.dendrobiumcgk.chat/index.xml,2026-04-14T13:10:42+08:00,3,7,9,32,very_active
addesp.com,https://www.addesp.com,https://www.addesp.com/feed,2026-04-13T23:23:21+00:00,1,1,1,69,active
arc.canmi.icu,https://arc.canmi.icu/,https://arc.canmi.icu/feed,2026-04-13T19:18:28.488000+00:00,4,4,4,4,very_active
frank2019.life,"https://frank2019.life",https://frank2019.life/rss.xml,2026-04-13T16:59:00+00:00,1,5,14,20,active
vrast.cn,https://vrast.cn/,https://vrast.cn/atom.xml,2026-04-13T03:26:10+00:00,4,7,20,20,very_active
w4ter.com,https://www.w4ter.com,https://www.w4ter.com/feed.xml,2026-04-13T00:00:00+00:00,1,5,5,5,active
jinjun.top,https://www.jinjun.top/,https://www.jinjun.top/atom.xml,2026-04-12T14:25:00+08:00,1,6,8,8,active
blog.lmb.blue,https://blog.lmb.blue/,https://blog.lmb.blue/feed,2026-04-12T11:08:00+08:00,1,2,9,30,active
blog.stoh.cc,https://blog.stoh.cc/,https://blog.stoh.cc/feed,2026-04-12T09:13:00+08:00,1,7,10,10,active
xhily.com,https://www.xhily.com/,https://www.xhily.com/feed,2026-04-12T04:45:32+00:00,1,3,10,10,active
linjhs.top,https://linjhs.top/,https://linjhs.top/rss.xml,2026-04-12T04:03:00+00:00,3,11,11,20,very_active
justpureh2o.cn,https://justpureh2o.cn/,https://justpureh2o.cn/rss.xml,2026-04-12T00:00:00+00:00,2,3,7,102,active
wanglin.blog,https://wanglin.blog,https://wanglin.blog/feed,2026-04-11T23:30:00+08:00,1,1,2,10,active
seln.cn,https://seln.cn/,https://seln.cn/rss.xml,2026-04-11T22:35:14+00:00,1,11,15,15,active
blog.demius.tech,https://blog.demius.tech/,https://blog.demius.tech/index.xml,2026-04-11T21:52:54+08:00,3,4,20,20,very_active
xchere.xyz,https://www.xchere.xyz/,https://www.xchere.xyz/atom.xml,2026-04-11T14:44:06+00:00,1,5,25,59,active
blog.felicx.eu.org,https://blog.felicx.eu.org/,https://blog.felicx.eu.org/atom.xml,2026-04-11T14:25:55+00:00,1,3,10,20,active
blog.hzchu.top,https://blog.hzchu.top,https://blog.hzchu.top/rss.xml,2026-04-11T13:11:53+00:00,1,5,5,5,active
heykyo.com,https://www.heykyo.com/,https://www.heykyo.com/index.xml,2026-04-11T10:00:00+08:00,1,8,17,57,active
blogs.stephen-zhang.cn,https://blogs.stephen-zhang.cn,https://blogs.stephen-zhang.cn/index.xml,2026-04-11T02:20:31+08:00,2,3,3,10,active
maxchang.me,https://maxchang.me/,https://maxchang.me/rss.xml,2026-04-10T12:02:00+00:00,1,3,3,16,active
lapis.cafe,"https://www.lapis.cafe",https://www.lapis.cafe/rss.xml,2026-04-10T00:00:00+00:00,3,7,34,116,very_active
blog.alayedong.cn,https://blog.alayedong.cn/,https://blog.alayedong.cn/rss.xml,2026-04-10T00:00:00+00:00,2,2,6,25,active
milu.ink,"https://milu.ink",https://milu.ink/feed,2026-04-09T12:09:22+00:00,1,4,9,10,active
mubeiyizhimao.top,https://www.mubeiyizhimao.top,https://www.mubeiyizhimao.top/blog/rss.xml,2026-04-09T00:00:00+00:00,2,2,6,19,active
chenxutalk.top,https://www.chenxutalk.top,https://www.chenxutalk.top/index.xml,2026-04-08T16:53:56+08:00,1,4,12,71,active
xiaoa.me,https://xiaoa.me,https://xiaoa.me/feed,2026-04-08T10:32:00+08:00,1,6,11,13,active
devdeg.com,https://www.devdeg.com/,https://www.devdeg.com/feed,2026-04-08T03:50:26+00:00,2,3,3,10,active
blog.dort.me,https://blog.dort.me/,https://blog.dort.me/rss.xml,2026-04-07T15:11:31+00:00,1,2,3,10,active
blog.kixyu9527.com,https://blog.kixyu9527.com,https://blog.kixyu9527.com/rss.xml,2026-04-07T06:24:37+00:00,1,4,20,20,active
edony.ink,https://www.edony.ink/,https://www.edony.ink/feed,2026-04-06T19:30:51+08:00,2,9,20,20,active
ztrztr.top,https://ztrztr.top,https://ztrztr.top/feed,2026-04-06T11:48:43+00:00,1,4,10,10,active
blog.zhecydn.asia,https://blog.zhecydn.asia/,https://blog.zhecydn.asia/feed,2026-04-06T11:12:05+00:00,1,8,8,30,active
blog.aulypc0x0.online,https://blog.aulypc0x0.online/,https://blog.aulypc0x0.online/rss.xml,2026-04-06T00:00:00+00:00,2,7,23,81,active
blog.zhoujump.club,https://blog.zhoujump.club/,https://blog.zhoujump.club/index.xml,2026-04-06T00:00:00+00:00,1,2,4,25,active
eofs791.github.io,https://eofs791.github.io,https://eofs791.github.io/atom.xml,2026-04-05T17:26:50+00:00,1,4,19,39,active
blog.hpcesia.com,https://blog.hpcesia.com/,https://blog.hpcesia.com/rss.xml,2026-04-05T15:57:23+00:00,1,2,6,36,active
mnzn.me,https://mnzn.me,https://mnzn.me/index.xml,2026-04-05T15:41:04+08:00,3,4,9,15,very_active
timochan.cn,https://www.timochan.cn,https://www.timochan.cn/feed,2026-04-05T15:38:27+00:00,2,2,5,10,active
blog.mauve.icu,https://blog.mauve.icu,https://blog.mauve.icu/rss.xml,2026-04-04T16:43:38+00:00,1,4,5,148,active
b.wihi.top,https://b.wihi.top,https://b.wihi.top/atom.xml,2026-04-04T12:43:48+00:00,2,4,12,20,active
blog.kokomi.me,https://blog.kokomi.me,https://blog.kokomi.me/atom.xml,2026-04-04T04:00:34+00:00,1,1,2,20,active
liuyude.com,https://liuyude.com,https://liuyude.com/feed,2026-04-04T01:24:41+00:00,3,4,4,20,very_active
blog.skihome.xyz,https://blog.skihome.xyz,https://blog.skihome.xyz/feed,2026-04-03T14:40:00+08:00,3,4,5,10,very_active
treemoe.cn,https://www.treemoe.cn,https://www.treemoe.cn/feed,2026-04-03T10:44:00+00:00,1,9,10,10,active
saneko.me,https://saneko.me/,https://saneko.me/rss.xml,2026-04-03T09:04:08+00:00,1,2,12,47,active
manshaoco.com,https://www.manshaoco.com,https://www.manshaoco.com/feed,2026-04-03T02:59:46+00:00,1,1,1,10,active
cheng.st,https://cheng.st,https://cheng.st/atom.xml,2026-04-03T00:00:00+00:00,2,7,7,20,active
rainmorime.com,https://rainmorime.com,https://rainmorime.com/rss.xml,2026-04-03T00:00:00+00:00,2,5,6,8,active
oldcrocodile.space,https://www.oldcrocodile.space/,https://www.oldcrocodile.space/feed,2026-04-02T15:57:34+00:00,1,2,3,10,active
hongliu.icu,https://hongliu.icu,https://hongliu.icu/rss.xml,2026-04-02T11:16:34+00:00,4,14,20,20,very_active
blog.imlast.top,https://blog.imlast.top,https://blog.imlast.top/atom.xml,2026-04-01T08:39:00+00:00,1,5,7,20,active
blog.sotkg.com,https://blog.sotkg.com,https://blog.sotkg.com/atom.xml,2026-04-01T06:00:00+00:00,2,4,22,38,active
fang.blog.miri.site,https://fang.blog.miri.site,https://fang.blog.miri.site/feed,2026-04-01T00:00:00+08:00,1,2,3,11,active
lik.cc,https://www.lik.cc/,https://www.lik.cc/rss.xml,2026-03-31T16:04:16+00:00,2,5,18,20,active
nonedata.com,https://www.nonedata.com,https://www.nonedata.com/atom.xml,2026-03-31T00:00:00+00:00,1,6,6,10,active
finley.top,https://www.finley.top/,https://www.finley.top/rss.xml,2026-03-30T10:20:22+00:00,2,3,4,20,active
pwsz.com,https://pwsz.com/,https://pwsz.com/feed,2026-03-30T03:05:14+00:00,1,7,14,30,active
blog.moeqy.com,https://blog.moeqy.com/,https://blog.moeqy.com/rss.xml,2026-03-29T13:35:00+08:00,1,2,6,20,active
ghostchu.com,https://www.ghostchu.com,https://www.ghostchu.com/feed,2026-03-28T22:40:18+00:00,1,3,3,10,active
lihaoyu.cn,https://www.lihaoyu.cn,https://www.lihaoyu.cn/atom.xml,2026-03-28T21:22:44+00:00,1,3,5,59,active
i.duckxu.com,https://i.duckxu.com,https://i.duckxu.com/feed,2026-03-28T15:48:00+08:00,1,2,8,10,active
peter267.github.io,https://peter267.github.io,https://peter267.github.io/atom.xml,2026-03-28T04:00:00+00:00,1,4,17,25,active
kissthisrain.cn,https://www.kissthisrain.cn/,https://www.kissthisrain.cn/rss.xml,2026-03-27T09:11:46+00:00,1,4,10,20,active
denki.top,https://denki.top/,https://denki.top/rss.xml,2026-03-26T23:40:00+00:00,2,2,8,20,active
blog.qaiu.top,https://blog.qaiu.top,https://blog.qaiu.top/feed,2026-03-26T16:25:07+00:00,1,4,6,20,active
blog.chentao1006.com,https://blog.chentao1006.com/,https://blog.chentao1006.com/feed,2026-03-26T06:42:37+00:00,1,2,5,20,active
owo.cab,https://owo.cab,https://owo.cab/feed,2026-03-26T01:51:27+00:00,1,1,5,10,active
libmbr.com,https://www.libmbr.com,https://www.libmbr.com/atom.xml,2026-03-25T04:13:59+00:00,1,2,10,20,active
huluohu.com,https://www.huluohu.com,https://www.huluohu.com/feed,2026-03-25T00:00:58+00:00,2,8,8,8,active
fiammanda.com,https://fiammanda.com/,https://fiammanda.com/feed.xml,2026-03-25T00:00:00+08:00,2,2,5,11,active
2star.top,https://2star.top,https://2star.top/rss.xml,2026-03-24T16:00:00+00:00,2,5,14,20,active
watermelonabc.top,https://watermelonabc.top/,https://watermelonabc.top/atom.xml,2026-03-24T12:22:30+00:00,3,5,20,20,very_active
kzhik.cn,https://www.kzhik.cn,https://www.kzhik.cn/rss.xml,2026-03-24T11:28:25+00:00,1,2,11,13,active
xiaoxi.ac.cn,https://www.xiaoxi.ac.cn,https://www.xiaoxi.ac.cn/feed,2026-03-23T00:00:00+00:00,1,15,18,18,active
dogeas.club,https://dogeas.club,https://dogeas.club/feed,2026-03-22T21:02:29+00:00,1,4,10,10,active
blog.oalo.cn,https://blog.oalo.cn,https://blog.oalo.cn/feed/,2026-03-22T15:41:00+08:00,2,2,7,10,active
mengxiblog.top,https://www.mengxiblog.top,https://www.mengxiblog.top/rss.xml,2026-03-22T11:30:00+00:00,1,2,6,15,active
vichain.cn,https://vichain.cn,https://vichain.cn/feed,2026-03-21T21:02:00+08:00,1,1,10,10,active
codeqihan.com,https://www.codeqihan.com,https://www.codeqihan.com/atom.xml,2026-03-21T17:58:00+00:00,1,2,5,20,active
blog.chino.mom,https://blog.chino.mom,https://blog.chino.mom/feed,2026-03-21T16:01:31+00:00,2,2,2,2,active
fat-old-eight.github.io,https://fat-old-eight.github.io,https://fat-old-eight.github.io/feed.xml,2026-03-21T00:00:00+00:00,1,1,1,10,active
blog.xavierskip.com,https://blog.xavierskip.com/,https://blog.xavierskip.com/feed,2026-03-20T00:00:00+00:00,1,2,3,154,active
diraw.top,https://diraw.top/,https://diraw.top/atom.xml,2026-03-19T13:47:00+00:00,1,7,20,20,active
blog.zhilu.cyou,https://blog.zhilu.cyou,https://blog.zhilu.cyou/atom.xml,2026-03-18T16:31:04+00:00,1,2,5,50,active
wp.qwq2022.top,https://wp.qwq2022.top,https://wp.qwq2022.top/feed,2026-03-18T06:21:11+00:00,1,5,10,10,active
yunxge.cn,https://www.yunxge.cn,https://www.yunxge.cn/rss.xml,2026-03-17T09:33:39+00:00,1,1,8,163,active
r1n.top,https://r1n.top,https://r1n.top/atom.xml,2026-03-17T08:53:42+00:00,1,1,2,20,active
nkns.cc,https://nkns.cc,https://nkns.cc/rss.xml,2026-03-16T13:30:01+00:00,1,1,6,13,active
miaoer.net,https://www.miaoer.net,https://www.miaoer.net/feed,2026-03-16T10:49:59+00:00,1,5,10,10,active
malei.net,https://www.malei.net,https://www.malei.net/index.xml,2026-03-16T10:33:00+08:00,1,1,2,46,active
cn059.com,https://www.cn059.com,https://www.cn059.com/feed,2026-03-16T01:29:28+00:00,1,1,10,10,active
blog.sakurasou.io,https://blog.sakurasou.io,https://blog.sakurasou.io/rss.xml,2026-03-15T14:08:34+00:00,1,2,3,20,active
moexc.com,https://moexc.com/,https://moexc.com/feed,2026-03-15T10:33:00+00:00,1,1,2,10,active
blog.jkl.asia,https://blog.jkl.asia,https://blog.jkl.asia/atom.xml,2026-03-15T08:10:50+00:00,2,6,6,53,active
geekery.cn,"https://www.geekery.cn/",https://www.geekery.cn/rss.xml,2026-03-15T06:01:05+00:00,14,18,44,100,very_active
onlytl.com,"https://onlytl.com/",https://onlytl.com/rss.xml,2026-03-15T04:34:00+00:00,1,17,18,20,active
nbbnbb.com.cn,https://www.nbbnbb.com.cn/,https://www.nbbnbb.com.cn/rss.xml,2026-03-15T00:00:00+00:00,7,7,7,7,very_active
xingpingcn.top,https://xingpingcn.top,https://xingpingcn.top/rss.xml,2026-03-15T00:00:00+00:00,1,1,2,22,active
imjipa.top,https://imjipa.top,https://imjipa.top/feed,2026-03-13T14:22:34+00:00,2,4,8,10,active
ooowl.net,https://www.ooowl.net/,https://www.ooowl.net/rss.xml,2026-03-13T00:00:00+00:00,1,3,11,18,active
mirari.cc,https://mirari.cc/,https://mirari.cc/atom.xml,2026-03-12T18:04:02.969000+00:00,45,45,45,45,very_active
exister.tk,https://exister.tk,https://exister.tk/atom.xml,2026-03-12T12:11:00+00:00,1,3,8,10,active
icl.site,https://www.icl.site,https://www.icl.site/atom.xml,2026-03-11T22:57:51+08:00,1,3,7,20,active
xn--yetq47i.top,https://www.xn--yetq47i.top/,https://www.xn--yetq47i.top/feed,2026-03-11T16:41:00+08:00,1,4,5,10,active
java78.com,https://www.java78.com,https://www.java78.com/rss.xml,2026-03-11T15:07:48+00:00,1,20,20,20,active
blog.loveyou.moe,https://blog.loveyou.moe,https://blog.loveyou.moe/atom.xml,2026-03-11T15:00:00+00:00,1,1,1,1,active
qubik65536.top,https://qubik65536.top,https://qubik65536.top/rss.xml,2026-03-11T02:21:56+00:00,1,2,3,16,active
skae.top,https://skae.top/,https://skae.top/index.xml,2026-03-11T00:00:00+00:00,1,2,3,29,active
blog.moew.xyz,https://blog.moew.xyz,https://blog.moew.xyz/atom.xml,2026-03-10T19:07:26+00:00,2,6,6,20,active
qijieya.cn,https://qijieya.cn,https://qijieya.cn/rss.xml,2026-03-10T18:57:46+00:00,1,3,6,20,active
neutrino7.top,https://neutrino7.top,https://neutrino7.top/atom.xml,2026-03-09T14:59:59+00:00,1,2,5,20,active
hovthen.com,https://www.hovthen.com,https://www.hovthen.com/feed,2026-03-09T13:17:00+00:00,1,1,10,11,active
maikire.xyz,https://maikire.xyz/,https://maikire.xyz/rss.xml,2026-03-09T12:00:00+08:00,1,5,7,20,active
blog.clearligh.top,https://blog.clearligh.top,https://blog.clearligh.top/rss.xml,2026-03-09T06:45:00+00:00,1,6,6,6,active
smallsmallq.com,https://www.smallsmallq.com/blog,https://www.smallsmallq.com/rss.xml,2026-03-09T00:00:00+00:00,1,4,14,23,active
lxink.cn,https://www.lxink.cn/,https://www.lxink.cn/feed,2026-03-08T15:09:26+00:00,0,5,5,10,moderate
blog.dimeta.top,https://blog.dimeta.top/,https://blog.dimeta.top/rss.xml,2026-03-08T08:25:58+00:00,0,2,14,41,moderate
blog.hiyun.top,https://blog.hiyun.top,https://blog.hiyun.top/rss.xml,2026-03-08T00:00:00+00:00,0,7,28,51,moderate
blog.canmoe.com,https://blog.canmoe.com,https://blog.canmoe.com/rss.xml,2026-03-08T00:00:00+00:00,0,3,22,22,moderate
geekswg.js.cool,https://geekswg.js.cool,https://geekswg.js.cool/index.xml,2026-03-07T15:01:09+08:00,0,8,8,10,moderate
tyatt.top,https://www.tyatt.top,https://www.tyatt.top/atom.xml,2026-03-05T15:09:00+00:00,0,1,3,18,moderate
detechn.com,https://www.detechn.com,https://www.detechn.com/feed,2026-03-05T08:45:00+08:00,0,15,15,15,moderate
littlenyima.github.io,https://littlenyima.github.io,https://littlenyima.github.io/atom.xml,2026-03-04T10:26:05+00:00,0,1,6,20,moderate
blog.fis.ink,https://blog.fis.ink/,https://blog.fis.ink/atom.xml,2026-03-04T00:00:00+00:00,0,2,18,39,moderate
blog.ninc.top,https://blog.ninc.top,https://blog.ninc.top/rss.xml,2026-03-04T00:00:00+00:00,0,1,6,10,moderate
liunian.cc,https://www.liunian.cc/,https://www.liunian.cc/feed,2026-03-02T09:36:38+00:00,0,3,4,6,moderate
careful.fyi,https://careful.fyi,https://careful.fyi/atom.xml,2026-03-02T06:15:22+00:00,0,1,2,10,moderate
cheapy.top,https://cheapy.top,https://cheapy.top/feed,2026-03-01T14:11:35+00:00,0,1,3,15,moderate
1ning.cn,https://www.1ning.cn/,https://www.1ning.cn/feed,2026-02-28T21:12:15+08:00,0,1,2,10,moderate
97772.top,https://97772.top,https://97772.top/feed,2026-02-28T13:13:00+08:00,0,1,4,9,moderate
xsl.im,https://www.xsl.im,https://www.xsl.im/atom.xml,2026-02-28T12:54:12+00:00,0,4,45,50,moderate
duanxiansen.com,https://www.duanxiansen.com/,https://www.duanxiansen.com/feed,2026-02-28T04:23:14+00:00,0,4,10,10,moderate
qninq.cn,https://qninq.cn,https://qninq.cn/feed/,2026-02-27T14:24:00+08:00,0,5,10,12,moderate
yfzhu.cn,https://yfzhu.cn,https://yfzhu.cn/rss.xml,2026-02-27T14:08:00+00:00,0,1,1,40,moderate
yrian.top,https://www.yrian.top/,https://www.yrian.top/atom.xml,2026-02-27T13:24:22+00:00,0,2,5,20,moderate
blog.imxizhen.cn,https://blog.imxizhen.cn,https://blog.imxizhen.cn/rss.xml,2026-02-27T00:00:00+00:00,0,4,10,26,moderate
boysec.cn,https://www.boysec.cn/,https://www.boysec.cn/atom.xml,2026-02-26T04:26:25+00:00,0,2,7,20,moderate
dusays.com,https://dusays.com,https://dusays.com/atom.xml,2026-02-25T16:00:00+00:00,0,3,20,20,moderate
blog.imysen.com,https://blog.imysen.com,https://blog.imysen.com/feed,2026-02-25T15:52:37+00:00,0,2,15,32,moderate
cworld0.com,https://cworld0.com/,https://cworld0.com/rss.xml,2026-02-25T14:52:58+00:00,0,1,4,39,moderate
blog.kaiqi.wang,https://blog.kaiqi.wang,https://blog.kaiqi.wang/feed,2026-02-25T04:16:05+00:00,0,2,10,10,moderate
g-haoyu.top,https://g-haoyu.top/,https://g-haoyu.top/atom.xml,2026-02-24T13:46:10+00:00,0,1,1,20,moderate
zhengwenfeng.com,https://www.zhengwenfeng.com,https://www.zhengwenfeng.com/rss.xml,2026-02-24T11:05:52+00:00,0,2,19,106,moderate
ikuyo.dev,https://ikuyo.dev,https://ikuyo.dev/rss.xml,2026-02-24T04:21:54+00:00,0,1,2,32,moderate
tyrantg.com,https://www.tyrantg.com,https://www.tyrantg.com/feed.xml,2026-02-24T01:50:23+00:00,0,1,2,86,moderate
alampy.com,https://alampy.com/,https://alampy.com/atom.xml,2026-02-23T18:05:00+00:00,0,2,3,20,moderate
agen233.top,https://agen233.top,https://agen233.top/atom.xml,2026-02-22T21:00:00+00:00,0,1,1,20,moderate
blog.toastbubble.top,https://blog.toastbubble.top,https://blog.toastbubble.top/index.xml,2026-02-22T00:36:35+08:00,0,3,11,17,moderate
blog.hesiy.cn,https://blog.hesiy.cn,https://blog.hesiy.cn/index.xml,2026-02-21T21:14:16+08:00,0,1,1,8,moderate
suemor.com,https://suemor.com,https://suemor.com/feed,2026-02-21T12:04:18+00:00,0,3,5,10,moderate
takuron.com,https://takuron.com,https://takuron.com/index.xml,2026-02-21T00:00:00+00:00,0,2,5,33,moderate
icodeq.com,https://icodeq.com,https://icodeq.com/feed,2026-02-19T19:13:26+00:00,0,1,7,20,moderate
yuanzj.top,https://yuanzj.top,https://yuanzj.top/feed,2026-02-19T13:45:00+00:00,0,3,9,10,moderate
blog.hanta2011.top,https://blog.hanta2011.top,https://blog.hanta2011.top/atom.xml,2026-02-19T11:29:12+00:00,0,2,13,43,moderate
zhx-blog.top,https://www.zhx-blog.top/,https://www.zhx-blog.top/rss.xml,2026-02-19T00:26:00+00:00,0,1,15,16,moderate
blog.chenmyawa.top,https://blog.chenmyawa.top/,https://blog.chenmyawa.top/feed,2026-02-18T23:17:21+08:00,0,1,8,8,moderate
blog.mocn.top,https://blog.mocn.top,https://blog.mocn.top/atom.xml,2026-02-18T14:16:28.889000+00:00,0,3,8,20,moderate
moeyao.cn,https://www.moeyao.cn/,https://www.moeyao.cn/feed,2026-02-18T10:45:31+00:00,0,3,9,10,moderate
azusemisa.top,https://azusemisa.top,https://azusemisa.top/atom.xml,2026-02-18T02:25:37+00:00,0,1,1,20,moderate
bcmonomial.xyz,https://www.bcmonomial.xyz/,https://www.bcmonomial.xyz/feed,2026-02-18T01:41:00+08:00,0,4,8,10,moderate
alex1222.com,https://alex1222.com,https://alex1222.com/rss.xml,2026-02-18T00:00:00+00:00,0,1,1,32,moderate
aciano.top,https://aciano.top/,https://aciano.top/atom.xml,2026-02-17T05:23:58+00:00,0,1,2,20,moderate
nexonull.xyz,https://nexonull.xyz,https://nexonull.xyz/atom,2026-02-16T14:25:00+00:00,0,2,6,10,moderate
blog.imken.moe,https://blog.imken.moe,https://blog.imken.moe/feed,2026-02-16T12:19:27+00:00,0,2,3,10,moderate
wayjam.me,https://wayjam.me,https://wayjam.me/index.xml,2026-02-15T13:26:00+08:00,0,3,4,77,moderate
thinks365.com,https://www.thinks365.com/,https://www.thinks365.com/feed,2026-02-15T09:52:26+00:00,0,1,1,1,moderate
blog.yuse.cc,https://blog.yuse.cc,https://blog.yuse.cc/feed,2026-02-15T09:31:21+00:00,0,1,1,9,moderate
apurer.cn,https://apurer.cn,https://apurer.cn/atom.xml,2026-02-14T16:00:00+00:00,0,2,3,25,moderate
blog.yujiay.wang,https://blog.yujiay.wang,https://blog.yujiay.wang/atom.xml,2026-02-14T12:05:30+00:00,0,5,20,20,moderate
ykuee.link,https://www.ykuee.link,https://www.ykuee.link/feed,2026-02-12T08:37:38+00:00,0,1,1,10,moderate
blog.bleaz.net,https://blog.bleaz.net/,https://blog.bleaz.net/rss.xml,2026-02-12T03:49:08+00:00,0,10,20,20,moderate
blog.twelveeee.top,https://blog.twelveeee.top/,https://blog.twelveeee.top/rss.xml,2026-02-11T22:00:00+08:00,0,3,7,20,moderate
baiyuyu.com,https://www.baiyuyu.com,https://www.baiyuyu.com/feed,2026-02-11T03:52:56+00:00,0,3,3,24,moderate
qladgk.com,https://qladgk.com/,https://qladgk.com/rss.xml,2026-02-11T00:00:00+00:00,0,7,28,59,moderate
blog.opeach.cn,https://blog.opeach.cn/,https://blog.opeach.cn/atom.xml,2026-02-10T05:15:40+00:00,0,1,2,21,moderate
omn.cc,https://omn.cc,https://omn.cc/feed,2026-02-09T19:25:00+08:00,0,3,6,11,moderate
ichika.cc,https://ichika.cc,https://ichika.cc/atom.xml,2026-02-09T04:00:00+00:00,0,4,10,20,moderate
xalaok.top,https://www.xalaok.top,https://www.xalaok.top/index.xml,2026-02-08T22:45:00+08:00,0,3,4,48,moderate
axm.moe,https://axm.moe,https://axm.moe/feed,2026-02-08T21:36:11+00:00,0,2,2,10,moderate
zeeko.dev,https://zeeko.dev,https://zeeko.dev/feed,2026-02-08T09:29:57+00:00,0,8,10,10,moderate
baiwumm.com,https://baiwumm.com/,https://baiwumm.com/rss.xml,2026-02-08T07:03:54+00:00,0,5,16,20,moderate
iots.vip,https://www.iots.vip,https://www.iots.vip/atom.xml,2026-02-08T02:55:55+00:00,0,2,3,20,moderate
blog.haoye.plus,https://blog.haoye.plus/,https://blog.haoye.plus/rss.xml,2026-02-08T00:00:00+00:00,0,1,5,11,moderate
sudachi.top,https://sudachi.top,https://sudachi.top/atom.xml,2026-02-06T11:19:42+00:00,0,2,3,10,moderate
oxoxtech.com,https://www.oxoxtech.com,https://www.oxoxtech.com/rss.xml,2026-02-05T17:07:24+00:00,0,4,9,140,moderate
vespeng.com,https://vespeng.com,https://vespeng.com/rss.xml,2026-02-05T16:15:00+00:00,0,4,9,20,moderate
blog.hanlin.press,"https://blog.hanlin.press",https://blog.hanlin.press/atom.xml,2026-02-05T05:34:20+00:00,0,2,4,20,moderate
styunlen.cn,https://styunlen.cn/,https://styunlen.cn/feed,2026-02-05T04:28:33+00:00,0,1,4,10,moderate
fec.xyz,https://www.fec.xyz/,https://www.fec.xyz/feed,2026-02-04T17:17:33+00:00,0,4,5,20,moderate
blog.amoswu.top,https://blog.amoswu.top,https://blog.amoswu.top/rss.xml,2026-02-04T00:00:00+00:00,0,2,2,23,moderate
blog.ypingcn.com,https://blog.ypingcn.com,https://blog.ypingcn.com/feed.xml,2026-02-03T00:00:00+08:00,0,3,4,10,moderate
memxb.top,https://www.memxb.top,https://www.memxb.top/feed,2026-02-02T07:03:59+00:00,0,2,10,10,moderate
nelsonboss.ink,https://nelsonboss.ink,https://nelsonboss.ink/rss.xml,2026-02-02T00:00:00+00:00,0,6,9,32,moderate
zerowolf.cn,https://zerowolf.cn/,https://zerowolf.cn/feed,2026-02-01T15:06:05+00:00,0,2,3,10,moderate
joomaen.com,https://www.joomaen.com,https://www.joomaen.com/feed,2026-02-01T14:04:00+00:00,0,4,10,10,moderate
blog.fiveth.cc,https://blog.fiveth.cc/,https://blog.fiveth.cc/index.xml,2026-02-01T00:00:00+00:00,0,10,10,10,moderate
blog.mmoe.work,https://blog.mmoe.work/,https://blog.mmoe.work/rss.xml,2026-01-31T06:09:36+00:00,0,1,5,16,moderate
kegongteng.cn,https://kegongteng.cn/,https://kegongteng.cn/atom,2026-01-30T17:30:00+00:00,0,1,2,21,moderate
rqdmap.top,https://www.rqdmap.top,https://www.rqdmap.top/index.xml,2026-01-29T21:28:24+08:00,0,2,3,115,moderate
webjing.cn,https://www.webjing.cn,https://www.webjing.cn/rss.xml,2026-01-29T09:36:34+00:00,0,2,3,50,moderate
275.pub,https://www.275.pub/,https://www.275.pub/rss.xml,2026-01-29T00:00:00+00:00,0,1,8,8,moderate
cyrusblog.net,https://www.cyrusblog.net/,https://www.cyrusblog.net/feed,2026-01-28T18:17:43+00:00,0,2,5,10,moderate
dabenshi.cn,https://dabenshi.cn,https://dabenshi.cn/rss.xml,2026-01-28T15:22:05+08:00,0,1,1,10,moderate
leonxie.cn,https://www.leonxie.cn/,https://www.leonxie.cn/rss.xml,2026-01-28T03:36:51+00:00,0,1,16,20,moderate
mepic.cn,https://www.mepic.cn,https://www.mepic.cn/feed,2026-01-28T03:03:58+08:00,0,1,1,1,moderate
soulchild.cn,https://soulchild.cn,https://soulchild.cn/index.xml,2026-01-27T17:13:29+08:00,0,5,5,10,moderate
boyoung.top,https://www.boyoung.top,https://www.boyoung.top/feed,2026-01-27T15:12:00+00:00,0,2,5,10,moderate
blog.gzti.me,https://blog.gzti.me,https://blog.gzti.me/atom.xml,2026-01-27T11:50:53+00:00,0,1,2,10,moderate
blog.y1yan.com,https://blog.y1yan.com,https://blog.y1yan.com/feed,2026-01-24T23:11:54+08:00,0,1,5,10,moderate
blog.lvems.top,https://blog.lvems.top,https://blog.lvems.top/feed,2026-01-24T00:00:00+00:00,0,1,3,6,moderate
blog.wryhf.com,https://blog.wryhf.com/,https://blog.wryhf.com/rss.xml,2026-01-23T06:13:07+00:00,0,2,7,20,moderate
cclin.org,https://cclin.org,https://cclin.org/rss.xml,2026-01-22T00:00:00+00:00,0,2,7,20,moderate
blog.jiyu134.top,https://blog.jiyu134.top/,https://blog.jiyu134.top/rss.xml,2026-01-21T11:06:40+00:00,0,2,5,19,moderate
blog.elysium-stack.cn,https://blog.elysium-stack.cn,https://blog.elysium-stack.cn/rss.xml,2026-01-21T03:00:00+00:00,0,2,15,19,moderate
pandax.wiki,https://pandax.wiki,https://pandax.wiki/feed,2026-01-20T09:51:07+00:00,0,1,1,12,moderate
indulgeback.github.io,https://indulgeback.github.io,https://indulgeback.github.io/rss.xml,2026-01-20T00:00:00+00:00,0,10,10,10,moderate
linlexiao.com,https://linlexiao.com,https://linlexiao.com/atom.xml,2026-01-19T05:38:37+00:00,0,1,11,20,moderate
duanyll.com,https://duanyll.com,https://duanyll.com/atom.xml,2026-01-19T00:00:00+00:00,0,1,6,20,moderate
blog.aiheadn.cn,https://blog.aiheadn.cn/,https://blog.aiheadn.cn/rss.xml,2026-01-16T02:35:25+00:00,0,3,6,20,moderate
aibofan.com,https://aibofan.com,https://aibofan.com/feed,2026-01-15T02:15:33+00:00,0,2,3,10,moderate
okace.cn,https://www.okace.cn,https://www.okace.cn/feed,2026-01-14T23:53:00+08:00,0,2,3,11,moderate
404notfixed.cn,https://404notfixed.cn,https://404notfixed.cn/index.xml,2026-01-14T22:26:00+08:00,0,3,3,31,moderate
hadongzhu.com,https://hadongzhu.com/,https://hadongzhu.com/feed,2026-01-13T13:23:08+00:00,0,4,6,10,moderate
ajinol.com,https://www.ajinol.com,https://www.ajinol.com/rss.xml,2026-01-11T11:32:13+00:00,0,1,5,20,moderate
qrz.today,https://qrz.today,https://qrz.today/index.xml,2026-01-08T15:45:00+00:00,0,1,6,20,moderate
blog.sjtuxhw.top,https://blog.sjtuxhw.top,https://blog.sjtuxhw.top/atom.xml,2026-01-08T03:16:24+00:00,0,2,8,20,moderate
blog.uptoz.cn,https://blog.uptoz.cn/,https://blog.uptoz.cn/rss.xml,2026-01-08T02:11:13+00:00,0,1,14,20,moderate
imum.me,https://imum.me,https://imum.me/rss.xml,2026-01-07T22:36:27+08:00,0,3,9,128,moderate
thjiang.com,https://www.thjiang.com/,https://www.thjiang.com/atom.xml,2026-01-07T13:55:43+00:00,0,2,2,20,moderate
blog.cuger.cn,https://blog.cuger.cn,https://blog.cuger.cn/atom.xml,2026-01-07T03:25:00+00:00,0,1,5,107,moderate
huiyex.top,https://www.huiyex.top,https://www.huiyex.top/feed,2026-01-06T14:35:42+00:00,0,1,5,38,moderate
miyamura.top,https://miyamura.top,https://miyamura.top/atom.xml,2026-01-05T16:00:00+00:00,0,2,3,20,moderate
blog.farewe1ll.top,https://blog.farewe1ll.top,https://blog.farewe1ll.top/rss.xml,2026-01-05T00:00:00+00:00,0,13,26,31,moderate
57767.top,https://57767.top,https://57767.top/feed,2026-01-04T20:11:37+00:00,0,3,6,10,moderate
blog.yaria.top,https://blog.yaria.top,https://blog.yaria.top/feed,2026-01-04T15:21:15+00:00,0,2,6,80,moderate
gshuo.space,https://gshuo.space/,https://gshuo.space/feed,2026-01-04T07:23:02+00:00,0,1,10,12,moderate
huiris.com,https://huiris.com,https://huiris.com/feed,2026-01-04T03:04:07+00:00,0,3,10,10,moderate
blog.keaeye.fun,https://blog.keaeye.fun,https://blog.keaeye.fun/atom.xml,2026-01-02T09:24:59+00:00,0,2,6,20,moderate
ztgdblog.icu,https://ztgdblog.icu/,https://ztgdblog.icu/feed,2026-01-02T01:51:34+00:00,0,1,6,10,moderate
shifeiyu.cn,https://shifeiyu.cn,https://shifeiyu.cn/rss.xml,2026-01-01T22:47:35+00:00,0,13,13,20,moderate
zla.pub,https://zla.pub/,https://zla.pub/rss.xml,2026-01-01T00:00:01+00:00,0,2,2,24,moderate
easyf12.top,https://easyf12.top,https://easyf12.top/atom.xml,2025-12-31T20:40:56+00:00,0,1,3,20,moderate
uyoahz.cn,https://uyoahz.cn,https://uyoahz.cn/atom.xml,2025-12-31T18:00:00+00:00,0,1,1,20,moderate
champhoon.xyz,https://champhoon.xyz,https://champhoon.xyz/atom.xml,2025-12-31T15:59:59+00:00,0,1,2,84,moderate
yunyitang.me,https://www.yunyitang.me/,https://www.yunyitang.me/atom.xml,2025-12-31T10:40:33+00:00,0,2,2,18,moderate
nkmon.com,https://www.nkmon.com,https://www.nkmon.com/feed,2025-12-31T07:02:09+00:00,0,1,6,10,moderate
blog.hadream.ltd,https://blog.hadream.ltd,https://blog.hadream.ltd/feed,2025-12-31T00:00:00+00:00,0,1,8,89,moderate
blog.ehnap.com,https://blog.ehnap.com,https://blog.ehnap.com/rss.xml,2025-12-30T19:48:06+00:00,0,1,6,20,moderate
blog.starysky.top,https://blog.starysky.top,https://blog.starysky.top/atom.xml,2025-12-30T15:18:05.826000+00:00,0,5,5,5,moderate
jackcipher.github.io,https://jackcipher.github.io/,https://jackcipher.github.io/index.xml,2025-12-29T21:50:58+00:00,0,4,5,33,moderate
zanks.link,https://www.zanks.link,https://www.zanks.link/rss.xml,2025-12-29T12:17:39+00:00,0,1,4,16,moderate
pamusi.com,https://pamusi.com,https://pamusi.com/feed,2025-12-28T18:22:01+00:00,0,3,7,10,moderate
8cat.life,https://8cat.life,https://8cat.life/rss.xml,2025-12-27T00:00:00+00:00,0,2,15,17,moderate
greendolphindance.com,https://greendolphindance.com,https://greendolphindance.com/atom.xml,2025-12-26T02:23:53+00:00,0,1,4,20,moderate
blog.horonlee.com,https://blog.horonlee.com,https://blog.horonlee.com/atom.xml,2025-12-25T23:32:32+00:00,0,1,5,37,moderate
masle.top,https://masle.top,https://masle.top/atom.xml,2025-12-19T11:25:07+00:00,0,1,1,15,moderate
ww-fs.com,https://ww-fs.com,https://ww-fs.com/feed,2025-12-18T20:05:39+08:00,0,1,3,10,moderate
starlinglin.top,https://www.starlinglin.top/,https://www.starlinglin.top/rss.xml,2025-12-18T17:38:00+08:00,0,3,4,20,moderate
liaochenlanruo.fun,https://liaochenlanruo.fun,https://liaochenlanruo.fun/atom.xml,2025-12-18T11:18:18+00:00,0,3,13,20,moderate
tutouzhang.com,https://tutouzhang.com,https://tutouzhang.com/feed,2025-12-17T20:27:00+08:00,0,1,2,12,moderate
bestoko.cc,https://bestoko.cc/,https://bestoko.cc/index.xml,2025-12-14T23:28:34+08:00,0,2,4,47,moderate
gorpeln.top,https://gorpeln.top,https://gorpeln.top/feed,2025-12-14T20:53:12+08:00,0,1,9,19,moderate
shinya.click,https://shinya.click,https://shinya.click/rss.xml,2025-12-14T06:31:00+00:00,0,1,3,25,moderate
blog.wingszeng.top,https://blog.wingszeng.top,https://blog.wingszeng.top/index.xml,2025-12-13T03:20:20+08:00,0,1,4,10,moderate
paddysun.top,https://www.paddysun.top,https://www.paddysun.top/feed,2025-12-12T18:08:12+00:00,0,5,10,10,moderate
xiwangly.com,https://www.xiwangly.com,https://www.xiwangly.com/atom.xml,2025-12-12T06:21:00+00:00,0,1,1,20,moderate
tinsir888.github.io,"https://tinsir888.github.io/",https://tinsir888.github.io/atom.xml,2025-12-09T23:00:00+00:00,0,1,4,20,moderate
taurusxin.com,https://www.taurusxin.com,https://www.taurusxin.com/index.xml,2025-12-08T23:51:00+08:00,0,1,2,84,moderate
flwty.cn,https://www.flwty.cn,https://www.flwty.cn/atom.xml,2025-12-08T16:00:00+00:00,0,1,18,20,moderate
rikka.im,https://rikka.im,https://rikka.im/index.xml,2025-12-08T14:46:11+08:00,0,0,2,19,dormant
iamyukino.cn,https://iamyukino.cn,https://iamyukino.cn/rss.xml,2025-12-08T00:00:00+00:00,0,0,5,14,dormant
zheep.top,https://www.zheep.top/,https://www.zheep.top/atom.xml,2025-12-06T16:47:30+00:00,0,0,5,15,dormant
blog.lynn6.cn,https://blog.lynn6.cn,https://blog.lynn6.cn/feed.xml,2025-12-03T02:00:01+00:00,0,0,3,24,dormant
wygxmew.github.io,https://wygxmew.github.io/,https://wygxmew.github.io/index.xml,2025-12-01T08:33:25+08:00,0,0,2,80,dormant
codenebula.netlify.app,https://codenebula.netlify.app,https://codenebula.netlify.app/feed.xml,2025-12-01T00:00:00+00:00,0,0,4,26,dormant
blog.59888888.xyz,https://blog.59888888.xyz,https://blog.59888888.xyz/feed,2025-11-29T10:26:27+00:00,0,0,2,10,dormant
zair.top,https://www.zair.top/,https://www.zair.top/index.xml,2025-11-28T22:00:22+08:00,0,0,1,10,dormant
blog.revincx.icu,https://blog.revincx.icu,https://blog.revincx.icu/atom.xml,2025-11-27T18:46:20+00:00,0,0,1,20,dormant
liangbm3.site,https://liangbm3.site,https://liangbm3.site/rss.xml,2025-11-27T00:00:00+00:00,0,0,26,46,dormant
space.alex3236.moe,https://space.alex3236.moe/,https://space.alex3236.moe/feed.xml,2025-11-25T14:02:00+00:00,0,0,3,15,dormant
xze.cc,https://www.xze.cc,https://www.xze.cc/feed,2025-11-24T16:22:00+08:00,0,0,4,10,dormant
071400.xyz,https://071400.xyz/,https://071400.xyz/feed,2025-11-23T15:03:07+00:00,0,0,10,10,dormant
shimoko.com,https://www.shimoko.com,https://www.shimoko.com/index.xml,2025-11-21T05:12:45+08:00,0,0,1,40,dormant
ihkk.net,https://ihkk.net,https://ihkk.net/feed,2025-11-20T18:04:17+00:00,0,0,3,358,dormant
blog.yesord.top,"https://blog.yesord.top",https://blog.yesord.top/rss.xml,2025-11-19T02:37:43+00:00,0,0,8,20,dormant
likepoems.com,https://likepoems.com,https://likepoems.com/rss.xml,2025-11-14T16:00:00+00:00,0,0,4,20,dormant
kudou.org,https://www.kudou.org,https://www.kudou.org/feed,2025-11-13T13:36:37+00:00,0,0,6,10,dormant
blog.jiumoz.com,https://blog.jiumoz.com,https://blog.jiumoz.com/rss.xml,2025-11-11T08:31:43+00:00,0,0,2,20,dormant
nickwald.top,https://www.nickwald.top/,https://www.nickwald.top/feed,2025-11-11T00:28:21+08:00,0,0,2,10,dormant
tonyyin.top,https://tonyyin.top,https://tonyyin.top/rss.xml,2025-11-11T00:00:00+00:00,0,0,5,114,dormant
blog.boranstars.top,https://blog.boranstars.top/,https://blog.boranstars.top/rss.xml,2025-11-10T03:09:51+00:00,0,0,15,20,dormant
blog.zhwei101.com,https://blog.zhwei101.com,https://blog.zhwei101.com/atom.xml,2025-11-09T15:49:56+00:00,0,0,4,4,dormant
blog.sibaihua.com,https://blog.sibaihua.com,https://blog.sibaihua.com/feed,2025-11-08T20:18:00+08:00,0,0,3,5,dormant
blog.drpika.com,https://blog.drpika.com,https://blog.drpika.com/rss.xml,2025-11-08T00:00:00+00:00,0,0,3,35,dormant
blog.starchen.top,https://blog.starchen.top/,https://blog.starchen.top/feed,2025-11-05T03:50:20+00:00,0,0,5,10,dormant
greniray.org,https://greniray.org,https://greniray.org/feed,2025-11-02T02:22:44+00:00,0,0,1,13,dormant
panjinbo.com,https://www.panjinbo.com,https://www.panjinbo.com/index.xml,2025-11-02T00:00:00+00:00,0,0,3,36,dormant
moonlab.top,https://moonlab.top,https://moonlab.top/index.xml,2025-11-01T14:20:04+08:00,0,0,4,34,dormant
vindo.cn,https://www.vindo.cn/,https://www.vindo.cn/feed.xml,2025-11-01T00:00:00+00:00,0,0,26,32,dormant
blog.peiluming.com,https://blog.peiluming.com,https://blog.peiluming.com/feed,2025-10-31T00:57:00+00:00,0,0,3,6,dormant
home.yesord.top,https://home.yesord.top,https://home.yesord.top/atom.xml,2025-10-30T11:25:45+00:00,0,0,2,16,dormant
blog.xiaoda.fun,https://blog.xiaoda.fun,https://blog.xiaoda.fun/feed,2025-10-29T14:03:00+00:00,0,0,2,10,dormant
zyyo.net,https://zyyo.net,https://zyyo.net/feed,2025-10-29T12:14:00+08:00,0,0,2,10,dormant
blog.quenan.cn,https://blog.quenan.cn,https://blog.quenan.cn/atom.xml,2025-10-28T21:06:40+00:00,0,0,3,26,dormant
hsuyeung.com,https://www.hsuyeung.com,https://www.hsuyeung.com/feed,2025-10-27T08:51:36+00:00,0,0,3,68,dormant
blog.jerryz.com.cn,https://blog.jerryz.com.cn,https://blog.jerryz.com.cn/atom.xml,2025-10-27T08:21:14.819000+00:00,0,0,1,20,dormant
xiao-h.com,https://xiao-h.com/,https://xiao-h.com/atom.xml,2025-10-19T07:33:52+00:00,0,0,1,20,dormant
nibbles.cn,https://nibbles.cn,https://nibbles.cn/feed,2025-10-18T07:06:13+00:00,0,0,6,10,dormant
luanshiliunian.cn,https://www.luanshiliunian.cn/,https://www.luanshiliunian.cn/rss.xml,2025-10-17T09:10:38+00:00,0,0,1,12,dormant
blog.inekoxia.com,https://blog.inekoxia.com,https://blog.inekoxia.com/atom.xml,2025-10-17T07:29:00+00:00,0,0,2,20,dormant
imfurry.com,https://imfurry.com/,https://imfurry.com/feed,2025-10-16T07:13:03+00:00,0,0,1,10,dormant
bangkaixin.com,https://bangkaixin.com,https://bangkaixin.com/rss.xml,2025-10-16T06:54:56+00:00,0,0,1,20,dormant
timelate.com,https://www.timelate.com,https://www.timelate.com/feed,2025-10-15T17:56:00+08:00,0,0,2,10,dormant
xiaohanwu.com,https://www.xiaohanwu.com,https://www.xiaohanwu.com/feed,2025-10-13T09:55:44+00:00,0,0,1,10,dormant
djdog.cc,https://djdog.cc,https://djdog.cc/rss.xml,2025-10-10T00:00:00+00:00,0,0,2,19,dormant
pipuwong.com,https://pipuwong.com,https://pipuwong.com/rss.xml,2025-10-10T00:00:00+00:00,0,0,2,21,dormant
blog.stevenw.cc,https://blog.stevenw.cc,https://blog.stevenw.cc/rss.xml,2025-10-09T11:31:13+00:00,0,0,1,20,dormant
zigzagk.top,https://zigzagk.top,https://zigzagk.top/feed,2025-10-09T01:12:00+08:00,0,0,2,10,dormant
blog.ljcbaby.top,https://blog.ljcbaby.top,https://blog.ljcbaby.top/atom.xml,2025-10-07T14:09:00+00:00,0,0,1,20,dormant
voidbytes.com,https://voidbytes.com/,https://voidbytes.com/atom.xml,2025-10-05T11:35:05+00:00,0,0,4,20,dormant
blog.slhaf.work,https://blog.slhaf.work,https://blog.slhaf.work/rss.xml,2025-10-01T15:35:27+00:00,0,0,11,12,dormant
blog.chrxw.com,https://blog.chrxw.com,https://blog.chrxw.com/feed,2025-09-29T14:30:50+08:00,0,0,2,10,dormant
docs.lizili.online,https://docs.lizili.online/,https://docs.lizili.online/rss.xml,2025-09-28T12:25:28+00:00,0,0,1,69,dormant
finding.is-cool.dev,https://finding.is-cool.dev/home/,https://finding.is-cool.dev/atom.xml,2025-09-28T04:20:39+00:00,0,0,11,109,dormant
blog.likesrt.com,"https://blog.likesrt.com",https://blog.likesrt.com/rss.xml,2025-09-25T13:01:10+00:00,0,0,3,20,dormant
tiger.work,https://tiger.work/,https://tiger.work/feed,2025-09-24T00:00:00+00:00,0,0,2,15,dormant
hilxy.com,https://hilxy.com/,https://hilxy.com/rss.xml,2025-09-22T10:16:32+00:00,0,0,20,20,dormant
blog.xioxix.com,https://blog.xioxix.com/,https://blog.xioxix.com/feed,2025-09-16T09:06:52+00:00,0,0,3,10,dormant
blog.rainsin.cn,https://blog.rainsin.cn,https://blog.rainsin.cn/feed.xml,2025-09-13T22:17:10+08:00,0,0,3,6,dormant
xudadi.com,https://www.xudadi.com,https://www.xudadi.com/feed,2025-09-12T01:30:11+00:00,0,0,1,6,dormant
ygxz.in,https://www.ygxz.in,https://www.ygxz.in/feed,2025-09-09T03:37:30+00:00,0,0,1,10,dormant
lisz.me,https://lisz.me,https://lisz.me/rss.xml,2025-09-05T11:30:00+09:00,0,0,2,10,dormant
krau.top,https://krau.top,https://krau.top/atom.xml,2025-09-04T15:51:34+00:00,0,0,5,33,dormant
xmdblog.com,https://www.xmdblog.com,https://www.xmdblog.com/atom.xml,2025-09-04T12:25:48+00:00,0,0,1,15,dormant
lyszm.com,https://www.lyszm.com,https://www.lyszm.com/feed,2025-09-02T17:51:00+08:00,0,0,2,10,dormant
blog.btwoa.com,https://blog.btwoa.com/,https://blog.btwoa.com/rss.xml,2025-09-02T14:16:11+00:00,0,0,1,20,dormant
muidar.com,https://muidar.com,https://muidar.com/feed,2025-08-31T10:25:53+00:00,0,0,1,10,dormant
pysio.online,https://www.pysio.online/,https://www.pysio.online/rss.xml,2025-08-30T00:00:00+00:00,0,0,5,32,dormant
blog.xlenco.top,https://blog.xlenco.top,https://blog.xlenco.top/atom.xml,2025-08-29T09:17:49+00:00,0,0,5,23,dormant
blog.gr114.com,https://blog.gr114.com,https://blog.gr114.com/rss.xml,2025-08-26T10:36:28+00:00,0,0,7,12,dormant
taotaoiswjs.cn,https://www.taotaoiswjs.cn/,https://www.taotaoiswjs.cn/atom.xml,2025-08-26T05:47:03+00:00,0,0,2,3,dormant
blog.tibrella.space,https://blog.tibrella.space,https://blog.tibrella.space/atom.xml,2025-08-19T01:46:51+00:00,0,0,1,20,dormant
blog.shenghuo2.top,https://blog.shenghuo2.top,https://blog.shenghuo2.top/index.xml,2025-08-19T00:54:27+08:00,0,0,2,10,dormant
blog.kengwang.com.cn,https://blog.kengwang.com.cn,https://blog.kengwang.com.cn/feed,2025-08-18T08:31:00+00:00,0,0,1,10,dormant
xfsay.com,https://xfsay.com,https://xfsay.com/feed,2025-08-13T19:03:00+08:00,0,0,6,10,dormant
oyiso.cn,https://oyiso.cn,https://oyiso.cn/feed,2025-08-11T10:17:16+00:00,0,0,1,8,dormant
blog.zc.wiki,https://blog.zc.wiki,https://blog.zc.wiki/feed,2025-08-10T13:51:00+08:00,0,0,2,10,dormant
blog.butanediol.me,https://blog.butanediol.me,https://blog.butanediol.me/rss.xml,2025-08-07T00:00:00+00:00,0,0,6,14,dormant
wrye.dev,https://wrye.dev/,https://wrye.dev/rss.xml,2025-08-06T17:15:06+00:00,0,0,1,15,dormant
blog.xenoecho.top,https://blog.xenoecho.top/,https://blog.xenoecho.top/atom.xml,2025-08-06T10:04:10.480000+00:00,0,0,3,26,dormant
amber6hua.github.io,https://amber6hua.github.io,https://amber6hua.github.io/rss.xml,2025-08-06T09:54:39+08:00,0,0,1,20,dormant
blog.cusox.net,https://blog.cusox.net,https://blog.cusox.net/index.xml,2025-08-04T01:32:03+00:00,0,0,1,28,dormant
blog.study996.cn,https://blog.study996.cn,https://blog.study996.cn/rss.xml,2025-08-01T00:00:00+00:00,0,0,4,20,dormant
mizunashiutsuru.github.io,https://mizunashiutsuru.github.io/,https://mizunashiutsuru.github.io/feed,2025-07-31T00:00:00+00:00,0,0,2,10,dormant
ciniao.me,https://ciniao.me/,https://ciniao.me/feed,2025-07-29T00:00:00+08:00,0,0,1,10,dormant
zqcnc.cn,https://www.zqcnc.cn,https://www.zqcnc.cn/index.xml,2025-07-28T09:52:38+08:00,0,0,3,10,dormant
iamdt.cn,https://www.iamdt.cn,https://www.iamdt.cn/rss.xml,2025-07-27T04:15:20+00:00,0,0,2,20,dormant
ppyia.com,https://ppyia.com,https://ppyia.com/feed,2025-07-24T16:24:08+00:00,0,0,1,20,dormant
hats-land.com,https://www.hats-land.com/,https://www.hats-land.com/feed,2025-07-24T05:07:32+00:00,0,0,3,28,dormant
baihw.cn,https://baihw.cn,https://baihw.cn/atom.xml,2025-07-23T09:23:50.978000+00:00,0,0,1,20,dormant
furryowo.top,https://www.furryowo.top/,https://www.furryowo.top/feed,2025-07-23T05:54:00+00:00,0,0,1,10,dormant
koranotes.com,https://koranotes.com,https://koranotes.com/atom.xml,2025-07-21T11:52:06+08:00,0,0,2,29,dormant
blog.furen.link,https://blog.furen.link,https://blog.furen.link/atom.xml,2025-07-19T03:45:14+00:00,0,0,2,20,dormant
mnchen.cn,https://mnchen.cn/,https://mnchen.cn/atom.xml,2025-07-13T05:00:00+00:00,0,0,1,20,dormant
rong6.cn,https://rong6.cn,https://rong6.cn/rss.xml,2025-07-11T05:31:36+00:00,0,0,2,20,dormant
blog.borber.top,https://blog.borber.top/,https://blog.borber.top/index.xml,2025-07-08T17:15:44+08:00,0,0,1,26,dormant
blog.keee.top,https://blog.keee.top,https://blog.keee.top/atom.xml,2025-07-05T21:08:19+00:00,0,0,1,25,dormant
blog.meta-code.top,https://blog.meta-code.top,https://blog.meta-code.top/atom.xml,2025-07-03T12:15:26+00:00,0,0,1,15,dormant
xdull.cn,https://www.xdull.cn,https://www.xdull.cn/atom.xml,2025-07-03T11:18:44+00:00,0,0,1,10,dormant
bugbubbles.github.io,https://bugbubbles.github.io/,https://bugbubbles.github.io/atom.xml,2025-06-30T16:00:00+00:00,0,0,4,75,dormant
shirone.moe,https://shirone.moe,https://shirone.moe/rss.xml,2025-06-28T00:00:00+00:00,0,0,3,14,dormant
blog.000k.de,https://blog.000k.de/,https://blog.000k.de/rss.xml,2025-06-20T08:53:57+08:00,0,0,3,53,dormant
yvesx.com,https://www.yvesx.com,https://www.yvesx.com/feed,2025-06-19T16:51:00+08:00,0,0,1,10,dormant
itxcjm.top,https://www.itxcjm.top,https://www.itxcjm.top/feed,2025-06-17T10:58:26+00:00,0,0,1,10,dormant
qwq.me,https://qwq.me,https://qwq.me/feed.xml,2025-06-17T07:44:09+00:00,0,0,2,6,dormant
blog.liugezhou.online,https://blog.liugezhou.online,https://blog.liugezhou.online/atom.xml,2025-06-15T02:50:56.925000+00:00,0,0,1,20,dormant
bull.eu.org,https://bull.eu.org,https://bull.eu.org/index.xml,2025-06-12T17:45:00+08:00,0,0,1,67,dormant
6ird.com,https://www.6ird.com,https://www.6ird.com/feed,2025-06-12T08:00:19+00:00,0,0,1,10,dormant
xiaolii.com,https://xiaolii.com,https://xiaolii.com/feed,2025-06-10T15:14:00+00:00,0,0,1,10,dormant
blog.im0o.top,https://blog.im0o.top,https://blog.im0o.top/atom.xml,2025-05-31T17:59:47+00:00,0,0,0,20,zombie
blog.lvbyte.top,https://blog.lvbyte.top,https://blog.lvbyte.top/atom.xml,2025-05-24T15:34:15+00:00,0,0,0,18,zombie
aicsuk.net,https://www.aicsuk.net,https://www.aicsuk.net/rss.xml,2025-05-24T06:29:23+00:00,0,0,0,20,zombie
ikamusume7.org,https://www.ikamusume7.org,https://www.ikamusume7.org/rss.xml,2025-05-23T00:00:00+00:00,0,0,0,11,zombie
fffzlfk.github.io,https://fffzlfk.github.io,https://fffzlfk.github.io/index.xml,2025-05-22T15:55:17+08:00,0,0,0,41,zombie
yunyoujun.cn,https://www.yunyoujun.cn,https://www.yunyoujun.cn/atom.xml,2025-05-20T00:00:00+00:00,0,0,0,86,zombie
blog.yebken.cn,https://blog.yebken.cn/,https://blog.yebken.cn/rss.xml,2025-05-09T23:37:00+08:00,0,0,0,10,zombie
blog.marice.top,https://blog.marice.top/,https://blog.marice.top/atom.xml,2025-05-05T01:55:00+00:00,0,0,0,34,zombie
blog.xbxin.com,https://blog.xbxin.com,https://blog.xbxin.com/rss.xml,2025-05-05T00:00:00+00:00,0,0,0,19,zombie
brume.top,https://brume.top/,https://brume.top/index.xml,2025-05-02T00:00:00+08:00,0,0,0,23,zombie
blog.luckyits.com,https://blog.luckyits.com,https://blog.luckyits.com/atom.xml,2025-05-01T01:38:59+00:00,0,0,0,20,zombie
blog.bsgun.cn,https://blog.bsgun.cn/,https://blog.bsgun.cn/atom.xml,2025-04-30T08:11:59+00:00,0,0,0,23,zombie
leetme.netlify.app,https://leetme.netlify.app/,https://leetme.netlify.app/feed.xml,2025-04-29T00:00:00+00:00,0,0,0,13,zombie
blog.tomys.top,https://blog.tomys.top,https://blog.tomys.top/feed,2025-04-27T06:13:18+00:00,0,0,0,10,zombie
moleft.cn,https://www.moleft.cn,https://www.moleft.cn/feed,2025-04-25T09:55:27+08:00,0,0,0,10,zombie
kwokronny.com,https://www.kwokronny.com/,https://www.kwokronny.com/feed,2025-04-24T11:58:44+00:00,0,0,0,25,zombie
tbghg.top,https://tbghg.top,https://tbghg.top/atom.xml,2025-04-23T14:19:00+00:00,0,0,0,20,zombie
lu1104.cn,https://lu1104.cn/,https://lu1104.cn/feed,2025-04-21T02:19:12+00:00,0,0,0,10,zombie
zblogs.top,https://zblogs.top,https://zblogs.top/feed,2025-04-20T03:33:55+00:00,0,0,0,10,zombie
blog.lovelu.top,https://blog.lovelu.top,https://blog.lovelu.top/feed,2025-04-15T02:30:00+00:00,0,0,0,10,zombie
kanokano.cn,https://kanokano.cn/,https://kanokano.cn/feed,2025-04-14T04:48:27+00:00,0,0,0,20,zombie
lave.fun,https://lave.fun/,https://lave.fun/atom.xml,2025-04-11T23:58:04+00:00,0,0,0,43,zombie
blog.393837.xyz,https://blog.393837.xyz/,https://blog.393837.xyz/atom.xml,2025-04-06T14:17:00+00:00,0,0,0,21,zombie
natro92.fun,https://natro92.fun,https://natro92.fun/atom.xml,2025-04-04T18:13:31+00:00,0,0,0,20,zombie
chrisfu.cn,https://chrisfu.cn/,https://chrisfu.cn/feed,2025-03-31T15:58:00+08:00,0,0,0,10,zombie
windy.ink,https://windy.ink/,https://windy.ink/feed,2025-03-28T14:36:00+08:00,0,0,0,10,zombie
blog.zmonster.top,https://blog.zmonster.top,https://blog.zmonster.top/feed,2025-03-27T16:49:18+08:00,0,0,0,11,zombie
gmoe.cc,https://www.gmoe.cc,https://www.gmoe.cc/rss.xml,2025-03-23T00:00:00+00:00,0,0,0,3,zombie
blog.gzzz.pro,https://blog.gzzz.pro/,https://blog.gzzz.pro/atom.xml,2025-03-16T16:00:00+00:00,0,0,0,17,zombie
morcat.cn,https://www.morcat.cn,https://www.morcat.cn/rss.xml,2025-03-15T02:03:55+00:00,0,0,0,20,zombie
c2ics.com,https://www.c2ics.com,https://www.c2ics.com/atom.xml,2025-03-14T11:42:57+00:00,0,0,0,20,zombie
blog.haojin.li,https://blog.haojin.li,https://blog.haojin.li/index.xml,2025-03-11T17:14:31-04:00,0,0,0,188,zombie
lewky.cn,https://lewky.cn,https://lewky.cn/index.xml,2025-03-06T23:52:35+08:00,0,0,0,30,zombie
blog.sukiu.top,https://blog.sukiu.top,https://blog.sukiu.top/rss.xml,2025-03-02T07:44:26.461000+00:00,0,0,0,20,zombie
blog.akimio.top,https://blog.akimio.top,https://blog.akimio.top/atom.xml,2025-02-20T02:11:27+00:00,0,0,0,42,zombie
daoker.cc,https://daoker.cc,https://daoker.cc/feed,2025-02-16T04:22:10+00:00,0,0,0,10,zombie
zty012.de,https://zty012.de,https://zty012.de/rss.xml,2025-02-13T09:08:14+00:00,0,0,0,30,zombie
lemonkoi.one,https://lemonkoi.one,https://lemonkoi.one/feed,2025-02-08T20:17:28+00:00,0,0,0,10,zombie
zinglix.xyz,https://zinglix.xyz,https://zinglix.xyz/feed.xml,2025-01-23T00:00:00+00:00,0,0,0,10,zombie
blog.dylanwu.space,https://blog.dylanwu.space,https://blog.dylanwu.space/feed,2025-01-22T00:00:00+00:00,0,0,0,10,zombie
sycamore.top,https://www.sycamore.top,https://www.sycamore.top/rss.xml,2025-01-20T12:05:53+08:00,0,0,0,20,zombie
skira.top,https://www.skira.top,https://www.skira.top/feed.xml,2025-01-09T17:31:30.012000+00:00,0,0,0,20,zombie
guqing.io,https://guqing.io,https://guqing.io/rss.xml,2025-01-07T11:00:00+00:00,0,0,0,25,zombie
darksheep.xyz,"https://darksheep.xyz",https://darksheep.xyz/atom.xml,2025-01-06T23:20:18+00:00,0,0,0,20,zombie
blog.jombarry.online,https://blog.jombarry.online,https://blog.jombarry.online/rss.xml,2025-01-05T02:43:54+00:00,0,0,0,20,zombie
wubie.quanmwl.com,https://wubie.quanmwl.com/,https://wubie.quanmwl.com/rss.xml,2025-01-04T00:00:00+00:00,0,0,0,10,zombie
blog.xecades.xyz,https://blog.xecades.xyz,https://blog.xecades.xyz/atom.xml,2025-01-01T14:43:28+00:00,0,0,0,32,zombie
oplog.cn,https://www.oplog.cn,https://www.oplog.cn/atom.xml,2024-12-31T15:39:16.012000+00:00,0,0,0,17,zombie
controlnet.space,https://controlnet.space/,https://controlnet.space/atom.xml,2024-12-31T13:22:28+00:00,0,0,0,20,zombie
iamazing.cn,https://iamazing.cn,https://iamazing.cn/feed.xml,2024-12-21T06:17:40.286000+00:00,0,0,0,10,zombie
erui.org,https://erui.org/,https://erui.org/feed,2024-12-17T08:14:27+00:00,0,0,0,10,zombie
meuicat.com,https://meuicat.com,https://meuicat.com/rss.xml,2024-12-15T09:57:28+00:00,0,0,0,20,zombie
yzyyz.top,https://yzyyz.top,https://yzyyz.top/atom.xml,2024-12-09T17:41:16+00:00,0,0,0,20,zombie
qubeijun.github.io,https://qubeijun.github.io/,https://qubeijun.github.io/atom.xml,2024-12-08T05:33:22+00:00,0,0,0,87,zombie
blog.zzppjj.top,https://blog.zzppjj.top,https://blog.zzppjj.top/rss.xml,2024-12-04T10:19:46+00:00,0,0,0,48,zombie
leonis.cc,https://leonis.cc,https://leonis.cc/feed.xml,2024-12-01T00:00:00+08:00,0,0,0,20,zombie
blog.yfyang.me,https://blog.yfyang.me/,https://blog.yfyang.me/feed.xml,2024-11-03T11:00:00+00:00,0,0,0,31,zombie
niepan.org,https://niepan.org,https://niepan.org/feed,2024-10-25T20:43:00+08:00,0,0,0,6,zombie
xiaoxinblog.xyz,https://xiaoxinblog.xyz,https://xiaoxinblog.xyz/atom.xml,2024-10-15T10:50:27+00:00,0,0,0,20,zombie
yujiale.blog,https://yujiale.blog,https://yujiale.blog/atom,2024-10-11T23:56:00+00:00,0,0,0,8,zombie
blog.fkun.tech,https://blog.fkun.tech,https://blog.fkun.tech/feed,2024-10-11T21:09:00+08:00,0,0,0,10,zombie
blog.255650.xyz,https://blog.255650.xyz,https://blog.255650.xyz/atom.xml,2024-10-01T07:14:48.749000+00:00,0,0,0,3,zombie
blog.jaspirit.cc,https://blog.jaspirit.cc,https://blog.jaspirit.cc/atom.xml,2024-09-25T16:00:00+00:00,0,0,0,25,zombie
aurora.love,https://www.aurora.love,https://www.aurora.love/atom.xml,2024-09-23T09:53:23+00:00,0,0,0,18,zombie
shoka.lostyu.me,https://shoka.lostyu.me,https://shoka.lostyu.me/rss.xml,2024-09-18T18:21:11+08:00,0,0,0,20,zombie
blog.yunshu.site,https://blog.yunshu.site,https://blog.yunshu.site/blog/rss.xml,2024-09-15T00:00:00+00:00,0,0,0,20,zombie
angine.tech,https://angine.tech,https://angine.tech/atom.xml,2024-09-13T07:33:44+00:00,0,0,0,10,zombie
blog.angustar.com,https://blog.angustar.com,https://blog.angustar.com/feed,2024-09-12T21:25:00+08:00,0,0,0,11,zombie
dreamiao.com,https://dreamiao.com,https://dreamiao.com/feed,2024-09-03T12:21:50+00:00,0,0,0,10,zombie
blog.dlya.top,https://blog.dlya.top,https://blog.dlya.top/atom.xml,2024-08-30T08:43:00+00:00,0,0,0,14,zombie
6young.site,https://www.6young.site,https://www.6young.site/atom.xml,2024-08-28T12:38:35+00:00,0,0,0,20,zombie
teh.top,https://www.teh.top,https://www.teh.top/index.xml,2024-08-15T20:45:22+08:00,0,0,0,37,zombie
blog.zyxm.top,https://blog.zyxm.top/,https://blog.zyxm.top/rss.xml,2024-08-03T09:26:45+00:00,0,0,0,20,zombie
blog.leonus.cn,https://blog.leonus.cn,https://blog.leonus.cn/atom.xml,2024-08-01T10:46:36+00:00,0,0,0,10,zombie
beni.pub,https://beni.pub,https://beni.pub/feed,2024-07-28T08:21:37+00:00,0,0,0,10,zombie
blog.trotyl.xyz,https://blog.trotyl.xyz,https://blog.trotyl.xyz/atom.xml,2024-07-27T23:22:00+00:00,0,0,0,18,zombie
blog.aqcoder.cn,https://blog.aqcoder.cn,https://blog.aqcoder.cn/atom.xml,2024-07-25T13:24:06+00:00,0,0,0,20,zombie
longtao.fun,https://longtao.fun,https://longtao.fun/atom.xml,2024-07-20T02:24:16+00:00,0,0,0,20,zombie
magma.ink,https://magma.ink,https://magma.ink/rss.xml,2024-07-18T00:00:00+00:00,0,0,0,36,zombie
mozixi.com,https://mozixi.com,https://mozixi.com/feed,2024-07-14T19:19:50+08:00,0,0,0,10,zombie
xxp.one,https://xxp.one,https://xxp.one/feed,2024-07-09T00:43:00+08:00,0,0,0,10,zombie
kenshin2438.top,https://kenshin2438.top,https://kenshin2438.top/index.xml,2024-07-08T11:11:09+08:00,0,0,0,39,zombie
blog.gumengyo.top,https://blog.gumengyo.top/,https://blog.gumengyo.top/atom.xml,2024-07-07T09:44:15.130000+00:00,0,0,0,20,zombie
blog.adyun.design,https://blog.adyun.design,https://blog.adyun.design/rss.xml,2024-07-01T09:44:00+00:00,0,0,0,20,zombie
blog.dctewi.com,https://blog.dctewi.com,https://blog.dctewi.com/atom.xml,2024-06-30T07:24:17+00:00,0,0,0,20,zombie
blog.ceobe.cn,https://blog.ceobe.cn/,https://blog.ceobe.cn/atom.xml,2024-06-27T08:58:13+00:00,0,0,0,15,zombie
blog.jjdxb.top,https://blog.jjdxb.top,https://blog.jjdxb.top/rss.xml,2024-06-25T21:03:09+00:00,0,0,0,94,zombie
blog.kclub.tech,https://blog.kclub.tech/,https://blog.kclub.tech/rss.xml,2024-06-01T13:00:00+00:00,0,0,0,12,zombie
imszz.com,https://imszz.com,https://imszz.com/atom.xml,2024-05-29T02:00:25+00:00,0,0,0,20,zombie
loquy.cn,https://www.loquy.cn,https://www.loquy.cn/rss.xml,2024-05-27T08:37:28+00:00,0,0,0,46,zombie
wp-boke.work,https://wp-boke.work,https://wp-boke.work/rss.xml,2024-05-24T09:24:20+00:00,0,0,0,23,zombie
oragekk.me,https://oragekk.me,https://oragekk.me/rss.xml,2024-05-23T00:00:00+00:00,0,0,0,69,zombie
blog.imsyy.top,https://blog.imsyy.top/,https://blog.imsyy.top/rss.xml,2024-05-21T00:00:00+00:00,0,0,0,10,zombie
icu007work.github.io,https://icu007work.github.io,https://icu007work.github.io/atom.xml,2024-05-11T07:40:52+00:00,0,0,0,20,zombie
zhw150.top,https://www.zhw150.top,https://www.zhw150.top/feed,2024-04-27T12:28:18+00:00,0,0,0,10,zombie
blog.heroxin.xyz,https://blog.heroxin.xyz,https://blog.heroxin.xyz/atom.xml,2024-04-22T11:53:26.486000+00:00,0,0,0,20,zombie
blog.rickyxrc.cc,https://blog.rickyxrc.cc,https://blog.rickyxrc.cc/rss.xml,2024-04-20T17:37:00+00:00,0,0,0,47,zombie
blog.luvying.com,https://blog.luvying.com,https://blog.luvying.com/feed,2024-04-19T10:14:59+00:00,0,0,0,20,zombie
jhwiki.com,https://www.jhwiki.com/,https://www.jhwiki.com/index.xml,2024-04-13T00:00:00+00:00,0,0,0,60,zombie
bolg.wuenci.wang,https://bolg.wuenci.wang,https://bolg.wuenci.wang/rss.xml,2024-04-03T17:22:00+08:00,0,0,0,46,zombie
yltang.cn,https://yltang.cn,https://yltang.cn/feed,2024-03-31T20:21:00+08:06,0,0,0,6,zombie
itmsky.com,https://www.itmsky.com/,https://www.itmsky.com/feed,2024-03-08T02:34:22+00:00,0,0,0,1,zombie
project.chukogals.top,https://project.chukogals.top/,https://project.chukogals.top/feed,2024-03-05T13:45:00+08:00,0,0,0,11,zombie
leziblog.com,https://leziblog.com,https://leziblog.com/feed,2024-03-05T12:32:26+00:00,0,0,0,10,zombie
summerpond.cn,https://www.summerpond.cn,https://www.summerpond.cn/rss.xml,2024-03-04T03:49:40+00:00,0,0,0,20,zombie
blog.moe233.net,https://blog.moe233.net,https://blog.moe233.net/atom.xml,2024-01-15T06:50:41+00:00,0,0,0,6,zombie
aotxland.com,https://aotxland.com,https://aotxland.com/feed,2024-01-01T14:07:42+00:00,0,0,0,10,zombie
nicejf.cn,https://nicejf.cn,https://nicejf.cn/feed,2023-12-30T21:55:50+08:00,0,0,0,10,zombie
imcys.com,https://imcys.com,https://imcys.com/feed,2023-12-15T16:47:06+00:00,0,0,0,10,zombie
qvp.moe,https://qvp.moe,https://qvp.moe/feed,2023-12-12T13:03:54+00:00,0,0,0,5,zombie
coolku.cc,https://www.coolku.cc,https://www.coolku.cc/atom.xml,2023-12-10T10:55:57+00:00,0,0,0,20,zombie
moi-mo.github.io,https://moi-mo.github.io,https://moi-mo.github.io/feed,2023-12-04T00:00:00+00:00,0,0,0,44,zombie
freejishu.com,https://www.freejishu.com,https://www.freejishu.com/feed,2023-11-25T03:32:39+00:00,0,0,0,10,zombie
dvel.me,https://dvel.me,https://dvel.me/index.xml,2023-11-20T00:00:41+08:00,0,0,0,49,zombie
zimoou.com,https://zimoou.com,https://zimoou.com/feed,2023-11-08T20:06:00+08:00,0,0,0,10,zombie
colsrch.cn,https://colsrch.cn,https://colsrch.cn/atom.xml,2023-09-06T06:01:49+00:00,0,0,0,5,zombie
imcao.cn,https://www.imcao.cn,https://www.imcao.cn/atom.xml,2023-08-08T16:00:00+00:00,0,0,0,20,zombie
blog.bluemangoo.net,https://blog.bluemangoo.net,https://blog.bluemangoo.net/rss.xml,2023-07-31T12:49:43+00:00,0,0,0,24,zombie
jokerdig.top,https://jokerdig.top,https://jokerdig.top/atom.xml,2023-07-28T12:00:00+00:00,0,0,0,20,zombie
shockerli.net,https://shockerli.net,https://shockerli.net/index.xml,2023-06-27T00:00:00+00:00,0,0,0,30,zombie
blog.cpen.top,https://blog.cpen.top,https://blog.cpen.top/atom.xml,2023-06-01T04:00:00+00:00,0,0,0,20,zombie
zsd.name,https://zsd.name,https://zsd.name/atom.xml,2023-05-16T06:44:00+00:00,0,0,0,20,zombie
xiaolai.cc,https://www.xiaolai.cc,https://www.xiaolai.cc/index.xml,2023-05-15T23:31:11+08:00,0,0,0,50,zombie
blog.zzzdc.com,https://blog.zzzdc.com,https://blog.zzzdc.com/feed,2023-05-15T09:43:58+00:00,0,0,0,10,zombie
royc30ne.com,https://www.royc30ne.com,https://www.royc30ne.com/feed,2023-05-13T04:45:28+00:00,0,0,0,10,zombie
itbob.cn,https://www.itbob.cn,https://www.itbob.cn/atom.xml,2023-05-04T15:20:00+00:00,0,0,0,20,zombie
blog.lxscloud.top,https://blog.lxscloud.top,https://blog.lxscloud.top/atom.xml,2023-04-15T15:30:00+00:00,0,0,0,20,zombie
misakamoe.com,https://misakamoe.com,https://misakamoe.com/feed,2023-04-15T09:34:40+00:00,0,0,0,10,zombie
blog.moej.cn,https://blog.moej.cn,https://blog.moej.cn/feed,2023-04-03T02:31:00+08:00,0,0,0,10,zombie
m78.co,https://www.m78.co,https://www.m78.co/feed,2023-03-20T14:36:38+00:00,0,0,0,10,zombie
226yzy.com,https://226yzy.com,https://226yzy.com/atom.xml,2023-03-04T18:26:31+00:00,0,0,0,20,zombie
blog.tigerxly.com,https://blog.tigerxly.com,https://blog.tigerxly.com/feed,2023-02-28T02:40:47+00:00,0,0,0,10,zombie
err0r.top,https://err0r.top,https://err0r.top/atom.xml,2023-02-15T11:35:54+00:00,0,0,0,20,zombie
blog.xsnet.eu.org,https://blog.xsnet.eu.org,https://blog.xsnet.eu.org/atom.xml,2023-01-13T08:26:26+00:00,0,0,0,16,zombie
blog.y7n05h.dev,https://blog.y7n05h.dev,https://blog.y7n05h.dev/atom.xml,2023-01-09T00:00:00+00:00,0,0,0,20,zombie
blog.garryde.com,https://blog.garryde.com,https://blog.garryde.com/feed,2023-01-06T22:51:00+08:00,0,0,0,10,zombie
nickx.cn,https://nickx.cn,https://nickx.cn/feed,2023-01-03T23:22:00+08:00,0,0,0,11,zombie
ariels.xyz,https://www.ariels.xyz,https://www.ariels.xyz/feed,2022-09-07T09:51:00+00:00,0,0,0,10,zombie
ilovey.live,https://ilovey.live,https://ilovey.live/atom.xml,2022-08-14T02:29:35+00:00,0,0,0,9,zombie
blog.pai233.top,https://blog.pai233.top,https://blog.pai233.top/atom.xml,2022-08-05T02:21:02+00:00,0,0,0,20,zombie
mrskye.cn,https://www.mrskye.cn,https://www.mrskye.cn/atom.xml,2022-06-20T02:50:49+00:00,0,0,0,20,zombie
imut.xyz,https://www.imut.xyz,https://www.imut.xyz/feed,2022-06-12T05:25:34+00:00,0,0,0,10,zombie
blog.jerrywick.com,https://blog.jerrywick.com,https://blog.jerrywick.com/atom.xml,2022-05-23T04:39:28+00:00,0,0,0,18,zombie
7bxing.com,https://7bxing.com,https://7bxing.com/atom.xml,2022-02-26T11:43:21+00:00,0,0,0,13,zombie
bikari.top,https://bikari.top,https://bikari.top/feed,2022-01-26T00:00:00+00:00,0,0,0,10,zombie
blog.6yfz.cn,https://blog.6yfz.cn,https://blog.6yfz.cn/atom.xml,2021-05-18T13:35:30+00:00,0,0,0,20,zombie
loafing.cn,https://loafing.cn,https://loafing.cn/atom.xml,2021-05-15T04:24:54+00:00,0,0,0,20,zombie
jinqimu.github.io,https://jinqimu.github.io,https://jinqimu.github.io/atom.xml,2021-03-10T08:33:52+00:00,0,0,0,19,zombie
666wxy666.github.io,https://666wxy666.github.io,https://666wxy666.github.io/atom.xml,2021-01-04T00:00:00+00:00,0,0,0,20,zombie
iczrx.cn,https://www.iczrx.cn,,,0,0,0,0,no_feed
blog.moyuql.top,https://blog.moyuql.top,,,0,0,0,0,no_feed
xiaowo.homes,"https://www.xiaowo.homes/",,,0,0,0,0,no_feed
hydsb0.com,https://www.hydsb0.com,,,0,0,0,0,no_feed
blog.burnling.top,https://blog.burnling.top,,,0,0,0,0,no_feed
jerrychoices.cn,https://jerrychoices.cn,,,0,0,0,0,no_feed
morick66.com,https://www.morick66.com/,,,0,0,0,0,no_feed
cicode.cn,https://www.cicode.cn,,,0,0,0,0,no_feed
blog.henrywhu.cn,https://blog.henrywhu.cn,,,0,0,0,0,no_feed
weaxsey.cn,"https://weaxsey.cn",,,0,0,0,0,no_feed
blog.zekun.fun,https://blog.zekun.fun,,,0,0,0,0,no_feed
blog.helim.net,https://blog.helim.net,,,0,0,0,0,no_feed
blessyou.top,https://www.blessyou.top,,,0,0,0,0,no_feed
xyhelper.top,https://xyhelper.top,,,0,0,0,0,no_feed
blog.reincarnatey.net,https://blog.reincarnatey.net,,,0,0,0,0,no_feed
liujing.me,https://www.liujing.me,,,0,0,0,0,no_feed
blog.lemonstar.me,https://blog.lemonstar.me,,,0,0,0,0,no_feed
wellobserve.com,https://www.wellobserve.com,,,0,0,0,0,no_feed
bento.me,https://bento.me/chisakakanako,,,0,0,0,0,no_feed
iktao.cn,https://iktao.cn,,,0,0,0,0,no_feed
418121.xyz,https://418121.xyz,,,0,0,0,0,no_feed
wznmickey.com,https://wznmickey.com,,,0,0,0,0,no_feed
manjiuqi.com,https://www.manjiuqi.com/,,,0,0,0,0,no_feed
ayu.land,https://ayu.land,,,0,0,0,0,no_feed
blog.w1f.top,https://blog.w1f.top/,,,0,0,0,0,no_feed
bena.cn,https://www.bena.cn,,,0,0,0,0,no_feed
wiki.virtualguard101.com,https://wiki.virtualguard101.com/,,,0,0,0,0,no_feed
moechu.cn,https://moechu.cn,,,0,0,0,0,no_feed
tutuxka.top,https://www.tutuxka.top,,,0,0,0,0,no_feed
blog.fanghongbo.com,https://blog.fanghongbo.com,,,0,0,0,0,no_feed
blog.mc-sep.top,https://blog.mc-sep.top,,,0,0,0,0,no_feed
wileyzhang.com,https://www.wileyzhang.com/,,,0,0,0,0,no_feed
blog.fivezha.cn,https://blog.fivezha.cn,,,0,0,0,0,no_feed
luojin.qzz.io,https://luojin.qzz.io/,,,0,0,0,0,no_feed
kp-z.github.io,https://kp-z.github.io/blog-cn/home/index.html,,,0,0,0,0,no_feed
tabirstrees.top,https://www.tabirstrees.top,,,0,0,0,0,no_feed
fx7.top,https://fx7.top,,,0,0,0,0,no_feed
blog.chaunceychi.fun,https://blog.chaunceychi.fun,,,0,0,0,0,no_feed
handsonic.top,https://handsonic.top,,,0,0,0,0,no_feed
olive-r.cn,https://www.olive-r.cn,,,0,0,0,0,no_feed
notion.hehouhui.cn,https://notion.hehouhui.cn,,,0,0,0,0,no_feed
xxx.kesug.com,"https://xxx.kesug.com",,,0,0,0,0,no_feed
next-page.cn,https://www.next-page.cn,,,0,0,0,0,no_feed
devzhi.com,https://www.devzhi.com,,,0,0,0,0,no_feed
fhrf.top,https://fhrf.top,,,0,0,0,0,no_feed
lipk.org,https://www.lipk.org,,,0,0,0,0,no_feed
yozll.com,https://www.yozll.com,,,0,0,0,0,no_feed
mnizjc.qzz.io,https://mnizjc.qzz.io,,,0,0,0,0,no_feed
xiaobu.xyz,https://www.xiaobu.xyz/,,,0,0,0,0,no_feed
fz.do,https://fz.do,,,0,0,0,0,no_feed
akiyamamio.fun,https://www.akiyamamio.fun/,,,0,0,0,0,no_feed
lilu.org.cn,https://lilu.org.cn,,,0,0,0,0,no_feed
siax.cn,https://siax.cn,,,0,0,0,0,no_feed
bluesdawn.top,https://www.bluesdawn.top,,,0,0,0,0,no_feed
youngsforever.online,https://www.youngsforever.online,,,0,0,0,0,no_feed
blog.nas666.com,https://blog.nas666.com/,,,0,0,0,0,no_feed
lifeislife.cn,https://lifeislife.cn/,,,0,0,0,0,no_feed
kissbaofish.cn,https://kissbaofish.cn,,,0,0,0,0,no_feed
blog.omoi.fun,https://blog.omoi.fun/,,,0,0,0,0,no_feed
alantorp.online,https://www.alantorp.online,,,0,0,0,0,no_feed
blog.sakurasep.site,https://blog.sakurasep.site,,,0,0,0,0,no_feed
cylife.top,https://cylife.top/,,,0,0,0,0,no_feed
ymiir.asia,https://ymiir.asia/,,,0,0,0,0,no_feed
fs1m.com,https://fs1m.com/,,,0,0,0,0,no_feed
blog.plfjy.top,https://blog.plfjy.top/,,,0,0,0,0,no_feed
imakashi.com,https://imakashi.com/,,,0,0,0,0,no_feed
xqcc.site,https://xqcc.site/,,,0,0,0,0,no_feed
zlrm.net,https://zlrm.net/,,,0,0,0,0,no_feed
blog.trfox.top,https://blog.trfox.top,,,0,0,0,0,no_feed
dhkk.cn,https://www.dhkk.cn,,,0,0,0,0,no_feed
vxcode.top,https://vxcode.top,,,0,0,0,0,no_feed
byteloid.one,https://www.byteloid.one,,,0,0,0,0,no_feed
blog.luzy.top,https://blog.luzy.top,,,0,0,0,0,no_feed
n-bc.top,https://www.n-bc.top,,,0,0,0,0,no_feed
blog.zicheng.icu,https://blog.zicheng.icu,,,0,0,0,0,no_feed
daodaoshi.xyz,https://www.daodaoshi.xyz,,,0,0,0,0,no_feed
jssolo.com,https://www.jssolo.com,,,0,0,0,0,no_feed
blog.lichenghao.cn,https://blog.lichenghao.cn,,,0,0,0,0,no_feed
blog.shineyu.cn,https://blog.shineyu.cn,,,0,0,0,0,no_feed
xihuannio.cn,https://www.xihuannio.cn,,,0,0,0,0,no_feed
blog.qcmoe.com,https://blog.qcmoe.com,,,0,0,0,0,no_feed
vnyzm.top,https://vnyzm.top,,,0,0,0,0,no_feed
blog.xing-ye.top,https://blog.xing-ye.top/,,,0,0,0,0,no_feed
histonevon.top,https://histonevon.top,,,0,0,0,0,no_feed
chlo.is,https://chlo.is,,,0,0,0,0,no_feed
15926.tech,https://15926.tech/,,,0,0,0,0,no_feed
luoca.cn,https://luoca.cn,,,0,0,0,0,no_feed
blog.806006.xyz,https://blog.806006.xyz,,,0,0,0,0,no_feed
woolyun.com,https://woolyun.com/,,,0,0,0,0,no_feed
thisisxxz.com,https://thisisxxz.com/,,,0,0,0,0,no_feed
moey.cn,https://moey.cn,,,0,0,0,0,no_feed
siena.zone,https://siena.zone,,,0,0,0,0,no_feed
zym2013.dpdns.org,https://zym2013.dpdns.org/,,,0,0,0,0,no_feed
jhacker.cn,https://jhacker.cn,,,0,0,0,0,no_feed
alexgu.art,https://alexgu.art/,,,0,0,0,0,no_feed
uhope.fun,https://uhope.fun,,,0,0,0,0,no_feed
home.vindo.cn,https://home.vindo.cn,,,0,0,0,0,no_feed
zhangz.cc,https://www.zhangz.cc,,,0,0,0,0,no_feed
xiaokang.me,https://xiaokang.me,,,0,0,0,0,no_feed
opw.cc,https://www.opw.cc,,,0,0,0,0,no_feed
the0n3.top,https://the0n3.top,,,0,0,0,0,no_feed
qsub.cn,https://qsub.cn/,,,0,0,0,0,no_feed
lorcas.top,https://lorcas.top,,,0,0,0,0,no_feed
xyx404.github.io,https://xyx404.github.io/,,,0,0,0,0,no_feed
chenzhen.space,https://www.chenzhen.space/,,,0,0,0,0,no_feed
lyp.ink,https://lyp.ink,,,0,0,0,0,no_feed
efu.me,https://efu.me,,,0,0,0,0,no_feed
fuleo.net,https://fuleo.net,,,0,0,0,0,no_feed
dailiang.com,https://dailiang.com/,,,0,0,0,0,no_feed
xiangshu233.cn,https://www.xiangshu233.cn,,,0,0,0,0,no_feed
mrrxx.com,https://www.mrrxx.com,,,0,0,0,0,no_feed
ishya.top,https://ishya.top,,,0,0,0,0,no_feed
david03.top,https://david03.top,,,0,0,0,0,no_feed
blog.zhengru.top,https://blog.zhengru.top,,,0,0,0,0,no_feed
sifangbazhu.tech,https://www.sifangbazhu.tech,,,0,0,0,0,no_feed
wz4488.de,https://wz4488.de/,,,0,0,0,0,no_feed
feidaoboke.com,https://www.feidaoboke.com,,,0,0,0,0,no_feed
dudududu.vip,https://dudududu.vip/,,,0,0,0,0,no_feed
landhutu.top,https://www.landhutu.top,,,0,0,0,0,no_feed
megatontech.github.io,https://megatontech.github.io,,,0,0,0,0,no_feed
heggria.site,https://heggria.site,,,0,0,0,0,no_feed
fengkeao.top,https://fengkeao.top/,,,0,0,0,0,no_feed
note.jiehua.org,https://note.jiehua.org,,,0,0,0,0,no_feed
satinau.cn,https://satinau.cn,,,0,0,0,0,no_feed
blog.nekomoyi.com,https://blog.nekomoyi.com,,,0,0,0,0,no_feed
biliwind.com,https://www.biliwind.com/,,,0,0,0,0,no_feed
blog.mc118cn.cn,https://blog.mc118cn.cn/,,,0,0,0,0,no_feed
consolelz.github.io,https://consolelz.github.io/,,,0,0,0,0,no_feed
obgnauh.com,https://www.obgnauh.com/,,,0,0,0,0,no_feed
blog.mckero.com,https://blog.mckero.com,,,0,0,0,0,no_feed
yidiankuaile.com,https://www.yidiankuaile.com,,,0,0,0,0,no_feed
blog.yonagi04.cn,https://blog.yonagi04.cn,,,0,0,0,0,no_feed
kioihyma.com,https://kioihyma.com/,,,0,0,0,0,no_feed
gowiki.site,https://gowiki.site,,,0,0,0,0,no_feed
liubing.me,https://liubing.me/,,,0,0,0,0,no_feed
tcmiku.github.io,https://tcmiku.github.io/,,,0,0,0,0,no_feed
llh1347.com,https://www.llh1347.com,,,0,0,0,0,no_feed
blog.shidaigx.cn,https://blog.shidaigx.cn/,,,0,0,0,0,no_feed
blog.loadke.tech,https://blog.loadke.tech,,,0,0,0,0,no_feed
sunnyli.xn--9traa.eu.org,https://sunnyli.xn--9traa.eu.org,,,0,0,0,0,no_feed
jianchengwang.info,https://jianchengwang.info,,,0,0,0,0,no_feed
zhbi.top,https://www.zhbi.top,,,0,0,0,0,no_feed
yangzs.851219.xyz,https://yangzs.851219.xyz/,,,0,0,0,0,no_feed
yurenyiyuji.top,https://www.yurenyiyuji.top,,,0,0,0,0,no_feed
chirmyram.top,https://www.chirmyram.top,,,0,0,0,0,no_feed
blog.redcha.cn,https://blog.redcha.cn,,,0,0,0,0,no_feed
zzzremake.github.io,https://zzzremake.github.io/site/,,,0,0,0,0,no_feed
lzzet.com,https://www.lzzet.com,,,0,0,0,0,no_feed
blog.032802.xyz,https://blog.032802.xyz,,,0,0,0,0,no_feed
blog.qaoxiang.top,https://blog.qaoxiang.top,,,0,0,0,0,no_feed
blog.joker2yue.com,blog.joker2yue.com,,,0,0,0,0,no_feed
docset.vip,https://docset.vip,,,0,0,0,0,no_feed
zsh.lat,https://zsh.lat,,,0,0,0,0,no_feed
jiafeng.fun,https://www.jiafeng.fun,,,0,0,0,0,no_feed
irr.ink,https://irr.ink,,,0,0,0,0,no_feed
soda-official.top,https://soda-official.top,,,0,0,0,0,no_feed
note.stalomeow.com,https://note.stalomeow.com/,,,0,0,0,0,no_feed
shuiao.top,https://www.shuiao.top,,,0,0,0,0,no_feed
pibopibo.litecat.dev,https://pibopibo.litecat.dev,,,0,0,0,0,no_feed
zhejianglao.cn,https://zhejianglao.cn,,,0,0,0,0,no_feed
timelogs.cn,https://www.timelogs.cn,,,0,0,0,0,no_feed
aiyo99.com,https://www.aiyo99.com,,,0,0,0,0,no_feed
blog.nuaa.tech,https://blog.nuaa.tech,,,0,0,0,0,no_feed
debuginn.com,https://debuginn.com,,,0,0,0,0,no_feed
vinking.top,https://www.vinking.top,,,0,0,0,0,no_feed
zlinblog.cn,https://zlinblog.cn,,,0,0,0,0,no_feed
yjztest.top,https://www.yjztest.top/xiba-newblog/home,,,0,0,0,0,no_feed
lib.sci-adv.cc,https://lib.sci-adv.cc,,,0,0,0,0,no_feed
air1.cn,https://air1.cn/,,,0,0,0,0,no_feed
seija.me,https://seija.me,,,0,0,0,0,no_feed
linzeyin.github.io,https://linzeyin.github.io,,,0,0,0,0,no_feed
kanofans.com,https://www.kanofans.com,,,0,0,0,0,no_feed
blog.uniartisan.com,https://blog.uniartisan.com,,,0,0,0,0,no_feed
mrgod.cn,https://www.mrgod.cn,,,0,0,0,0,no_feed
wanghaoyu.com.cn,"https://www.wanghaoyu.com.cn/",,,0,0,0,0,no_feed
blog.yngcy.com,https://blog.yngcy.com,,,0,0,0,0,no_feed
limina.top,https://www.limina.top,,,0,0,0,0,no_feed
blog.pptcar.com,https://blog.pptcar.com,,,0,0,0,0,no_feed
lanky6.github.io,https://lanky6.github.io,,,0,0,0,0,no_feed
fogflea.com,https://www.fogflea.com,,,0,0,0,0,no_feed
ls-shandong.codeberg.page,https://ls-shandong.codeberg.page,,,0,0,0,0,no_feed
blog.rbkou.me,https://blog.rbkou.me,,,0,0,0,0,no_feed
blog.chendi.link,https://blog.chendi.link,,,0,0,0,0,no_feed
blog.catchyun.com,https://blog.catchyun.com,,,0,0,0,0,no_feed
zisu.dev,https://zisu.dev,,,0,0,0,0,no_feed
blog.zeruns.com,https://blog.zeruns.com,,,0,0,0,0,no_feed
feiliwuyan.com,https://feiliwuyan.com,,,0,0,0,0,no_feed
extlight.com,https://www.extlight.com,,,0,0,0,0,no_feed
barku.re,https://barku.re,,,0,0,0,0,no_feed
xiyo8.cn,https://www.xiyo8.cn,,,0,0,0,0,no_feed
ares-tech-stack.cn,https://ares-tech-stack.cn/blog_service/#/about,,,0,0,0,0,no_feed
jinjis.cn,https://jinjis.cn,,,0,0,0,0,no_feed
aristore.top,https://www.aristore.top,,,0,0,0,0,no_feed
dz.sumer.work,https://dz.sumer.work,,,0,0,0,0,no_feed
xuanzhi33.cn,"https://www.xuanzhi33.cn",,,0,0,0,0,no_feed
blog.badapple.pro,https://blog.badapple.pro,,,0,0,0,0,no_feed
aerosand.cn,https://aerosand.cn,,,0,0,0,0,no_feed
nymane.xyz,https://www.nymane.xyz,,,0,0,0,0,no_feed
srebro.cn,https://srebro.cn/,,,0,0,0,0,no_feed
wangdabao.js.cool,https://wangdabao.js.cool,,,0,0,0,0,no_feed
amazingk.cn,https://www.amazingk.cn,,,0,0,0,0,no_feed
yamdr.cn,https://www.yamdr.cn,,,0,0,0,0,no_feed
lycoris.cloud,https://www.lycoris.cloud,,,0,0,0,0,no_feed
woyioii.cn,https://www.woyioii.cn,,,0,0,0,0,no_feed
b2og.com,https://b2og.com,,,0,0,0,0,no_feed
cxl2020mc.top,https://www.cxl2020mc.top,,,0,0,0,0,no_feed
uomn.cn,https://www.uomn.cn,,,0,0,0,0,no_feed
sqdxwz.top,https://sqdxwz.top,,,0,0,0,0,no_feed
dreamo.ink,https://dreamo.ink,,,0,0,0,0,no_feed
yilantingfeng.site,https://www.yilantingfeng.site,,,0,0,0,0,no_feed
xiaohuihui.cc,https://xiaohuihui.cc/,,,0,0,0,0,no_feed
xingbianren.cn,https://xingbianren.cn,,,0,0,0,0,no_feed
ziyang-bai.github.io,https://ziyang-bai.github.io/,,,0,0,0,0,no_feed
bytespaces.com,https://bytespaces.com,,,0,0,0,0,no_feed
yuxiangyun.top,https://yuxiangyun.top/,,,0,0,0,0,no_feed
hmily.ren,https://www.hmily.ren,,,0,0,0,0,no_feed
bluelanm.github.io,https://bluelanm.github.io/,,,0,0,0,0,no_feed
996workers.org,https://www.996workers.org,,,0,0,0,0,no_feed
ldo.one,https://ldo.one,,,0,0,0,0,no_feed
sgyunc.com,https://www.sgyunc.com/,,,0,0,0,0,no_feed
mingblog.site,https://mingblog.site,,,0,0,0,0,no_feed
oo.ct.ws,https://oo.ct.ws/,,,0,0,0,0,no_feed
me.owaii.net,https://me.owaii.net,,,0,0,0,0,no_feed
smilear.cn,https://smilear.cn,,,0,0,0,0,no_feed
gallery.mastermao.cn,https://gallery.mastermao.cn/,,,0,0,0,0,no_feed
lumifotografisk.com,https://lumifotografisk.com,,,0,0,0,0,no_feed
blog.baize.host,https://blog.baize.host,,,0,0,0,0,no_feed
yuaneuro.cn,https://yuaneuro.cn,,,0,0,0,0,no_feed
blog.adlamp.cn,https://blog.adlamp.cn,,,0,0,0,0,no_feed
blog.diffday.com,https://blog.diffday.com,,,0,0,0,0,no_feed
rssblog.cn,https://rssblog.cn,,,0,0,0,0,no_feed
blog.laugh12321.cn,https://blog.laugh12321.cn,,,0,0,0,0,no_feed
undf.top,https://undf.top/,,,0,0,0,0,no_feed
zrn.net,https://zrn.net,,,0,0,0,0,no_feed
blog.gytxtx.top,https://blog.gytxtx.top/,,,0,0,0,0,no_feed
lin-blog.xyz,https://lin-blog.xyz,,,0,0,0,0,no_feed
wfblog.net,https://wfblog.net,,,0,0,0,0,no_feed
jiuliu.top,https://www.jiuliu.top/,,,0,0,0,0,no_feed
guirlan.de,https://www.guirlan.de,,,0,0,0,0,no_feed
wang618.cn,https://wang618.cn,,,0,0,0,0,no_feed
blog.pj568.sbs,https://blog.pj568.sbs,,,0,0,0,0,no_feed
cairbin.top,https://cairbin.top,,,0,0,0,0,no_feed
ionssource.cn,https://ionssource.cn,,,0,0,0,0,no_feed
ljscope.top,https://www.ljscope.top/,,,0,0,0,0,no_feed
utopiaxc.cn,https://www.utopiaxc.cn,,,0,0,0,0,no_feed
baka.fun,https://baka.fun,,,0,0,0,0,no_feed
blog.ilue.pp.ua,https://blog.ilue.pp.ua,,,0,0,0,0,no_feed
tianyezhou.com,https://tianyezhou.com,,,0,0,0,0,no_feed
mishi23.com,https://www.mishi23.com,,,0,0,0,0,no_feed
dil.illlli.com,https://dil.illlli.com,,,0,0,0,0,no_feed
lifeni.life,https://lifeni.life,,,0,0,0,0,no_feed
blog.erispyu.fun,https://blog.erispyu.fun/,,,0,0,0,0,no_feed
blog.lxythan2lxy.cn,https://blog.lxythan2lxy.cn/,,,0,0,0,0,no_feed
blog.zhanxy.cn,https://blog.zhanxy.cn/,,,0,0,0,0,no_feed
micfong.space,https://micfong.space,,,0,0,0,0,no_feed
cddone.com,https://cddone.com/,,,0,0,0,0,no_feed
lylyl.cn,https://www.lylyl.cn/,,,0,0,0,0,no_feed
yuanshen.dev,https://yuanshen.dev,,,0,0,0,0,no_feed
crackme.net,https://crackme.net/,,,0,0,0,0,no_feed
blog.dukefox.com,https://blog.dukefox.com,,,0,0,0,0,no_feed
nongyanxia.com,https://www.nongyanxia.com,,,0,0,0,0,no_feed
bamboomc.cn,https://bamboomc.cn,,,0,0,0,0,no_feed
chenmx.net,https://www.chenmx.net,,,0,0,0,0,no_feed
m.senlinm.cn,https://m.senlinm.cn,,,0,0,0,0,no_feed
serialist.top,https://www.serialist.top/,,,0,0,0,0,no_feed
blog.lfhsheng.com,https://blog.lfhsheng.com,,,0,0,0,0,no_feed
totoro.site,https://totoro.site,,,0,0,0,0,no_feed
ultravires.me,https://ultravires.me/,,,0,0,0,0,no_feed
penjc.cn,https://www.penjc.cn,,,0,0,0,0,no_feed
blog.xxfer.cn,https://blog.xxfer.cn,,,0,0,0,0,no_feed
rhopaper.top,https://rhopaper.top/,,,0,0,0,0,no_feed
ddw2019.com,https://ddw2019.com,,,0,0,0,0,no_feed
yourlai.icu,https://yourlai.icu,,,0,0,0,0,no_feed
wxbuluo.com,https://www.wxbuluo.com/,,,0,0,0,0,no_feed
timewaster43.github.io,https://timewaster43.github.io,,,0,0,0,0,no_feed
fengcblog.880200.xyz,https://fengcblog.880200.xyz/,,,0,0,0,0,no_feed
7muo.top,https://7muo.top,,,0,0,0,0,no_feed
sizau.com,https://www.sizau.com,,,0,0,0,0,no_feed
xiaofengqwq.com,https://xiaofengqwq.com,,,0,0,0,0,no_feed
blog.brackrat.com,https://blog.brackrat.com/,,,0,0,0,0,no_feed
ajie.lu,https://ajie.lu,,,0,0,0,0,no_feed
blog.gd1214b.icu,https://blog.gd1214b.icu,,,0,0,0,0,no_feed
dolingou.com,https://www.dolingou.com,,,0,0,0,0,no_feed
booboo.run,https://booboo.run,,,0,0,0,0,no_feed
linzekai.cn,https://www.linzekai.cn/,,,0,0,0,0,no_feed
zhoubin.me,https://zhoubin.me,,,0,0,0,0,no_feed
blog.zamlia.com,https://blog.zamlia.com,,,0,0,0,0,no_feed
akavalue.pages.dev,https://akavalue.pages.dev/,,,0,0,0,0,no_feed
huangbo.me,https://www.huangbo.me/,,,0,0,0,0,no_feed
tylk.cc,https://tylk.cc,,,0,0,0,0,no_feed
blog.hsmao.cn,https://blog.hsmao.cn,,,0,0,0,0,no_feed
overstars.github.io,https://overstars.github.io/,,,0,0,0,0,no_feed
docs.shanyuhai.top,https://docs.shanyuhai.top,,,0,0,0,0,no_feed
fairysen.com,https://fairysen.com,,,0,0,0,0,no_feed
m-n.top,https://m-n.top/,,,0,0,0,0,no_feed
eexuan.cn,https://www.eexuan.cn/,,,0,0,0,0,no_feed
dorakika.cn,https://dorakika.cn,,,0,0,0,0,no_feed
we.owaii.net,https://we.owaii.net,,,0,0,0,0,no_feed
dengqn.com,https://dengqn.com,,,0,0,0,0,no_feed
youngjuning.js.org,https://youngjuning.js.org,,,0,0,0,0,no_feed
ll.sc.cn,https://ll.sc.cn,,,0,0,0,0,no_feed
blog.fantasyke.cn,https://blog.fantasyke.cn/,,,0,0,0,0,no_feed
blog.mahoo12138.cn,https://blog.mahoo12138.cn,,,0,0,0,0,no_feed
iigeek.com,https://iigeek.com,,,0,0,0,0,no_feed
boysblog.cn,https://boysblog.cn,,,0,0,0,0,no_feed
jikehou.cn,https://jikehou.cn,,,0,0,0,0,no_feed
blog.mcloc.cn,https://blog.mcloc.cn,,,0,0,0,0,no_feed
blog.orangii.cn,https://blog.orangii.cn,,,0,0,0,0,no_feed
blog.224418.xyz,https://blog.224418.xyz/,,,0,0,0,0,no_feed
frytea.com,https://www.frytea.com,,,0,0,0,0,no_feed
26464342.xyz,https://26464342.xyz,,,0,0,0,0,no_feed
yrajsh.cn,https://yrajsh.cn/,,,0,0,0,0,no_feed
liuchenyang.top,https://liuchenyang.top,,,0,0,0,0,no_feed
张晶晶.我爱你,https://张晶晶.我爱你,,,0,0,0,0,no_feed
blog.yxyang.top,"https://blog.yxyang.top",,,0,0,0,0,no_feed
weekdawn.github.io,https://weekdawn.github.io,,,0,0,0,0,no_feed
blog.cloudchewie.com,https://blog.cloudchewie.com,,,0,0,0,0,no_feed
myxz.top,https://www.myxz.top,,,0,0,0,0,no_feed
blog.onedabuliu.cn,https://blog.onedabuliu.cn/,,,0,0,0,0,no_feed
imgradeone.com,https://imgradeone.com,,,0,0,0,0,no_feed
pocs.cn,https://pocs.cn,,,0,0,0,0,no_feed
lyconeko.com,https://www.lyconeko.com/,,,0,0,0,0,no_feed
kekkj123.github.io,https://kekkj123.github.io/,,,0,0,0,0,no_feed
baiwulin.com,https://www.baiwulin.com,,,0,0,0,0,no_feed
sbsb.life,http://sbsb.life,,,0,0,0,0,no_feed
66619.eu.org,https://66619.eu.org,,,0,0,0,0,no_feed
blog.chendi.com,https://blog.chendi.com,,,0,0,0,0,no_feed
blog.jsmsr.com,https://blog.jsmsr.com,,,0,0,0,0,no_feed
blogwinter.top,https://blogwinter.top,,,0,0,0,0,no_feed
mmoe.work,https://mmoe.work,,,0,0,0,0,no_feed
tihu.github.io,https://tihu.github.io/tihu-hugo-blog/,,,0,0,0,0,no_feed
ryanzm.cn,https://www.ryanzm.cn/,,,0,0,0,0,no_feed
90svip.cn,https://www.90svip.cn/,,,0,0,0,0,no_feed
blog.nicebao.com,https://blog.nicebao.com,,,0,0,0,0,no_feed
nekro.top,https://www.nekro.top/,,,0,0,0,0,no_feed
blog.kukac.top,https://blog.kukac.top,,,0,0,0,0,no_feed
blackbzy.com,https://www.blackbzy.com,,,0,0,0,0,no_feed
ooo.vg,https://www.ooo.vg,,,0,0,0,0,no_feed
wsvaio.cn,https://wsvaio.cn,,,0,0,0,0,no_feed
xding.top,https://xding.top,,,0,0,0,0,no_feed
blog.laobinghu.top,https://blog.laobinghu.top,,,0,0,0,0,no_feed
wanghanyue.com,https://www.wanghanyue.com,,,0,0,0,0,no_feed
qinzhi.cc,https://qinzhi.cc,,,0,0,0,0,no_feed
ski.ink,https://ski.ink,,,0,0,0,0,no_feed
blog.sdgou.cc,https://blog.sdgou.cc,,,0,0,0,0,no_feed
blog.feitwnd.cc,https://blog.feitwnd.cc/,,,0,0,0,0,no_feed
astrophel.top,https://www.astrophel.top,,,0,0,0,0,no_feed
zzzhome.cc,https://zzzhome.cc,,,0,0,0,0,no_feed
zyglq.cn,https://www.zyglq.cn,,,0,0,0,0,no_feed
szx.life,https://szx.life,,,0,0,0,0,no_feed
webfem.com,https://webfem.com/,,,0,0,0,0,no_feed
wpzllq.cn,https://wpzllq.cn/,,,0,0,0,0,no_feed
blog.krins.cloud,https://blog.krins.cloud,,,0,0,0,0,no_feed
ceale.moe,https://ceale.moe,,,0,0,0,0,no_feed
qixing1217.top,https://qixing1217.top/,,,0,0,0,0,no_feed
deepwhitex.com,https://deepwhitex.com,,,0,0,0,0,no_feed
ccgxk.com,https://www.ccgxk.com/,,,0,0,0,0,no_feed
yangzhang.site,https://yangzhang.site,,,0,0,0,0,no_feed
dougunduzi.top,https://dougunduzi.top,,,0,0,0,0,no_feed
loliapi.com,"https://www.loliapi.com/",,,0,0,0,0,no_feed
wmviv.com,https://www.wmviv.com,,,0,0,0,0,no_feed
dmxiaozi.top,https://dmxiaozi.top,,,0,0,0,0,no_feed
everett.top,https://www.everett.top/,,,0,0,0,0,no_feed
blog.wututu.cn,https://blog.wututu.cn,,,0,0,0,0,no_feed
zyx-2012.xyz,https://zyx-2012.xyz/,,,0,0,0,0,no_feed
mm.yaomomo.com,https://mm.yaomomo.com,,,0,0,0,0,no_feed
blog.rick.icu,https://blog.rick.icu,,,0,0,0,0,no_feed
chenlifeng.com,https://www.chenlifeng.com/,,,0,0,0,0,no_feed
blog.yaqwq.top,https://blog.yaqwq.top,,,0,0,0,0,no_feed
blog.wubw.fun,https://blog.wubw.fun,,,0,0,0,0,no_feed
zzzing.cn,https://zzzing.cn,,,0,0,0,0,no_feed
data-era.cn,https://www.data-era.cn,,,0,0,0,0,no_feed
icefox.site,https://www.icefox.site,,,0,0,0,0,no_feed
montylee.cn,https://www.montylee.cn,,,0,0,0,0,no_feed
i.igosn.com,https://i.igosn.com,,,0,0,0,0,no_feed
blog.tsukistar.cc,https://blog.tsukistar.cc/,,,0,0,0,0,no_feed
nancc.com,https://www.nancc.com,,,0,0,0,0,no_feed
yeqi.net,https://yeqi.net,,,0,0,0,0,no_feed
xrbk.cn,https://www.xrbk.cn,,,0,0,0,0,no_feed
blog.jackeylea.com,https://blog.jackeylea.com,,,0,0,0,0,no_feed
howiehz.top,https://howiehz.top,,,0,0,0,0,no_feed
kuaikan.ink,https://kuaikan.ink,,,0,0,0,0,no_feed
flyday.top,https://www.flyday.top/,,,0,0,0,0,no_feed
blog.ihtw.moe,https://blog.ihtw.moe,,,0,0,0,0,no_feed
rikki.pub,https://rikki.pub,,,0,0,0,0,no_feed
mojinxi.cn,https://mojinxi.cn,,,0,0,0,0,no_feed
blog.lfyszy.top,https://blog.lfyszy.top/,,,0,0,0,0,no_feed
yvii.cn,https://www.yvii.cn/,,,0,0,0,0,no_feed
littlefean.github.io,https://littlefean.github.io/,,,0,0,0,0,no_feed
blog.aizrf.com,https://blog.aizrf.com/,,,0,0,0,0,no_feed
fifsky.com,https://fifsky.com,,,0,0,0,0,no_feed
iflux.art,https://iflux.art/,,,0,0,0,0,no_feed
furrycon.top,https://furrycon.top/,,,0,0,0,0,no_feed
blog.code520.com.cn,https://blog.code520.com.cn,,,0,0,0,0,no_feed
imets.cn,https://www.imets.cn/,,,0,0,0,0,no_feed
shansan.top,https://shansan.top,,,0,0,0,0,no_feed
blueke.top,https://www.blueke.top,,,0,0,0,0,no_feed
blog.reverier16.com,https://blog.reverier16.com/,,,0,0,0,0,no_feed
myblog.wallleap.cn,https://myblog.wallleap.cn,,,0,0,0,0,no_feed
blog.yiming1234.cn,https://blog.yiming1234.cn,,,0,0,0,0,no_feed
blog.huaxiangshan.com,https://blog.huaxiangshan.com/zh-cn/,,,0,0,0,0,no_feed
moechun.fun,https://moechun.fun,,,0,0,0,0,no_feed
davingm.com,https://davingm.com,,,0,0,0,0,no_feed
yuluo.xyz,https://yuluo.xyz,,,0,0,0,0,no_feed
7gugu.com,https://7gugu.com,,,0,0,0,0,no_feed
xuzhou-jiang.su,https://xuzhou-jiang.su,,,0,0,0,0,no_feed
ordchaos.com,https://www.ordchaos.com,,,0,0,0,0,no_feed
pandakon.cn,https://pandakon.cn/,,,0,0,0,0,no_feed
gabrielxd.com,https://gabrielxd.com,,,0,0,0,0,no_feed
pkold.com,https://pkold.com,,,0,0,0,0,no_feed
penginman.com,https://www.penginman.com,,,0,0,0,0,no_feed
tiaobug.com,https://www.tiaobug.com,,,0,0,0,0,no_feed
wcowin.work,https://wcowin.work/,,,0,0,0,0,no_feed
indude.cn,https://indude.cn/,,,0,0,0,0,no_feed
wiki.pwddd.com,https://wiki.pwddd.com,,,0,0,0,0,no_feed
blog.nosecurity.cn,https://blog.nosecurity.cn,,,0,0,0,0,no_feed
blog.leoo.fun,https://blog.leoo.fun/,,,0,0,0,0,no_feed
i.bbb-lsy07.sbs,https://i.bbb-lsy07.sbs,,,0,0,0,0,no_feed
wpironman.top,https://www.wpironman.top/,,,0,0,0,0,no_feed
zachariah.run,https://zachariah.run/,,,0,0,0,0,no_feed
mengbooo.github.io,https://mengbooo.github.io/BemoDB/,,,0,0,0,0,no_feed
illusional.top,https://www.illusional.top/,,,0,0,0,0,no_feed
mioz.life,https://www.mioz.life/,,,0,0,0,0,no_feed
liwanr.com,https://liWanr.com,,,0,0,0,0,no_feed
land.hash.moe,https://land.hash.moe/,,,0,0,0,0,no_feed
zhouwenzhe.com,https://zhouwenzhe.com,,,0,0,0,0,no_feed
blog.fyz666.xyz,https://blog.fyz666.xyz/,,,0,0,0,0,no_feed
leetfs.com,https://leetfs.com/,,,0,0,0,0,no_feed
ziyunchu.com,https://ziyunchu.com,,,0,0,0,0,no_feed
blog.365sites.top,https://blog.365sites.top,,,0,0,0,0,no_feed
baii.icu,https://baii.icu,,,0,0,0,0,no_feed
blog.arkria.dev,https://blog.arkria.dev/,,,0,0,0,0,no_feed
moraex.com,https://www.moraex.com,,,0,0,0,0,no_feed
mroldl001.top,https://www.mroldl001.top/,,,0,0,0,0,no_feed
chriskim.cn,https://www.chriskim.cn/,,,0,0,0,0,no_feed
iftft.com,https://www.iftft.com,,,0,0,0,0,no_feed
jiejie.uk,https://jiejie.uk/blog,,,0,0,0,0,no_feed
jerrydodo.com,https://jerrydodo.com,,,0,0,0,0,no_feed
dao.js.cn,https://www.dao.js.cn/,,,0,0,0,0,no_feed
zhengqiao.wang,https://www.zhengqiao.wang,,,0,0,0,0,no_feed
luodeb.top,https://www.luodeb.top,,,0,0,0,0,no_feed
blog.daoxi365.top,https://blog.daoxi365.top/,,,0,0,0,0,no_feed
yoseya2410.github.io,https://yoseya2410.github.io,,,0,0,0,0,no_feed
nichijou.moe,https://nichijou.moe,,,0,0,0,0,no_feed
blog.ganxb2.com,https://blog.ganxb2.com,,,0,0,0,0,no_feed
zihan.show,https://www.zihan.show,,,0,0,0,0,no_feed
blog.mariozzj.cn,https://blog.mariozzj.cn,,,0,0,0,0,no_feed
blog.codestar.top,https://blog.codestar.top,,,0,0,0,0,no_feed
yao9e.cn,https://www.yao9e.cn/,,,0,0,0,0,no_feed
blog.nekotc.cn,https://blog.nekotc.cn,,,0,0,0,0,no_feed
diary.bid,https://diary.bid,,,0,0,0,0,no_feed
note.noxussj.top,https://note.noxussj.top,,,0,0,0,0,no_feed
ittongxue.cn,https://www.ittongxue.cn,,,0,0,0,0,no_feed
shenfou.com,https://shenfou.com,,,0,0,0,0,no_feed
amiaaaz.github.io,https://amiaaaz.github.io,,,0,0,0,0,no_feed
blog.kimbell.top,https://blog.kimbell.top/,,,0,0,0,0,no_feed
pic.ffnb.top,https://pic.ffnb.top,,,0,0,0,0,no_feed
tntmcbbs.cn,https://www.tntmcbbs.cn/,,,0,0,0,0,no_feed
dawnteam.cn,https://www.dawnteam.cn,,,0,0,0,0,no_feed
llmzyj.github.io,https://llmzyj.github.io,,,0,0,0,0,no_feed
youyeyejie.github.io,https://youyeyejie.github.io/,,,0,0,0,0,no_feed
blog.twofei.com,https://blog.twofei.com,,,0,0,0,0,no_feed
blog.ozzo.top,http://blog.ozzo.top,,,0,0,0,0,no_feed
ddf.im,https://www.ddf.im,,,0,0,0,0,no_feed
blog.levnli.cn,https://blog.levnli.cn,,,0,0,0,0,no_feed
httsard.online,https://httsard.online/,,,0,0,0,0,no_feed
wordplay.work,https://wordplay.work/,,,0,0,0,0,no_feed
xrpyq.com,https://www.xrpyq.com/page/links,,,0,0,0,0,no_feed
lys8.cn,https://lys8.cn,,,0,0,0,0,no_feed
blog.boychai.xyz,https://blog.boychai.xyz/,,,0,0,0,0,no_feed
alzt02.github.io,https://alzt02.github.io,,,0,0,0,0,no_feed
kaitaku.xyz,https://www.kaitaku.xyz,,,0,0,0,0,no_feed
tdeh.top,https://tdeh.top,,,0,0,0,0,no_feed
blog.leihub.cn,https://blog.leihub.cn/,,,0,0,0,0,no_feed
his2nd.life,https://his2nd.life,,,0,0,0,0,no_feed
shadow-man.site,https://shadow-man.site/,,,0,0,0,0,no_feed
nuyoahbk.com,https://www.nuyoahbk.com,,,0,0,0,0,no_feed
xkj.93665.xin,https://xkj.93665.xin/,,,0,0,0,0,no_feed
yanghuaxing.com,https://www.yanghuaxing.com,,,0,0,0,0,no_feed
blog.rabbitwebs.cn,https://blog.rabbitwebs.cn,,,0,0,0,0,no_feed
soogf.com,https://soogf.com/,,,0,0,0,0,no_feed
blog.anheyu.com,https://blog.anheyu.com,,,0,0,0,0,no_feed
rylan.cn,https://rylan.cn/,,,0,0,0,0,no_feed
caibucai.top,https://www.caibucai.top/,,,0,0,0,0,no_feed
bugcoder.asia,https://bugcoder.asia,,,0,0,0,0,no_feed
koxiuqiu.cn,https://koxiuqiu.cn,,,0,0,0,0,no_feed
ecylt.top,https://www.ecylt.top/,,,0,0,0,0,no_feed
xhd0728.github.io,https://xhd0728.github.io/,,,0,0,0,0,no_feed
studiountagged.top,https://studiountagged.top,,,0,0,0,0,no_feed
louisfiy.com,https://louisfiy.com,,,0,0,0,0,no_feed
nocp.space,https://nocp.space,,,0,0,0,0,no_feed
centaurea.top,https://centaurea.top,,,0,0,0,0,no_feed
dong27th.cn,https://www.dong27th.cn,,,0,0,0,0,no_feed
quarkpixel.github.io,https://quarkpixel.github.io/,,,0,0,0,0,no_feed
viisaus.tech,https://viisaus.tech,,,0,0,0,0,no_feed
skyre.cn,https://www.skyre.cn,,,0,0,0,0,no_feed
guzhengsvt.cn,https://guzhengsvt.cn/,,,0,0,0,0,no_feed
xenwayne.top,https://xenwayne.top,,,0,0,0,0,no_feed
zyxin.xyz,https://zyxin.xyz/blog,,,0,0,0,0,no_feed
yc100.github.io,https://yc100.github.io/,,,0,0,0,0,no_feed
lakeus.xyz,https://lakeus.xyz,,,0,0,0,0,no_feed
lukelzlz.top,https://lukelzlz.top/,,,0,0,0,0,no_feed
blog.6uu.us,https://blog.6uu.us,,,0,0,0,0,no_feed
lorre.top,https://lorre.top,,,0,0,0,0,no_feed
bi1vmm.cn,https://bi1vmm.cn/,,,0,0,0,0,no_feed
blog.ilidilid.top,https://blog.ilidilid.top/,,,0,0,0,0,no_feed
qixz.cn,https://www.qixz.cn/,,,0,0,0,0,no_feed
blog.lie-kong.top,https://blog.lie-kong.top/,,,0,0,0,0,no_feed
blog.amireuxox.cn,https://blog.amireuxox.cn,,,0,0,0,0,no_feed
a0v0a.cn,https://www.a0v0a.cn,,,0,0,0,0,no_feed
529464.xyz,https://529464.xyz/,,,0,0,0,0,no_feed
amjun.com,https://www.amjun.com/,,,0,0,0,0,no_feed
hikki.site,https://hikki.site,,,0,0,0,0,no_feed
blog.faryou.eu.org,https://blog.faryou.eu.org,,,0,0,0,0,no_feed
blog.hongsw.cn,https://blog.hongsw.cn,,,0,0,0,0,no_feed
jjy2023.cn,https://www.jjy2023.cn/,,,0,0,0,0,no_feed
penguinway.space,https://penguinway.space,,,0,0,0,0,no_feed
blog.serms.top,https://blog.serms.top/,,,0,0,0,0,no_feed
uufog.com,https://www.uufog.com,,,0,0,0,0,no_feed
weitao-jiang.cn,https://www.weitao-jiang.cn,,,0,0,0,0,no_feed
cooree.eu.org,https://www.cooree.eu.org/,,,0,0,0,0,no_feed
blog.ooliver.cn,https://blog.ooliver.cn,,,0,0,0,0,no_feed
wanyijizi.com,https://wanyijizi.com,,,0,0,0,0,no_feed
rl1.cc,https://rl1.cc,,,0,0,0,0,no_feed
itpours.com,https://www.itpours.com,,,0,0,0,0,no_feed
blog.catrol.cn,https://blog.catrol.cn,,,0,0,0,0,no_feed
zxwlove.xyz,https://zxwlove.xyz,,,0,0,0,0,no_feed
ley.best,https://ley.best,,,0,0,0,0,no_feed
a8rs.top,https://a8rs.top,,,0,0,0,0,no_feed
ashy.me,https://ashy.me,,,0,0,0,0,no_feed
kongsheng.top,https://www.kongsheng.top,,,0,0,0,0,no_feed
csl88.top,https://www.csl88.top,,,0,0,0,0,no_feed
blog.caonmd.com,https://blog.caonmd.com/,,,0,0,0,0,no_feed
6lazi.com,https://6lazi.com,,,0,0,0,0,no_feed
blog.southz.top,https://blog.southz.top/,,,0,0,0,0,no_feed
wangdi.xyz,https://www.wangdi.xyz,,,0,0,0,0,no_feed
zhuxu.asia,https://zhuxu.asia/,,,0,0,0,0,no_feed
kangqiovo.com,https://www.kangqiovo.com,,,0,0,0,0,no_feed
blog.sdnie.fun,https://blog.sdnie.fun,,,0,0,0,0,no_feed
loliloli.moe,https://loliloli.moe,,,0,0,0,0,no_feed
kylaan.top,https://Kylaan.top,,,0,0,0,0,no_feed
lonleaf.com,https://lonleaf.com,,,0,0,0,0,no_feed
blog.alcex.cn,https://blog.alcex.cn,,,0,0,0,0,no_feed
blog.shaoao.top,https://blog.shaoao.top,,,0,0,0,0,no_feed
sangxuesheng.com,https://sangxuesheng.com,,,0,0,0,0,no_feed
imcharon.com,https://www.imcharon.com,,,0,0,0,0,no_feed
chinjua.com.cn,https://www.chinjua.com.cn/,,,0,0,0,0,no_feed
nenufm.com,https://nenufm.com,,,0,0,0,0,no_feed
blog.w1ndys.top,https://blog.w1ndys.top/,,,0,0,0,0,no_feed
wrans.top,https://wrans.top,,,0,0,0,0,no_feed
blog.671688.xyz,https://blog.671688.xyz,,,0,0,0,0,no_feed
lyxnxia.space,https://lyxnxia.space,,,0,0,0,0,no_feed
docn.net,https://www.docn.net,,,0,0,0,0,no_feed
blog.floqo.cn,https://blog.floqo.cn/,,,0,0,0,0,no_feed
duxinfeng.com,https://duxinfeng.com,,,0,0,0,0,no_feed
443eb9.dev,https://443eb9.dev/,,,0,0,0,0,no_feed
luuooo.com,https://luuooo.com/,,,0,0,0,0,no_feed
stvue.com,https://stvue.com,,,0,0,0,0,no_feed
wyxogo.top,https://wyxogo.top,,,0,0,0,0,no_feed
mqfs.com,https://mqfs.com,,,0,0,0,0,no_feed
blog.kobin.cn,https://blog.kobin.cn,,,0,0,0,0,no_feed
icooper.cc,https://icooper.cc,,,0,0,0,0,no_feed
pljzy.top,https://pljzy.top,,,0,0,0,0,no_feed
jampang.cn,https://www.jampang.cn/,,,0,0,0,0,no_feed
ling71.cn,https://www.ling71.cn,,,0,0,0,0,no_feed
blog.mcenahle.org.cn,https://blog.mcenahle.org.cn/,,,0,0,0,0,no_feed
xiangming.site,https://www.xiangming.site,,,0,0,0,0,no_feed
lishoujie.cn,https://www.lishoujie.cn,,,0,0,0,0,no_feed
woodfishhhh.xyz,https://www.woodfishhhh.xyz/,,,0,0,0,0,no_feed
202271.xyz,https://202271.xyz,,,0,0,0,0,no_feed
