source,target
utopiaxc.cn,champhoon.xyz
utopiaxc.cn,imcao.cn
utopiaxc.cn,dorakika.cn
utopiaxc.cn,tinsir888.github.io
utopiaxc.cn,qijieya.cn
utopiaxc.cn,blog.zhheo.com
utopiaxc.cn,loliloli.moe
jerrydodo.com,wanyijizi.com
jerrydodo.com,mishi23.com
jerrydodo.com,foolishfox.cn
jerrydodo.com,musenxi.com
daoker.cc,blog.storia.ren
zhangz.cc,wangyunzi.com
zhangz.cc,blog.kfdzcoffee.cn
imqi1.com,blog.zhheo.com
blog.imken.moe,david03.top
529464.xyz,xhd0728.github.io
529464.xyz,yao9e.cn
529464.xyz,penguinway.space
kinsey973.github.io,yunyoujun.cn
ziyang-bai.github.io,muidar.com
ski.ink,milu.ink
ski.ink,lihaoyu.cn
ski.ink,zerowolf.cn
blog.mmoe.work,mmoe.work
qiulaidongfeng.github.io,haoyu233.com
qiulaidongfeng.github.io,memxb.top
home.vindo.cn,vindo.cn
dudududu.vip,blog.imsyy.top
air1.cn,innatus.cn
yucol.top,lisz.me
blog.borber.top,musenxi.com
blog.borber.top,blog.badapple.pro
blog.weidows.tech,blognas.hwb0307.com
blog.weidows.tech,coolku.cc
blog.weidows.tech,blog.zhheo.com
imcys.com,xiaolii.com
imcys.com,m78.co
imcys.com,baipin.pw
moshanghua.net,wcowin.work
imcys.com,misakamoe.com
moshanghua.net,musenxi.com
hiwannz.com,srebro.cn
moshanghua.net,blog.kfdzcoffee.cn
hiwannz.com,iamazing.cn
moshanghua.net,blog.tigerxly.com
hiwannz.com,feidaoboke.com
moshanghua.net,bytecho.net
hiwannz.com,zlinblog.cn
moshanghua.net,dabenshi.cn
moshanghua.net,wanglin.blog
moshanghua.net,umb.ink
moshanghua.net,fish9.cn
jokerdig.top,jinjis.cn
jokerdig.top,xiaoxinblog.xyz
blog.brackrat.com,muidar.com
blog.brackrat.com,7gugu.com
blog.moe233.net,mojinxi.cn
blog.moe233.net,blog.pai233.top
blog.moe233.net,whooc.com
blog.moe233.net,blog.revincx.icu
blog.moe233.net,miaoer.net
blog.moe233.net,ilovey.live
fairysen.com,yrian.top
moleft.cn,cairbin.top
blog.hzchu.top,xsl.im
zqcnc.cn,sszsj.com
blog.hzchu.top,blog.mc-sep.top
zqcnc.cn,foolishfox.cn
blog.hzchu.top,kumosya.top
blog.itsse.cn,lik.cc
blog.hzchu.top,lxnchan.cn
irithys.com,blog.lichenghao.cn
blog.hzchu.top,blog.kfdzcoffee.cn
jianchengwang.info,yunyoujun.cn
zouht.com,rsnocsi.cn
irithys.com,blog.starsharbor.com
blog.hzchu.top,blog.hanta2011.top
zouht.com,chriskim.cn
irithys.com,shimoko.com
blog.hzchu.top,blog.lvbyte.top
zouht.com,manshaoco.com
irithys.com,blog.leoo.fun
blog.hzchu.top,blog.linyunlink.top
zouht.com,foolishfox.cn
irithys.com,blog.dylanwu.space
blog.hzchu.top,dusays.com
libmbr.com,blog.chyk.ink
zouht.com,milu.ink
irithys.com,ayu.land
blog.hzchu.top,linexic.top
libmbr.com,kegongteng.cn
zouht.com,blog.liushen.fun
blog.hzchu.top,careful.fyi
libmbr.com,blog.hesiy.cn
blog.hzchu.top,skira.top
libmbr.com,leziblog.com
libmbr.com,lihaoyu.cn
libmbr.com,rikka.im
libmbr.com,itxcjm.top
champhoon.xyz,baiwulin.com
libmbr.com,zyglq.cn
champhoon.xyz,blog.zhecydn.asia
libmbr.com,blog.stevezmt.top
champhoon.xyz,blog.aqcoder.cn
libmbr.com,blog.gxres.net
champhoon.xyz,blog.starsharbor.com
champhoon.xyz,blog.leonus.cn
champhoon.xyz,blog.storia.ren
champhoon.xyz,imjipa.top
champhoon.xyz,miaoer.net
champhoon.xyz,xiaozonglin.cn
champhoon.xyz,utopiaxc.cn
champhoon.xyz,sumi233.top
champhoon.xyz,pinaland.cn
blog.xlenco.top,blog.redcha.cn
blog.xlenco.top,iflux.art
blog.xlenco.top,blog.zhheo.com
blog.xlenco.top,blog.imsyy.top
blog.xlenco.top,blog.bsgun.cn
blog.xlenco.top,blog.leonus.cn
blog.xlenco.top,blog.zhilu.cyou
blog.xlenco.top,icodeq.com
blog.xlenco.top,pinpe.top
blog.xlenco.top,illusional.top
blog.xlenco.top,thyuu.com
blog.xlenco.top,ayu.land
kenshin2438.top,lukelzlz.top
kaitaku.xyz,blog.twelveeee.top
blog.goodboyboy.top,blog.furen.link
kaitaku.xyz,shimoko.com
blog.goodboyboy.top,blog.jiyu134.top
kaitaku.xyz,blog.moeqy.com
blog.goodboyboy.top,blog.kkii.org
blog.goodboyboy.top,blog.245179.xyz
blog.goodboyboy.top,baiwulin.com
blog.goodboyboy.top,pyrzo.com
blog.goodboyboy.top,blog.fis.ink
blog.goodboyboy.top,lincol29.cn
blog.goodboyboy.top,fang.blog.miri.site
blog.goodboyboy.top,nickwald.top
blog.goodboyboy.top,blog.moeworld.tech
blog.goodboyboy.top,blog.mocn.top
blog.goodboyboy.top,koxiuqiu.cn
blog.goodboyboy.top,notes.smallbamboo.cn
blog.goodboyboy.top,maxqi.top
blog.goodboyboy.top,baipin.pw
blog.goodboyboy.top,iczrx.cn
blog.goodboyboy.top,furryowo.top
blog.goodboyboy.top,blog.musnow.top
totoro.site,xiaozonglin.cn
totoro.site,kissbaofish.cn
amber6hua.github.io,shoka.lostyu.me
blog.loveyou.moe,tinsir888.github.io
amber6hua.github.io,jellypro.cn
blog.loveyou.moe,ecylt.top
amber6hua.github.io,blog.moeqy.com
muidar.com,illusional.top
panda995.xyz,blog.zamlia.com
muidar.com,7gugu.com
panda995.xyz,xyzbz.cn
blog.yuse.cc,blog.study996.cn
muidar.com,m78.co
muidar.com,wikimoe.com
muidar.com,cloud.sd.cn
ysicing.me,programnotes.cn
muidar.com,yuanzj.top
ysicing.me,blog.yasking.org
muidar.com,blog.brackrat.com
ysicing.me,wiki.eryajf.net
ysicing.me,dusays.com
n-bc.top,blog.leonus.cn
n-bc.top,blog.moeqy.com
n-bc.top,blog.catchyun.com
tjsky.net,ddw2019.com
n-bc.top,echeverra.cn
tjsky.net,ccgxk.com
n-bc.top,226yzy.com
n-bc.top,shimoko.com
n-bc.top,dusays.com
n-bc.top,baiwumm.com
subrige.xyz,moi-mo.github.io
n-bc.top,blognas.hwb0307.com
xxp.one,blog.drpika.com
xxp.one,bi1vmm.cn
tonyyin.top,diary.bid
c2ics.com,lihaoyu.cn
lab.gb0.dev,blog.gzti.me
lab.gb0.dev,blog.gxres.net
barku.re,miaoer.net
lab.gb0.dev,cynosura.one
barku.re,musenxi.com
lab.gb0.dev,blog.chyk.ink
barku.re,takuron.com
geekery.cn,vrast.cn
neutrino7.top,blog.chaunceychi.fun
geekery.cn,white-festa.net
neutrino7.top,fanyiming.life
geekery.cn,liubing.me
neutrino7.top,ayu.land
jinqimu.github.io,boiltask.com
geekery.cn,the0n3.top
geekery.cn,liuchenyang.top
geekery.cn,linjhs.top
geekery.cn,oragekk.me
geekery.cn,srebro.cn
geekery.cn,masle.top
hechuan.me,bwsl.wang
wrye.dev,cynosura.one
wrye.dev,yunyitang.me
yilantingfeng.site,xiaozonglin.cn
lb5.net,dao.js.cn
lb5.net,puresky.top
lb5.net,blog.faryou.eu.org
lb5.net,blog.kfdzcoffee.cn
haoruanmao.com,htmacg.cn
haoruanmao.com,blog.zhheo.com
blog.59888888.xyz,blog.zhheo.com
diary.bid,blog.lvbyte.top
hxy.cc,bioez.xyz
haoruanmao.com,x8xx.cn
blog.59888888.xyz,blog.anheyu.com
diary.bid,202271.xyz
hxy.cc,gorpeln.top
haoruanmao.com,memxb.top
blog.59888888.xyz,wuminboke.site
diary.bid,tonyyin.top
hxy.cc,hin.cool
blog.59888888.xyz,ghostchu.com
diary.bid,xiaolii.com
hxy.cc,wang618.cn
blog.59888888.xyz,tylk.cc
diary.bid,blog.moyuql.top
hxy.cc,zxs.me
blog.59888888.xyz,blognas.hwb0307.com
hxy.cc,lyszm.com
blog.59888888.xyz,blog.6uu.us
hxy.cc,vindo.cn
blog.59888888.xyz,i.bbb-lsy07.sbs
hxy.cc,note.redcha.cn
hxy.cc,lybblog.cn
hxy.cc,wanghanyue.com
linexic.top,blog.hzchu.top
linexic.top,lihaoyu.cn
linexic.top,miraii.cn
linexic.top,oragekk.me
linexic.top,blog.feng1026.top
linexic.top,blog.gxres.net
linexic.top,blog.rainiar.top
linexic.top,pinpe.top
linexic.top,wcowin.work
linexic.top,biibii.cn
linexic.top,kzhik.cn
linexic.top,blog.kevinchu.top
linexic.top,blog.mugzx.top
linexic.top,blog.liushen.fun
linexic.top,blog.lichenghao.cn
linexic.top,blog.ooliver.cn
linexic.top,i.duckxu.com
linexic.top,xmdblog.com
linexic.top,axi404.top
linexic.top,iczrx.cn
linexic.top,allenyou.wang
linexic.top,blog.zhheo.com
linexic.top,dao.js.cn
linexic.top,zhuxu.asia
linexic.top,blog.lusyoe.com
linexic.top,lawtee.com
linexic.top,mengxiblog.top
loliapi.com,ecylt.top
blog.qgmzmy.me,blog.stevenw.cc
whooc.com,chenmx.net
whooc.com,blog.moe233.net
blog.im0o.top,imfurry.com
blog.im0o.top,blog.245179.xyz
blog.im0o.top,blog.jiyu134.top
logdict.com,tch.cool
blog.im0o.top,blog.june-pj.cn
logdict.com,lewky.cn
rylan.cn,blog.zhheo.com
blog.im0o.top,tinsir888.github.io
logdict.com,jinjun.top
hadongzhu.com,gcoulu.cn
logdict.com,blog.uptoz.cn
kegongteng.cn,blog.btwoa.com
hadongzhu.com,flowersink.com
logdict.com,blog.lovelu.top
kegongteng.cn,blog.zhheo.com
qwq.me,blog.twofei.com
hadongzhu.com,rhopaper.top
blog.reincarnatey.net,mgrowup.com
logdict.com,blog.ning.moe
kegongteng.cn,kumosya.top
hadongzhu.com,pinpe.top
blog.reincarnatey.net,note.moxiify.cn
logdict.com,blog.awaae001.top
kegongteng.cn,blog.marice.top
hadongzhu.com,ztgdblog.icu
logdict.com,blog.fkun.tech
kegongteng.cn,qiukui-note.happy365.day
logdict.com,blueke.top
kegongteng.cn,blog.sotkg.com
logdict.com,g-haoyu.top
kegongteng.cn,ztrztr.top
logdict.com,lik.cc
kegongteng.cn,blog.rainiar.top
logdict.com,r1n.top
kegongteng.cn,wcowin.work
logdict.com,blog.opeach.cn
kegongteng.cn,jukai.site
logdict.com,blog.moeworld.tech
kegongteng.cn,blog.opeach.cn
logdict.com,blog.yngcy.com
kegongteng.cn,pinpe.top
logdict.com,lycoris.cloud
kegongteng.cn,blog.starsharbor.com
logdict.com,ajinol.com
kegongteng.cn,blog.hanta2011.top
logdict.com,kanokano.cn
kegongteng.cn,pym.plus
logdict.com,owo.cab
kegongteng.cn,thyuu.com
logdict.com,blog.sdnie.fun
logdict.com,blog.furen.link
ooowl.net,pym.plus
ooowl.net,dusays.com
ooowl.net,xingwangzhe.fun
ooowl.net,xsl.im
bugbubbles.github.io,tinsir888.github.io
ooowl.net,kegongteng.cn
ooowl.net,note.redcha.cn
ooowl.net,blog.zhheo.com
ooowl.net,leonxie.cn
ooowl.net,pinpe.top
ooowl.net,blog.liseezn.top
farer.org,pkold.com
leetme.netlify.app,imcao.cn
leetme.netlify.app,blog.zhheo.com
leetme.netlify.app,blog.anheyu.com
blog.horonlee.com,yunyoujun.cn
geedea.pro,bioez.xyz
geedea.pro,yunyoujun.cn
santisify.top,blog.liushen.fun
geedea.pro,blog.southfox.me
santisify.top,pinpe.top
geedea.pro,nelsonboss.ink
santisify.top,koxiuqiu.cn
geedea.pro,cyrus19.cc
geedea.pro,ttio.cc
geedea.pro,chlo.is
geedea.pro,quarkpixel.github.io
geedea.pro,leehenry.top
geedea.pro,blog.dylanwu.space
aristore.top,the0n3.top
blog.likesrt.com,gcoulu.cn
blog.likesrt.com,pipuwong.com
jinjun.top,qninq.cn
blog.likesrt.com,anye.xyz
jinjun.top,yvii.cn
blog.likesrt.com,blog.imsyy.top
jinjun.top,logdict.com
blog.likesrt.com,thyuu.com
jinjun.top,blog.bsgun.cn
blog.likesrt.com,blog.zhheo.com
jinjun.top,dao.js.cn
jinjun.top,pinpe.top
jinjun.top,blog.starsharbor.com
jinjun.top,57767.top
jinjun.top,r1n.top
jinjun.top,t-t.live
jinjun.top,thyuu.com
jinjun.top,blog.liushen.fun
jinjun.top,wanyijizi.com
docs.lizili.online,wiki.eryajf.net
jinjun.top,80srz.com
docs.lizili.online,xyx404.github.io
docs.lizili.online,oragekk.me
blog.veitzn.top,zanks.link
blog.veitzn.top,cuixinxin.cn
blog.veitzn.top,note.redcha.cn
blog.veitzn.top,blog.zhheo.com
blog.veitzn.top,ayayy.com
blog.veitzn.top,luming.cool
blog.veitzn.top,blog.6uu.us
blog.veitzn.top,vjo.cc
blog.veitzn.top,puresky.top
blog.veitzn.top,pwsz.com
blog.veitzn.top,i.bbb-lsy07.sbs
blog.veitzn.top,paddysun.top
blog.veitzn.top,xyzbz.cn
blog.veitzn.top,blog.hanta2011.top
blog.veitzn.top,thyuu.com
blog.veitzn.top,eexuan.cn
blog.hehouhui.cn,memxb.top
blog.hehouhui.cn,blog.hiyun.top
blog.hehouhui.cn,blog.liushen.fun
blog.hehouhui.cn,rhopaper.top
blog.hehouhui.cn,blog.anheyu.com
blog.hehouhui.cn,allenyou.wang
blog.hehouhui.cn,moechun.fun
blog.hehouhui.cn,blog.zhheo.com
blog.hehouhui.cn,dao.js.cn
blog.hehouhui.cn,blog.dhbxs.top
blog.hehouhui.cn,blog.lusyoe.com
blog.hehouhui.cn,lawtee.com
blog.hehouhui.cn,blog.gumengyo.top
blog.hehouhui.cn,blog.meta-code.top
blog.hehouhui.cn,blog.deepchirp.com
blog.hehouhui.cn,haoyu233.com
blog.hehouhui.cn,iamyukino.cn
blog.hehouhui.cn,lifengdi.com
blog.hehouhui.cn,oyiso.cn
blog.hehouhui.cn,moriform.com
blog.hehouhui.cn,blog.cpen.top
vrast.cn,xingbianren.cn
vrast.cn,skylan.cc
vrast.cn,xiangming.site
vrast.cn,castamerego.com
vrast.cn,geekery.cn
vrast.cn,note.redcha.cn
vrast.cn,szhshp.org
vrast.cn,ihaihe.cn
vrast.cn,pwsz.com
vrast.cn,lincol29.cn
vrast.cn,blog.ehnap.com
vrast.cn,imqi1.com
vrast.cn,wiki.eryajf.net
vrast.cn,blog.drpika.com
vrast.cn,yunyanck.cn
vrast.cn,careful.fyi
ddw2019.com,blognas.hwb0307.com
imgradeone.com,httsard.online
blog.shenghuo2.top,blog.gzti.me
blog.jiumoz.com,blog.zhheo.com
imgradeone.com,blog.zhheo.com
blog.shenghuo2.top,blog.sky233.top
blog.jiumoz.com,ajinol.com
blog.shenghuo2.top,blog.kengwang.com.cn
blog.jiumoz.com,blog.kobin.cn
blog.jiumoz.com,blog.starchen.top
indulgeback.github.io,blog.imsyy.top
烫烫烫的锟斤拷.top,yunyoujun.cn
duanxiansen.com,pwsz.com
烫烫烫的锟斤拷.top,blog.weichky.com
duanxiansen.com,yufm.com
seandictionary.top,xiao-h.com
tylk.cc,blog.ning.moe
seandictionary.top,mnzn.me
tylk.cc,luoca.cn
tylk.cc,blog.xiaoda.fun
tylk.cc,yuanshen.dev
tylk.cc,loneapex.cn
jjy2023.cn,iasuna.com
tylk.cc,blog.59888888.xyz
jjy2023.cn,weitao-jiang.cn
fanyiming.life,neutrino7.top
fanyiming.life,physnya.top
zerowolf.cn,blog.dimeta.top
blog.xenoecho.top,blog.anheyu.com
zzzhome.cc,hetong-re4per.com
flowersink.com,blog.zamlia.com
fanyiming.life,blognas.hwb0307.com
zerowolf.cn,pysio.online
blog.xenoecho.top,efu.me
flowersink.com,hadongzhu.com
zerowolf.cn,blog.lie-kong.top
flowersink.com,ztgdblog.icu
zerowolf.cn,ski.ink
zerowolf.cn,milu.ink
blog.cancin.cn,dusays.com
blog.cancin.cn,thyuu.com
blog.cancin.cn,blog.joker2yue.com
blog.cancin.cn,blog.yaria.top
blog.0xd00.com,blog.gankudadiz.com
blog.cancin.cn,blog.liushen.fun
blog.cancin.cn,blog.leoo.fun
diraw.top,blog.xecades.xyz
blog.cancin.cn,iliuqi.com
diraw.top,axi404.top
blog.cancin.cn,blog.anheyu.com
diraw.top,zigzagk.top
blog.cancin.cn,blog.leonus.cn
diraw.top,azusemisa.top
whbbit.cn,vindo.cn
blog.cancin.cn,blog.zhilu.cyou
whbbit.cn,note.jiehua.org
blog.cancin.cn,blog.zhheo.com
blog.cancin.cn,blog.shineyu.cn
lyt0112.com,cworld0.com
lyt0112.com,axi404.top
liangbm3.site,sxrekord.com
liangbm3.site,lik.cc
axi404.top,lyt0112.com
liangbm3.site,blog.cancin.cn
axi404.top,linexic.top
liangbm3.site,ishya.top
axi404.top,blog.rainiar.top
liangbm3.site,blog.hanta2011.top
axi404.top,bioez.xyz
liangbm3.site,blog.lichenghao.cn
axi404.top,wznmickey.com
liangbm3.site,blog.6uu.us
axi404.top,leehenry.top
liangbm3.site,cworld0.com
axi404.top,juniortree.com
liangbm3.site,blog.june-pj.cn
liangbm3.site,easyf12.top
liangbm3.site,blog.anheyu.com
liangbm3.site,suemor.com
liangbm3.site,66619.eu.org
blog.luoh.org,blog.liushen.fun
blog.luoh.org,blog.mcxiaochen.top
blog.luoh.org,maxqi.top
blog.luoh.org,blog.bsgun.cn
lailai.one,castamerego.com
xfsay.com,dusays.com
blog.hiyun.top,blog.hehouhui.cn
blog.plfjy.top,blog.deepchirp.com
xfsay.com,srebro.cn
blog.hiyun.top,blog.anheyu.com
hailandao.com,blog.tdrme.cn
xfsay.com,blog.jiyu134.top
hailandao.com,blog.veitzn.top
xfsay.com,blog.musnow.top
hailandao.com,amjun.com
mubeiyizhimao.top,zla.pub
inkss.cn,blog.kaiqi.wang
inkss.cn,note.redcha.cn
inkss.cn,foolishfox.cn
eofs791.github.io,iamyukino.cn
inkss.cn,dusays.com
eofs791.github.io,weitao-jiang.cn
inkss.cn,blog.zhheo.com
eofs791.github.io,wikimoe.com
inkss.cn,7bxing.com
eofs791.github.io,nekro.top
inkss.cn,dao.js.cn
eofs791.github.io,blog.yaria.top
inkss.cn,hin.cool
eofs791.github.io,vnyzm.top
inkss.cn,blog.mhuig.top
inkss.cn,colsrch.cn
baozongwi.xyz,mnzn.me
zihan.show,dao.js.cn
webfem.com,dusays.com
webfem.com,blog.zhheo.com
webfem.com,blog.liushen.fun
webfem.com,webjing.cn
webfem.com,lincol29.cn
blog.yaten.xyz,hejunjie.life
blog.yaten.xyz,memxb.top
blog.yaten.xyz,blog.june-pj.cn
leehenry.top,chlo.is
blog.yaten.xyz,blog.mcxiaochen.top
leehenry.top,ayu.land
blog.yaten.xyz,blog.jerryz.com.cn
leehenry.top,blog.imlast.top
blog.yaten.xyz,note.redcha.cn
leehenry.top,axi404.top
blog.yaten.xyz,haoyu233.com
leehenry.top,lipk.org
blog.yaten.xyz,blog.zyx-2012.cn
leehenry.top,bioez.xyz
leehenry.top,blog.marshuni.fun
leehenry.top,lapis.cafe
leehenry.top,geedea.pro
leehenry.top,blog.trfox.top
leehenry.top,ttio.cc
leehenry.top,luming.cool
mnzn.me,seandictionary.top
mnzn.me,blog.w1ndys.top
mnzn.me,baozongwi.xyz
yux-bao.icu,axi404.top
yux-bao.icu,blog.zhheo.com
yux-bao.icu,shinya.click
yux-bao.icu,penjc.cn
yux-bao.icu,emohe.cn
yux-bao.icu,mofan212.github.io
yux-bao.icu,vluv.space
chenhe.me,iots.vip
chenhe.me,bytecho.net
nkns.cc,cworld0.com
chenhe.me,taurusxin.com
sutdown.github.io,guzhengsvt.cn
blog.cmyr.ltd,wiki.eryajf.net
blog.cmyr.ltd,ameow.xyz
ayayy.com,blog.veitzn.top
ayayy.com,pinaland.cn
ayayy.com,m-n.top
sizau.com,freejishu.com
sizau.com,blog.kengwang.com.cn
mengxiblog.top,blog.sotkg.com
mengxiblog.top,ftz.is-a.dev
mengxiblog.top,linexic.top
blog.gankudadiz.com,leenet.xyz
blog.gankudadiz.com,miraii.cn
blog.gankudadiz.com,blog.0xd00.com
blog.guuguai.site,blog.luckyfishes.site
blog.gankudadiz.com,blog.samhou.moe
juniortree.com,upxuu.com
blog.gankudadiz.com,blog.liseezn.top
likepoems.com,blognas.hwb0307.com
juniortree.com,axi404.top
blog.gankudadiz.com,timochan.cn
likepoems.com,blog.andyjin.website
blog.gankudadiz.com,iasuna.com
likepoems.com,blog.gumengyo.top
mmoe.work,blog.mmoe.work
yrian.top,fairysen.com
7bxing.com,dusays.com
7bxing.com,colsrch.cn
musenxi.com,moshanghua.net
blog.fkun.tech,i.bbb-lsy07.sbs
7bxing.com,inkss.cn
musenxi.com,blog.moej.cn
blog.fkun.tech,moechu.cn
7bxing.com,blog.mhuig.top
musenxi.com,barku.re
blog.fkun.tech,foolishfox.cn
musenxi.com,imakashi.com
blog.fkun.tech,chenxublog.com
musenxi.com,baipin.pw
blog.fkun.tech,logdict.com
musenxi.com,guqing.io
blog.fkun.tech,nymane.xyz
musenxi.com,blog.tigerxly.com
blog.fkun.tech,yunyoujun.cn
blog.fkun.tech,kqh.me
blog.fkun.tech,blog.6uu.us
blog.fkun.tech,bytecho.net
blog.fkun.tech,zanks.link
azusemisa.top,shoka.lostyu.me
azusemisa.top,guqing.io
azusemisa.top,blog.pai233.top
azusemisa.top,colsrch.cn
azusemisa.top,mrrxx.com
azusemisa.top,yunyoujun.cn
azusemisa.top,blog.tigerxly.com
azusemisa.top,vnyzm.top
fushaolei.github.io,puresky.top
bluesdawn.top,blog.mcxiaochen.top
kp-z.github.io,blog.fkun.tech
fushaolei.github.io,xingwangzhe.fun
bluesdawn.top,loliloli.moe
tabirstrees.top,foolishfox.cn
takuron.com,guqing.io
ilovey.live,lewky.cn
castamerego.com,blog.uuanqin.top
fushaolei.github.io,shoka.lostyu.me
bluesdawn.top,blog.luzy.top
tabirstrees.top,physnya.top
takuron.com,blog.tigerxly.com
ilovey.live,blog.moe233.net
zigzagk.top,blog.nekomoyi.com
magma.ink,sbsb.life
blog.chrxw.com,blog.tigerxly.com
fushaolei.github.io,subrige.xyz
tabirstrees.top,blog.weichky.com
takuron.com,barku.re
ilovey.live,blog.imzy.ink
zigzagk.top,cairbin.top
magma.ink,blog.aulypc0x0.online
yzyyz.top,luodeb.top
fushaolei.github.io,sszsj.com
ilovey.live,blog.yuse.cc
magma.ink,wuminboke.site
yzyyz.top,lklog.cn
feidaoboke.com,yufm.com
fushaolei.github.io,blog.viki.moe
ilovey.live,blog.revincx.icu
magma.ink,blog.lynn6.cn
yzyyz.top,kanokano.cn
feidaoboke.com,xiaozonglin.cn
addesp.com,controlnet.space
ilovey.live,blog.gumengyo.top
magma.ink,pinpe.top
yzyyz.top,imcao.cn
feidaoboke.com,hiwannz.com
addesp.com,baka.fun
luming.cool,blog.veitzn.top
linxii.top,axi404.top
ilovey.live,longtao.fun
magma.ink,peter267.github.io
yzyyz.top,xrpyq.com
feidaoboke.com,pwsz.com
addesp.com,dusays.com
luming.cool,i.duckxu.com
blog.revincx.icu,blog.zhilu.cyou
misakamoe.com,g-haoyu.top
ilovey.live,vinking.top
magma.ink,bcmonomial.xyz
yzyyz.top,iktao.cn
addesp.com,itpours.com
luming.cool,blog.kaiqi.wang
blog.revincx.icu,ilovey.live
misakamoe.com,imcys.com
liwanr.com,fuxes.cn
saneko.me,blog.sakura.ink
ilovey.live,wpzllq.cn
magma.ink,blog.moeworld.tech
yzyyz.top,colsrch.cn
addesp.com,yvii.cn
luming.cool,leehenry.top
blog.revincx.icu,vnyzm.top
misakamoe.com,xiwangly.com
liwanr.com,bluelanm.github.io
saneko.me,kzhik.cn
guirlan.de,blog.bleaz.net
ilovey.live,blog.adlamp.cn
magma.ink,irr.ink
addesp.com,david03.top
luming.cool,note.moxiify.cn
blog.revincx.icu,blog.moe233.net
misakamoe.com,imfurry.com
saneko.me,cworld0.com
guirlan.de,blog.yujiay.wang
blog.ljcbaby.top,yunyoujun.cn
yuanshan.site,lihaoyu.cn
ilovey.live,ygxz.in
magma.ink,imfurry.com
addesp.com,yunyoujun.cn
luming.cool,haoyu233.com
blog.revincx.icu,blog.gumengyo.top
misakamoe.com,blog.wryhf.com
saneko.me,sumi233.top
guirlan.de,miraii.cn
ariels.xyz,blog.pai233.top
ilovey.live,guqing.io
magma.ink,blognas.hwb0307.com
luming.cool,blog.gytxtx.top
blog.revincx.icu,krau.top
misakamoe.com,blog.tomys.top
guirlan.de,lihaoyu.cn
blog.gzti.me,blog.hanlin.press
fang.blog.miri.site,allenyou.wang
shuiao.top,blognas.hwb0307.com
luming.cool,pinpe.top
misakamoe.com,yunyanck.cn
guirlan.de,blog.histcat.top
blog.gzti.me,lab.gb0.dev
fang.blog.miri.site,blog.storia.ren
kirito.info,lewky.cn
luming.cool,guirlan.de
misakamoe.com,umb.ink
guirlan.de,blog.aqcoder.cn
fang.blog.miri.site,blog.jiyu134.top
shiyin.cafe,zla.pub
dusays.com,ysicing.me
amazingk.cn,chenmx.net
blog.southfox.me,blognas.hwb0307.com
chirmyram.top,manjiuqi.com
note.noxussj.top,imcao.cn
blog.sdsml.top,blog.ooliver.cn
luming.cool,blog.mckero.com
misakamoe.com,baipin.pw
guirlan.de,blog.255650.xyz
fang.blog.miri.site,satinau.cn
shiyin.cafe,weitao-jiang.cn
dusays.com,lihaoyu.cn
amazingk.cn,ishya.top
blog.southfox.me,lonleaf.com
chirmyram.top,blog.moeworld.tech
note.noxussj.top,blog.zhilu.cyou
blog.lxscloud.top,foolishfox.cn
icodeq.com,lihaoyu.cn
luming.cool,dusays.com
misakamoe.com,moey.cn
guirlan.de,r1n.top
fang.blog.miri.site,mgrowup.com
shiyin.cafe,qaqme.cn
dusays.com,vjo.cc
blog.southfox.me,blog.kclub.tech
chirmyram.top,blog.quickso.cn
icodeq.com,blog.hikariyo.net
luming.cool,xingmail.cn
misakamoe.com,xiaolii.com
guirlan.de,blog.xcnya.cn
fang.blog.miri.site,blog.goodboyboy.top
shiyin.cafe,moeyao.cn
dusays.com,yvii.cn
blog.southfox.me,blog.dylanwu.space
icodeq.com,blognas.hwb0307.com
luming.cool,blog.hxrch.top
misakamoe.com,jiuliu.top
guirlan.de,imcys.com
fang.blog.miri.site,blog.l3zc.com
shiyin.cafe,blog.sakura.ink
dusays.com,80srz.com
blog.southfox.me,pinpe.top
icodeq.com,blog.xlenco.top
luming.cool,yuanzj.top
guirlan.de,ordchaos.com
fang.blog.miri.site,maxqi.top
shiyin.cafe,miraii.cn
dusays.com,gmcllp.cn
blog.southfox.me,blog.huaxiangshan.com
icodeq.com,dusays.com
luming.cool,blognas.hwb0307.com
guirlan.de,howiehz.top
fang.blog.miri.site,baipin.pw
shiyin.cafe,rainmorime.com
dusays.com,blog.kaiqi.wang
blog.southfox.me,imjipa.top
guirlan.de,blog.yaria.top
fang.blog.miri.site,fx7.top
dusays.com,lybblog.cn
blog.southfox.me,geedea.pro
guirlan.de,i.duckxu.com
dusays.com,blog.chrison.cn
blog.southfox.me,sumi233.top
lewky.cn,ilovey.live
guirlan.de,blog.dlya.top
dusays.com,inkss.cn
blog.chyk.ink,krau.top
lewky.cn,zlinblog.cn
guirlan.de,iczrx.cn
dusays.com,wuminboke.site
blog.chyk.ink,blog.tibrella.space
blog.skihome.xyz,dengqn.com
lewky.cn,hin.cool
guirlan.de,bugcoder.asia
dusays.com,easyf12.top
blog.chyk.ink,zyglq.cn
blog.skihome.xyz,lxnchan.cn
lewky.cn,blog.pai233.top
guirlan.de,blueke.top
dusays.com,note.redcha.cn
blog.chyk.ink,blog.hanlin.press
blog.skihome.xyz,blog.245179.xyz
lewky.cn,blog.huaxiangshan.com
guirlan.de,luochancy.com
dusays.com,blog.zhheo.com
blog.chyk.ink,leziblog.com
blog.skihome.xyz,blognas.hwb0307.com
lewky.cn,logdict.com
guirlan.de,luming.cool
dusays.com,leorain.cn
blog.chyk.ink,shirone.moe
blog.skihome.xyz,wuminboke.site
dusays.com,codeqihan.com
blog.chyk.ink,libmbr.com
dusays.com,lklog.cn
blog.chyk.ink,blog.pj568.sbs
dusays.com,blog.musnow.top
blog.chyk.ink,blog.zhilu.cyou
dusays.com,peter267.github.io
blog.chyk.ink,blog.lvbyte.top
dusays.com,blog.jkl.asia
dusays.com,blog.hzchu.top
dusays.com,blog.redcha.cn
dusays.com,xsl.im
blog.zhheo.com,blog.anheyu.com
dusays.com,blog.gxres.net
blog.zhheo.com,webfem.com
dusays.com,webfem.com
blog.starysky.top,thyuu.com
blog.zhheo.com,blog.leonus.cn
dusays.com,wangyunzi.com
blog.starysky.top,wangyunzi.com
blog.zhheo.com,dorakika.cn
nickx.cn,ddf.im
dusays.com,xyzbz.cn
blog.starysky.top,blog.imzy.ink
blog.zhheo.com,xifeng.net
dusays.com,blog.storia.ren
blog.starysky.top,ishya.top
moreality.net,rqdmap.top
blog.yunshu.site,blog.haojin.li
blog.zhheo.com,dusays.com
dusays.com,imqi1.com
blog.starysky.top,pwsz.com
moreality.net,pipuwong.com
blog.zhheo.com,thyuu.com
dusays.com,pym.plus
moreality.net,blog.lxythan2lxy.cn
dusays.com,t-t.live
moreality.net,blog.zhheo.com
dusays.com,thyuu.com
dusays.com,blog.liushen.fun
xiaoxinblog.xyz,moechun.fun
zhengwenfeng.com,wiki.eryajf.net
xiaoxinblog.xyz,jinjis.cn
imba97.com,upxuu.com
xiaoxinblog.xyz,blog.kfdzcoffee.cn
xiaoxinblog.xyz,jokerdig.top
blog.rickyxrc.cc,ztrztr.top
blog.rickyxrc.cc,fat-old-eight.github.io
blog.rickyxrc.cc,blog.starsharbor.com
iamazing.cn,hiwannz.com
iamazing.cn,blognas.hwb0307.com
blog.mariozzj.cn,shape.kloudy.cn
zywvvd.com,blog.starsharbor.com
zywvvd.com,blog.gumengyo.top
zywvvd.com,oxoxtech.com
zywvvd.com,lyszm.com
zywvvd.com,cworld0.com
summerpond.cn,blog.pai233.top
zywvvd.com,blog.lusyoe.com
zywvvd.com,blog.ganxb2.com
zywvvd.com,blog.lovelu.top
zywvvd.com,royc30ne.com
zywvvd.com,202271.xyz
ihkk.net,zlinblog.cn
zywvvd.com,blog.zhheo.com
ihkk.net,zla.pub
zywvvd.com,blog.anheyu.com
ihkk.net,blog.wututu.cn
blog.trotyl.xyz,lihaoyu.cn
zywvvd.com,blog.w1ndys.top
blog.luzy.top,bluesdawn.top
ayu.land,neutrino7.top
ayu.land,greendolphindance.com
ayu.land,irithys.com
ayu.land,land.hash.moe
astrophel.top,blog.anheyu.com
blog.isww.cn,hin.cool
astrophel.top,aurora.love
blog.isww.cn,xiaozonglin.cn
blog.isww.cn,bytecho.net
blog.isww.cn,nicejf.cn
catcat.blog,lincol29.cn
catcat.blog,mskclover.com
catcat.blog,blog.samhou.moe
aloner.ink,bioez.xyz
aurora.love,blog.anheyu.com
acchw.top,blog.deepchirp.com
aloner.ink,bytecho.net
aurora.love,astrophel.top
itbob.cn,blog.moej.cn
axm.moe,shoka.lostyu.me
baipin.pw,fang.blog.miri.site
kqh.me,blog.fkun.tech
blog.aqcoder.cn,226yzy.com
aloner.ink,sbsb.life
iots.vip,wiki.eryajf.net
qvp.moe,cyrusblog.net
aurora.love,guzhengsvt.cn
itbob.cn,blog.sky390.cn
axm.moe,blog.lemonstar.me
baipin.pw,blog.jiyu134.top
kqh.me,szhshp.org
blog.aqcoder.cn,blog.lovelu.top
siax.cn,blog.anheyu.com
imut.xyz,zhw150.top
aloner.ink,blog.w1f.top
iots.vip,cszj.wang
royc30ne.com,blog.zhheo.com
axm.moe,yunyoujun.cn
baipin.pw,imcys.com
kqh.me,blog.dylanwu.space
blog.aqcoder.cn,blog.moyuql.top
siax.cn,blog.leonus.cn
iots.vip,szhshp.org
royc30ne.com,zywvvd.com
baipin.pw,musenxi.com
kqh.me,feiliwuyan.com
blog.aqcoder.cn,blog.yaten.xyz
siax.cn,blog.zhheo.com
iots.vip,blog.drpika.com
baipin.pw,freejishu.com
kqh.me,bytecho.net
blog.aqcoder.cn,blog.xlenco.top
iots.vip,chenhe.me
baipin.pw,blog.goodboyboy.top
kqh.me,d-d.design
blog.aqcoder.cn,colsrch.cn
baipin.pw,thyuu.com
blog.aqcoder.cn,blog.leonus.cn
baipin.pw,krau.top
blog.aqcoder.cn,icodeq.com
baipin.pw,wanyijizi.com
blog.aqcoder.cn,champhoon.xyz
baipin.pw,m.senlinm.cn
blog.aqcoder.cn,blog.cpen.top
gorpeln.top,yvii.cn
skira.top,blog.moyuql.top
baipin.pw,misakamoe.com
blog.aqcoder.cn,blog.mocn.top
gorpeln.top,blog.jerryz.com.cn
skira.top,blog.zhilu.cyou
blog.luvying.com,blog.share888.top
baipin.pw,shoka.lostyu.me
blog.aqcoder.cn,dusays.com
gorpeln.top,gmcllp.cn
skira.top,blog.hzchu.top
blog.luvying.com,blog.viki.moe
blog.aqcoder.cn,thyuu.com
gorpeln.top,iasuna.com
skira.top,blog.anheyu.com
blog.luvying.com,cxl2020mc.top
blog.aqcoder.cn,blog.zhheo.com
gorpeln.top,iamdt.cn
skira.top,xiaolii.com
blog.luvying.com,krau.top
blog.aqcoder.cn,easyf12.top
skira.top,blog.leoo.fun
blog.luvying.com,blog.imzy.ink
blog.aqcoder.cn,linmohan.fun
skira.top,blog.inekoxia.com
blog.luvying.com,yvii.cn
blog.aqcoder.cn,taotaoiswjs.cn
blog.aqcoder.cn,blog.akimio.top
blog.aqcoder.cn,blog.marice.top
blog.aqcoder.cn,hydsb0.com
blog.aqcoder.cn,xdull.cn
liubing.me,woolyun.com
sunnyli.xn--9traa.eu.org,blog.rickyxrc.cc
liubing.me,geekery.cn
liubing.me,wiki.eryajf.net
liubing.me,blog.ooliver.cn
liubing.me,oragekk.me
yanghuaxing.com,blog.kaiqi.wang
yanghuaxing.com,meuicat.com
rua.ink,vjo.cc
rua.ink,baiwulin.com
rua.ink,furryowo.top
rua.ink,allenyou.wang
rua.ink,wuminboke.site
rua.ink,blog.starsharbor.com
rua.ink,blog.jiyu134.top
rua.ink,ordchaos.com
rua.ink,imfurry.com
rua.ink,notes.smallbamboo.cn
rua.ink,tylk.cc
rua.ink,blog.awaae001.top
rua.ink,yuanzj.top
lomtom.cn,blog.gumengyo.top
blog.moew.xyz,freejishu.com
blog.kkii.org,blog.goodboyboy.top
blog.kkii.org,silverisky.com
sxrekord.com,mengbooo.github.io
sxrekord.com,liangbm3.site
x8xx.cn,wmviv.com
blog.inekoxia.com,moechun.fun
x8xx.cn,haoruanmao.com
guqing.io,blog.qaiu.top
blog.inekoxia.com,blog.horonlee.com
moey.cn,rhopaper.top
sycamore.top,blog.kfdzcoffee.cn
guqing.io,azusemisa.top
blog.inekoxia.com,blog.kfdzcoffee.cn
moey.cn,blog.sotkg.com
guqing.io,ilovey.live
blog.inekoxia.com,skira.top
moey.cn,misakamoe.com
guqing.io,puresky.top
guqing.io,takuron.com
guqing.io,tch.cool
guqing.io,musenxi.com
guqing.io,zachariah.run
guqing.io,blog.zmonster.top
blog.zc.wiki,dusays.com
blog.zhilu.cyou,vnyzm.top
blog.zc.wiki,vjo.cc
cynosura.one,lab.gb0.dev
blog.zhilu.cyou,blog.imsyy.top
blog.zc.wiki,thyuu.com
cynosura.one,wrye.dev
blog.mocn.top,blog.goodboyboy.top
blog.zhilu.cyou,blog.bsgun.cn
blog.viper3.top,blognas.hwb0307.com
lklog.cn,blog.sdnie.fun
blog.zc.wiki,blog.liushen.fun
cynosura.one,hongliu.icu
blog.mocn.top,oplog.cn
blog.zhilu.cyou,kegongteng.cn
blog.viper3.top,wcowin.work
lklog.cn,dusays.com
cynosura.one,lapis.cafe
blog.mocn.top,blog.redcha.cn
blog.zhilu.cyou,saneko.me
blog.viper3.top,koxiuqiu.cn
lklog.cn,yzyyz.top
cynosura.one,leziblog.com
blog.mocn.top,timochan.cn
blog.zhilu.cyou,ttio.cc
lklog.cn,blog.catchyun.com
cynosura.one,yunyitang.me
blog.dctewi.com,blog.kfdzcoffee.cn
blog.mocn.top,pandax.wiki
blog.zhilu.cyou,iamyukino.cn
lklog.cn,blog.chrison.cn
cynosura.one,blog.dort.me
blog.mocn.top,vnyzm.top
blog.zhilu.cyou,htmacg.cn
cynosura.one,byteloid.one
blog.mocn.top,blog.zhheo.com
blog.zhilu.cyou,blog.yaria.top
blog.mocn.top,pinpe.top
blog.zhilu.cyou,blog.viki.moe
blog.mocn.top,wcowin.work
blog.zhilu.cyou,blog.guuguai.site
blog.zhilu.cyou,blog.hehouhui.cn
blog.zhilu.cyou,iflux.art
blog.zhilu.cyou,leehenry.top
blog.zhilu.cyou,blog.zhheo.com
blog.zhilu.cyou,blog.luoh.org
blog.zhilu.cyou,dao.js.cn
blog.zhilu.cyou,qixz.cn
blog.zhilu.cyou,blog.dhbxs.top
blog.zhilu.cyou,dengqn.com
blog.zhilu.cyou,vluv.space
blog.zhilu.cyou,blog.revincx.icu
blog.zhilu.cyou,blog.awaae001.top
blog.zhilu.cyou,xsl.im
blog.zhilu.cyou,blog.fis.ink
blog.zhilu.cyou,blog.kayro.cn
blog.zhilu.cyou,blog.gxres.net
blog.zhilu.cyou,pinpe.top
blog.zhilu.cyou,blog.chyk.ink
blog.zhilu.cyou,hongliu.icu
blog.zhilu.cyou,wcowin.work
blog.zhilu.cyou,tinsir888.github.io
blog.zhilu.cyou,blog.luckyfishes.site
blog.zhilu.cyou,blog.trfox.top
blog.zhilu.cyou,kzhik.cn
blog.zhilu.cyou,note.noxussj.top
blog.zhilu.cyou,blog.moeworld.tech
blog.zhilu.cyou,imqi1.com
blog.zhilu.cyou,ayu.land
blog.zhilu.cyou,zla.pub
blog.zhilu.cyou,blog.mugzx.top
lapis.cafe,luoca.cn
blog.zhilu.cyou,blog.liushen.fun
lapis.cafe,inkem.space
blog.zhilu.cyou,thyuu.com
lapis.cafe,leehenry.top
blog.zhilu.cyou,leenet.xyz
lapis.cafe,xenwayne.top
blog.zhilu.cyou,i.duckxu.com
lapis.cafe,blog.huaxiangshan.com
blog.zhilu.cyou,skira.top
lapis.cafe,koxiuqiu.cn
blog.zhilu.cyou,iczrx.cn
lapis.cafe,xeonzilla.top
blog.zhilu.cyou,blog.hesiy.cn
lapis.cafe,blog.viki.moe
blog.zhilu.cyou,luochancy.com
lapis.cafe,treemoe.cn
blog.zhilu.cyou,colsrch.cn
lapis.cafe,xingwangzhe.fun
blog.zhilu.cyou,linexic.top
lapis.cafe,cynosura.one
greendolphindance.com,ayu.land
blog.zhilu.cyou,sumi233.top
lapis.cafe,vnyzm.top
blog.zhilu.cyou,yunyitang.me
lapis.cafe,bluelanm.github.io
yunyitang.me,hejunjie.life
blog.zhilu.cyou,blog.quenan.cn
lapis.cafe,blog.cuteleaf.cn
yltang.cn,moechu.cn
0x3f.foo,oyiso.cn
yunyitang.me,imcbc.cn
blog.zhilu.cyou,blog.sotkg.com
yltang.cn,feiliwuyan.com
0x3f.foo,blog.hehouhui.cn
sccube.link,physnya.top
yunyitang.me,koxiuqiu.cn
blog.zhilu.cyou,blog.xlenco.top
0x3f.foo,blog.sdnie.fun
sccube.link,blog.kfdzcoffee.cn
yunyitang.me,cynosura.one
yunyitang.me,wrye.dev
yunyitang.me,blog.zhilu.cyou
yunyitang.me,jiangmiemie.com
yunyitang.me,citydatum.cn
blog.rainiar.top,blog.xcnya.cn
blog.rainiar.top,linexic.top
blog.rainiar.top,baiwumm.com
blog.rainiar.top,blog.horonlee.com
blog.rainiar.top,lihaoyu.cn
blog.rainiar.top,umb.ink
blog.rainiar.top,axi404.top
blog.rainiar.top,kegongteng.cn
blog.rainiar.top,luochancy.com
blog.rainiar.top,dao.js.cn
blog.rainiar.top,pinpe.top
blog.rainiar.top,blog.huaxiangshan.com
grbj.cn,xhily.com
blog.jkl.asia,blog.zhheo.com
blog.jkl.asia,blog.leonus.cn
blog.jkl.asia,zla.pub
blog.jkl.asia,dusays.com
blog.jkl.asia,t-t.live
blog.jkl.asia,thyuu.com
blog.jkl.asia,shifeiyu.cn
blog.jkl.asia,imcharon.com
blog.jkl.asia,blog.anheyu.com
blog.jkl.asia,boysec.cn
blog.adyun.design,blog.zhheo.com
blog.lxythan2lxy.cn,mskclover.com
blog.adyun.design,blog.anheyu.com
ameow.xyz,wiki.eryajf.net
blog.ning.moe,qijieya.cn
blog.lovelu.top,xingmail.cn
ihello.cc,ryanzm.cn
luochancy.com,carm.cc
blog.adyun.design,blog.kfdzcoffee.cn
blog.ning.moe,blog.qcmoe.com
blog.lovelu.top,gmcllp.cn
ihello.cc,meuicat.com
sikan.moe,blog.zhheo.com
luochancy.com,lihaoyu.cn
blog.adyun.design,siena.zone
blog.ning.moe,wanglin.blog
blog.lovelu.top,ddw2019.com
ihello.cc,puresky.top
sikan.moe,howiehz.top
luochancy.com,blog.liuzhen932.top
blog.ning.moe,80srz.com
blog.lovelu.top,dusays.com
ihello.cc,zyyo.net
luochancy.com,alampy.com
blog.mcloc.cn,bytecho.net
blog.ning.moe,wikimoe.com
blog.lovelu.top,blog.zhheo.com
ihello.cc,blog.sotkg.com
luochancy.com,kegongteng.cn
blog.mcloc.cn,cxl2020mc.top
blog.ning.moe,miraii.cn
ihello.cc,oyiso.cn
luochancy.com,blog.icybit.cn
blog.mcloc.cn,rsnocsi.cn
blog.ning.moe,logdict.com
ihello.cc,blog.ksable.top
luochancy.com,blog.rainiar.top
blog.ning.moe,i.duckxu.com
ihello.cc,xiangming.site
luochancy.com,oyiso.cn
blog.ning.moe,ecwuuuuu.com
ihello.cc,david03.top
luochancy.com,blog.zhilu.cyou
ihello.cc,baiwumm.com
luochancy.com,ski.ink
ihello.cc,thyuu.com
luochancy.com,pinpe.top
ihello.cc,shape.kloudy.cn
xalaok.top,blog.zhheo.com
xalaok.top,blog.imsyy.top
blog.verynb.net,blog.kfdzcoffee.cn
xalaok.top,blog.storia.ren
blog.verynb.net,blog.zhheo.com
xalaok.top,lawtee.com
blog.verynb.net,mm.yaomomo.com
bytecho.net,blog.toastbubble.top
blog.verynb.net,blog.yaria.top
bytecho.net,kissthisrain.cn
blog.huaxiangshan.com,ls-shandong.codeberg.page
mnchen.cn,koxiuqiu.cn
blog.verynb.net,blog.pai233.top
bytecho.net,moshanghua.net
blog.huaxiangshan.com,xingbianren.cn
thyuu.com,xiangming.site
mnchen.cn,dusays.com
blog.255650.xyz,leziblog.com
shansan.top,itbob.cn
zair.top,blog.tomys.top
bytecho.net,wcowin.work
blog.huaxiangshan.com,blog.rainiar.top
thyuu.com,blog.lichenghao.cn
qiukui-note.happy365.day,kegongteng.cn
mnchen.cn,blog.yaria.top
zair.top,wcowin.work
bytecho.net,kqh.me
blog.huaxiangshan.com,imcao.cn
thyuu.com,blog.zc.wiki
qiukui-note.happy365.day,blog.awaae001.top
mnchen.cn,baiwumm.com
zair.top,lner.top
littlefean.github.io,zty012.de
bytecho.net,xiaozonglin.cn
blog.huaxiangshan.com,lapis.cafe
thyuu.com,easyf12.top
qiukui-note.happy365.day,blog.starsharbor.com
mnchen.cn,blog.fantasyke.cn
zair.top,blog.opeach.cn
littlefean.github.io,howiehz.top
bytecho.net,chenhe.me
blog.huaxiangshan.com,blog.tengfei.website
thyuu.com,blog.zhheo.com
qiukui-note.happy365.day,lewky.cn
mnchen.cn,blog.anheyu.com
bytecho.net,programnotes.cn
blog.huaxiangshan.com,blog.southfox.me
thyuu.com,ryanzm.cn
qiukui-note.happy365.day,pinpe.top
mnchen.cn,blog.zhheo.com
bytecho.net,xingwangzhe.fun
blog.huaxiangshan.com,kqh.me
thyuu.com,jinjun.top
mnchen.cn,blog.lusyoe.com
bytecho.net,aloner.ink
blog.huaxiangshan.com,geedea.pro
thyuu.com,pwsz.com
mnchen.cn,blog.6uu.us
bytecho.net,blog.zhheo.com
blog.huaxiangshan.com,lewky.cn
thyuu.com,pipuwong.com
mnchen.cn,blog.bleaz.net
blog.huaxiangshan.com,6young.site
thyuu.com,weisay.com
mnchen.cn,blog.june-pj.cn
blog.huaxiangshan.com,moechu.cn
thyuu.com,blog.storia.ren
mnchen.cn,myxz.top
thyuu.com,wangyunzi.com
mnchen.cn,shimmerl.top
thyuu.com,sszsj.com
mnchen.cn,vjo.cc
thyuu.com,lik.cc
mnchen.cn,blog.redcha.cn
thyuu.com,t-t.live
mnchen.cn,blog.bsgun.cn
thyuu.com,imqi1.com
mnchen.cn,blog.leonus.cn
thyuu.com,dusays.com
mnchen.cn,blog.starsharbor.com
thyuu.com,efu.me
mnchen.cn,blog.opeach.cn
thyuu.com,iliuqi.com
mnchen.cn,xyx404.github.io
thyuu.com,blog.224418.xyz
thyuu.com,uyoahz.cn
thyuu.com,mqfs.com
thyuu.com,oxoxtech.com
thyuu.com,blog.june-pj.cn
thyuu.com,ll.sc.cn
thyuu.com,lybblog.cn
thyuu.com,80srz.com
thyuu.com,zblogs.top
thyuu.com,lxink.cn
thyuu.com,ihello.cc
thyuu.com,ordchaos.com
thyuu.com,nkmon.com
thyuu.com,baiwumm.com
thyuu.com,blog.likesrt.com
thyuu.com,blog.ganxb2.com
thyuu.com,blog.anheyu.com
thyuu.com,blog.lvbyte.top
thyuu.com,blog.jkl.asia
thyuu.com,meuicat.com
thyuu.com,xyzbz.cn
thyuu.com,blog.kobin.cn
thyuu.com,blog.leonus.cn
thyuu.com,oyiso.cn
thyuu.com,blog.moeqy.com
thyuu.com,blog.opeach.cn
thyuu.com,blog.cancin.cn
thyuu.com,blog.orangii.cn
thyuu.com,webjing.cn
thyuu.com,blog.liushen.fun
thyuu.com,baipin.pw
thyuu.com,blog.btwoa.com
thyuu.com,blog.7wate.com
thyuu.com,shape.kloudy.cn
thyuu.com,puresky.top
thyuu.com,yvii.cn
thyuu.com,kegongteng.cn
ww-fs.com,fengcblog.880200.xyz
ww-fs.com,weisay.com
ww-fs.com,blog.lmb.blue
ww-fs.com,ddf.im
ww-fs.com,xyzbz.cn
blog.icybit.cn,luochancy.com
cworld0.com,miaoer.net
blog.icybit.cn,byteloid.one
cworld0.com,blog.lvbyte.top
blog.icybit.cn,milu.ink
cworld0.com,lyt0112.com
cworld0.com,hejunjie.life
xingpingcn.top,dusays.com
g-haoyu.top,blog.lichenghao.cn
blog.hesiy.cn,blog.awaae001.top
cworld0.com,blog.liushen.fun
g-haoyu.top,azusemisa.top
blog.hesiy.cn,blog.liushen.fun
cworld0.com,timochan.cn
g-haoyu.top,blog.anheyu.com
blog.hesiy.cn,blog.liuzhen932.top
cworld0.com,owo.cab
g-haoyu.top,misakamoe.com
blog.hesiy.cn,cworld0.com
cworld0.com,blog.redcha.cn
g-haoyu.top,blog.xxfer.cn
blog.hesiy.cn,kegongteng.cn
cworld0.com,zywvvd.com
g-haoyu.top,logdict.com
blog.hesiy.cn,blog.bsgun.cn
cworld0.com,blog.bsgun.cn
g-haoyu.top,xiwangly.com
blog.hesiy.cn,blog.zhilu.cyou
cworld0.com,blog.zhheo.com
g-haoyu.top,imfurry.com
blog.hesiy.cn,blog.zhheo.com
cworld0.com,blog.imsyy.top
blog.hesiy.cn,blog.imsyy.top
cworld0.com,oyiso.cn
blog.hesiy.cn,blog.dimeta.top
cworld0.com,myblog.wallleap.cn
blog.hesiy.cn,blog.opeach.cn
blog.hesiy.cn,blog.6uu.us
blog.hesiy.cn,bikari.top
blog.ksable.top,ihello.cc
ddf.im,weisay.com
blog.ksable.top,note.moxiify.cn
ddf.im,yveji.com
blog.ksable.top,xiangming.site
ddf.im,wuminboke.site
blog.ksable.top,blognas.hwb0307.com
ddf.im,t-t.live
blog.ksable.top,blog.hxrch.top
ddf.im,meuicat.com
blog.ksable.top,note.redcha.cn
ddf.im,louisfiy.com
blog.ksable.top,loneapex.cn
ddf.im,pwsz.com
blog.ksable.top,kumosya.top
ddf.im,dz.sumer.work
ddf.im,ww-fs.com
ddf.im,80srz.com
ddf.im,m.senlinm.cn
tinsir888.github.io,996workers.org
tinsir888.github.io,wiki.eryajf.net
tinsir888.github.io,blog.loveyou.moe
tinsir888.github.io,utopiaxc.cn
tinsir888.github.io,timochan.cn
tinsir888.github.io,blog.im0o.top
tinsir888.github.io,bugbubbles.github.io
tinsir888.github.io,chlo.is
tinsir888.github.io,blog.yaria.top
tinsir888.github.io,blog.sdy666.icu
tinsir888.github.io,ygxz.in
tinsir888.github.io,blog.zhilu.cyou
pipuwong.com,linmohan.fun
blog.bsgun.cn,blog.chario.cn
pipuwong.com,blognas.hwb0307.com
blog.bsgun.cn,blog.zhilu.cyou
blog.peiluming.com,blog.yujiay.wang
pipuwong.com,thyuu.com
blog.bsgun.cn,blog.hesiy.cn
blog.twofei.com,notes.smallbamboo.cn
cloud.sd.cn,zla.pub
blog.peiluming.com,puresky.top
pipuwong.com,blog.jerryz.com.cn
blog.bsgun.cn,blog.6uu.us
blog.twofei.com,blog.xavierskip.com
cloud.sd.cn,blog.mc-sep.top
i.duckxu.com,pinpe.top
hsuyeung.com,zhuxu.asia
pipuwong.com,blog.liushen.fun
blog.bsgun.cn,lner.top
cloud.sd.cn,muidar.com
i.duckxu.com,echeverra.cn
hsuyeung.com,blog.faryou.eu.org
physnya.top,ttio.cc
pipuwong.com,vjo.cc
blog.bsgun.cn,vjo.cc
i.duckxu.com,guirlan.de
hsuyeung.com,blog.bleaz.net
physnya.top,blog.weichky.com
pipuwong.com,morick66.com
blog.bsgun.cn,blog.xlenco.top
i.duckxu.com,r1n.top
hsuyeung.com,vnyzm.top
physnya.top,blog.imken.moe
pipuwong.com,blog.zhheo.com
blog.bsgun.cn,blog.imsyy.top
i.duckxu.com,howiehz.top
hsuyeung.com,pinpe.top
physnya.top,foolishfox.cn
pipuwong.com,blog.imsyy.top
blog.bsgun.cn,home.yesord.top
i.duckxu.com,haoyu233.com
hsuyeung.com,blog.starsharbor.com
physnya.top,fanyiming.life
blog.bsgun.cn,mioz.life
i.duckxu.com,kekkj123.github.io
hsuyeung.com,pigwan.me
physnya.top,sccube.link
blog.bsgun.cn,blog.starsharbor.com
i.duckxu.com,blog.zhilu.cyou
hsuyeung.com,david03.top
physnya.top,chlo.is
blog.bsgun.cn,r1n.top
i.duckxu.com,dao.js.cn
hsuyeung.com,7gugu.com
blog.bsgun.cn,blog.viki.moe
i.duckxu.com,geedea.pro
hsuyeung.com,cuixinxin.cn
blog.bsgun.cn,mnchen.cn
i.duckxu.com,luming.cool
hsuyeung.com,qwq.me
blog.bsgun.cn,blog.luoh.org
i.duckxu.com,linexic.top
blog.bsgun.cn,bioez.xyz
i.duckxu.com,blog.kfdzcoffee.cn
blog.bsgun.cn,blog.zhheo.com
i.duckxu.com,xingmail.cn
blog.bsgun.cn,qixz.cn
i.duckxu.com,blog.ning.moe
blog.bsgun.cn,peter267.github.io
i.duckxu.com,ykuee.link
blog.bsgun.cn,blog.lusyoe.com
i.duckxu.com,chlo.is
blog.bsgun.cn,blog.245179.xyz
i.duckxu.com,we.owaii.net
blog.bsgun.cn,jinjun.top
i.duckxu.com,pic.ffnb.top
blog.bsgun.cn,cworld0.com
i.duckxu.com,xingbianren.cn
blog.bsgun.cn,blog.yujiay.wang
blog.bsgun.cn,blog.redcha.cn
blog.bsgun.cn,blog.fis.ink
blog.bsgun.cn,xsl.im
blog.bsgun.cn,blog.opeach.cn
blog.bsgun.cn,zla.pub
blog.bsgun.cn,blog.lemonstar.me
blog.bsgun.cn,blog.fantasyke.cn
blog.bsgun.cn,blog.liushen.fun
imjipa.top,blog.aulypc0x0.online
silverisky.com,vjo.cc
imjipa.top,blog.zhecydn.asia
silverisky.com,blog.kkii.org
imjipa.top,miraii.cn
imjipa.top,blog.southfox.me
imjipa.top,champhoon.xyz
xiao-h.com,seandictionary.top
the0n3.top,aristore.top
the0n3.top,blog.w1ndys.top
consolelz.github.io,easyf12.top
the0n3.top,geekery.cn
blog.fengyunji.site,bugbubbles.github.io
consolelz.github.io,blog.joker2yue.com
blog.fengyunji.site,tinsir888.github.io
brume.top,n-bc.top
blog.clearligh.top,uomn.cn
qubeijun.github.io,foolishfox.cn
blog.sakurasou.io,blog.hikarilan.life
r1n.top,blog.leonus.cn
pinaland.cn,champhoon.xyz
r1n.top,pinpe.top
pinaland.cn,ayayy.com
blog.marice.top,blog.joker2yue.com
baka.fun,yunyoujun.cn
r1n.top,blog.storia.ren
pinaland.cn,xifeng.net
blog.marice.top,blog.redcha.cn
baka.fun,freejishu.com
xingwangzhe.fun,ooowl.net
r1n.top,guirlan.de
pinaland.cn,xizi.live
blog.marice.top,kegongteng.cn
xingwangzhe.fun,lapis.cafe
r1n.top,notes.smallbamboo.cn
pinaland.cn,lostdeer.xyz
blog.marice.top,blog.365sites.top
xingwangzhe.fun,dao.js.cn
lincol29.cn,xyzbz.cn
yfzhu.cn,baiwumm.com
umb.ink,blog.fivezha.cn
blog.kevinchu.top,blog.lusyoe.com
gmcllp.cn,blog.cuger.cn
r1n.top,dusays.com
pinaland.cn,wikimoe.com
blog.marice.top,blog.leonus.cn
xingwangzhe.fun,pinpe.top
lincol29.cn,webfem.com
yfzhu.cn,blog.zhheo.com
umb.ink,misakamoe.com
blog.kevinchu.top,srebro.cn
gmcllp.cn,gorpeln.top
r1n.top,blog.liushen.fun
pinaland.cn,hiripple.com
blog.marice.top,blog.aqcoder.cn
xingwangzhe.fun,blog.liseezn.top
lincol29.cn,catcat.blog
yfzhu.cn,wang618.cn
umb.ink,blog.rainiar.top
blog.kevinchu.top,viisaus.tech
gmcllp.cn,t-t.live
r1n.top,blog.andyjin.website
pinaland.cn,note.redcha.cn
blog.marice.top,jukai.site
xingwangzhe.fun,exister.tk
lincol29.cn,ski.ink
yfzhu.cn,xiangming.site
umb.ink,iamyukino.cn
blog.kevinchu.top,dusays.com
gmcllp.cn,xingmail.cn
r1n.top,blog.anheyu.com
pinaland.cn,flyday.top
blog.marice.top,blog.starsharbor.com
xingwangzhe.fun,blog.liushen.fun
lincol29.cn,itylq.com
umb.ink,moshanghua.net
blog.kevinchu.top,linexic.top
gmcllp.cn,meuicat.com
r1n.top,ajinol.com
blog.marice.top,blog.opeach.cn
xingwangzhe.fun,bytecho.net
lincol29.cn,vrast.cn
umb.ink,pinpe.top
blog.kevinchu.top,blog.zhheo.com
chenxutalk.top,blog.hikarilan.life
gmcllp.cn,blog.drpika.com
r1n.top,logdict.com
blog.marice.top,blog.lemonstar.me
xingwangzhe.fun,vnyzm.top
lincol29.cn,haoruanmao.com
umb.ink,indude.cn
gmcllp.cn,dusays.com
r1n.top,blog.zhheo.com
blog.marice.top,dusays.com
xingwangzhe.fun,zheep.top
lincol29.cn,echeverra.cn
umb.ink,qninq.cn
gmcllp.cn,pwsz.com
r1n.top,i.duckxu.com
blog.marice.top,blog.anheyu.com
lincol29.cn,blog.goodboyboy.top
gmcllp.cn,blog.kaiqi.wang
r1n.top,jinjun.top
blog.marice.top,66619.eu.org
lincol29.cn,nenufm.com
gmcllp.cn,lybblog.cn
r1n.top,blog.bleaz.net
blog.marice.top,kumosya.top
lincol29.cn,blognas.hwb0307.com
gmcllp.cn,aloner.ink
r1n.top,blog.kfdzcoffee.cn
blog.marice.top,blog.zhheo.com
lincol29.cn,dusays.com
r1n.top,meuicat.com
blog.marice.top,myblog.wallleap.cn
lincol29.cn,ztrztr.top
r1n.top,blog.starchen.top
lincol29.cn,vjo.cc
r1n.top,blog.bsgun.cn
amjun.com,pic.ffnb.top
amjun.com,90svip.cn
amjun.com,hailandao.com
lawtee.com,xalaok.top
amjun.com,woolyun.com
lawtee.com,docn.net
lawtee.com,linexic.top
lawtee.com,blog.yujiay.wang
lave.fun,arc.canmi.icu
lawtee.com,note.redcha.cn
blog.hpcesia.com,foolishfox.cn
lawtee.com,blog.hehouhui.cn
blog.hpcesia.com,blog.bsgun.cn
luanshiliunian.cn,qsub.cn
taurusxin.com,chenhe.me
w4ter.com,peter267.github.io
ccgxk.com,blog.goodboyboy.top
lawtee.com,lincol29.cn
blog.hpcesia.com,blog.zhheo.com
chenzhen.space,blog.yujiay.wang
taurusxin.com,cszj.wang
ccgxk.com,tjsky.net
lawtee.com,xingbianren.cn
blog.hpcesia.com,blog.starsharbor.com
chenzhen.space,puresky.top
taurusxin.com,zhejianglao.cn
ccgxk.com,blog.share888.top
lawtee.com,pinpe.top
blog.hpcesia.com,blog.xxfer.cn
chenzhen.space,gabrielxd.com
ccgxk.com,blog.weichky.com
blog.hpcesia.com,xyx404.github.io
ccgxk.com,fish9.cn
blog.hpcesia.com,dusays.com
ccgxk.com,blueke.top
blog.hpcesia.com,blog.kfdzcoffee.cn
ccgxk.com,bi1vmm.cn
blog.hpcesia.com,blog.liushen.fun
ccgxk.com,leorain.cn
blog.hpcesia.com,chlo.is
crackme.net,itxcjm.top
djdog.cc,blog.uuanqin.top
yufm.com,duanxiansen.com
djdog.cc,cworld0.com
yufm.com,pwsz.com
home.yesord.top,blog.yesord.top
yufm.com,blog.lichenghao.cn
zla.pub,lihaoyu.cn
home.yesord.top,blog.awaae001.top
jikehou.cn,blog.leonus.cn
yufm.com,feidaoboke.com
zla.pub,blog.bsgun.cn
dolingou.com,hats-land.com
home.yesord.top,blog.liushen.fun
jikehou.cn,hin.cool
zla.pub,echeverra.cn
dolingou.com,puresky.top
home.yesord.top,d-d.design
jikehou.cn,blog.anheyu.com
zla.pub,wang618.cn
dolingou.com,blog.twofei.com
home.yesord.top,blog.anheyu.com
jikehou.cn,dusays.com
zla.pub,pigwan.me
dolingou.com,dao.js.cn
home.yesord.top,blog.bsgun.cn
jikehou.cn,blog.zhheo.com
zla.pub,bikari.top
home.yesord.top,blog.xing-ye.top
zla.pub,hmily.ren
home.yesord.top,shape.kloudy.cn
zla.pub,blog.liushen.fun
home.yesord.top,blog.meta-code.top
zla.pub,blognas.hwb0307.com
home.yesord.top,david03.top
zla.pub,aciano.top
home.yesord.top,ryanzm.cn
zla.pub,blog.224418.xyz
zla.pub,shiyin.cafe
zla.pub,ihkk.net
zla.pub,blog.zhilu.cyou
milu.ink,puresky.top
zla.pub,blog.w1ndys.top
milu.ink,blog.liuzhen932.top
zla.pub,blog.jkl.asia
milu.ink,rikka.im
zla.pub,cloud.sd.cn
milu.ink,blog.icybit.cn
zla.pub,arc.canmi.icu
milu.ink,oyiso.cn
milu.ink,catcat.blog
milu.ink,ski.ink
milu.ink,zouht.com
milu.ink,zerowolf.cn
milu.ink,pysio.online
yurik.cafe,geedea.pro
yurik.cafe,watermelonabc.top
ghostchu.com,bcmonomial.xyz
xmdblog.com,blog.lusyoe.com
ghostchu.com,blog.lynn6.cn
xmdblog.com,blog.anheyu.com
ghostchu.com,blog.59888888.xyz
xmdblog.com,linexic.top
liunian.cc,mozixi.com
xmdblog.com,blog.w1f.top
xmdblog.com,blog.zhheo.com
tutouzhang.com,imcbc.cn
kekkj123.github.io,i.duckxu.com
aicsuk.net,yamdr.cn
blog.180280.xyz,blog.lonzov.top
yangzhang.site,wcowin.work
kekkj123.github.io,lxnchan.cn
aicsuk.net,blog.hanta2011.top
blog.180280.xyz,koxiuqiu.cn
weisay.com,pwsz.com
kekkj123.github.io,blog.hpcesia.com
aicsuk.net,tylk.cc
blog.180280.xyz,qixz.cn
weisay.com,note.redcha.cn
rikka.im,libmbr.com
blog.gzzz.pro,blog.zhheo.com
zyyo.net,david03.top
jame.work,dangeer.com
puresky.top,wiki.eryajf.net
bcmonomial.xyz,magma.ink
moeyao.cn,blog.cuteleaf.cn
anye.xyz,b.ncii.cn
loneapex.cn,wikimoe.com
cuixinxin.cn,xyzbz.cn
kekkj123.github.io,howiehz.top
aicsuk.net,blog.6uu.us
blog.180280.xyz,blog.imysen.com
weisay.com,lybblog.cn
rikka.im,lihaoyu.cn
blog.gzzz.pro,meuicat.com
zyyo.net,dao.js.cn
jame.work,xiaoten.com
puresky.top,baiwumm.com
bcmonomial.xyz,blog.lynn6.cn
moeyao.cn,shiyin.cafe
anye.xyz,pym.plus
loneapex.cn,vnyzm.top
cuixinxin.cn,mojinxi.cn
mgrowup.com,fang.blog.miri.site
kekkj123.github.io,pinpe.top
aicsuk.net,loneapex.cn
blog.180280.xyz,blog.sakura.ink
weisay.com,xiaozonglin.cn
rikka.im,milu.ink
blog.gzzz.pro,blog.liushen.fun
zyyo.net,ihello.cc
jame.work,blog.snowy.moe
puresky.top,thyuu.com
bcmonomial.xyz,ghostchu.com
moeyao.cn,iasuna.com
anye.xyz,sifangbazhu.tech
loneapex.cn,blog.ksable.top
cuixinxin.cn,blog.zhheo.com
mgrowup.com,blog.lusyoe.com
blog.180280.xyz,blog.fis.ink
weisay.com,xifeng.net
rikka.im,blog.liuzhen932.top
blog.gzzz.pro,80srz.com
zyyo.net,9sb.net
jame.work,wygxmew.github.io
puresky.top,blog.veitzn.top
moeyao.cn,m78.co
anye.xyz,blog.uptoz.cn
loneapex.cn,iasuna.com
cuixinxin.cn,hsuyeung.com
mgrowup.com,sumi233.top
blog.180280.xyz,xsl.im
weisay.com,thyuu.com
rikka.im,zerowolf.cn
blog.gzzz.pro,blog.joker2yue.com
zyyo.net,m.senlinm.cn
jame.work,vichain.cn
puresky.top,moeyao.cn
moeyao.cn,mrrxx.com
anye.xyz,7boe.top
loneapex.cn,aicsuk.net
cuixinxin.cn,pwsz.com
mgrowup.com,nocp.space
puresky.top,iliuqi.com
moeyao.cn,sumi233.top
anye.xyz,blog.likesrt.com
loneapex.cn,koxiuqiu.cn
mgrowup.com,66619.eu.org
puresky.top,d-d.design
moeyao.cn,blog.sakura.ink
anye.xyz,ajinol.com
loneapex.cn,tylk.cc
mgrowup.com,blog.reincarnatey.net
puresky.top,lb5.net
moeyao.cn,pljzy.top
anye.xyz,blog.adlamp.cn
loneapex.cn,2star.top
mgrowup.com,irithys.com
blog.alayedong.cn,woolyun.com
puresky.top,blog.zhheo.com
moeyao.cn,puresky.top
anye.xyz,blog.serms.top
mgrowup.com,moreality.net
sudachi.top,blog.starsharbor.com
dendrobiumcgk.chat,wznmickey.com
puresky.top,me.owaii.net
moeyao.cn,gwy.fun
anye.xyz,qladgk.com
mgrowup.com,blog.liseezn.top
sudachi.top,blog.samhou.moe
puresky.top,ficor.net
anye.xyz,lik.cc
sudachi.top,efu.me
puresky.top,blog.starchen.top
sudachi.top,blog.zhheo.com
puresky.top,baiwulin.com
puresky.top,chenzhen.space
puresky.top,guqing.io
puresky.top,ihello.cc
puresky.top,milu.ink
puresky.top,gabrielxd.com
blog.keaeye.fun,bytecho.net
wpironman.top,blog.anheyu.com
note.moxiify.cn,blog.ksable.top
qladgk.com,blog.anheyu.com
blog.keaeye.fun,morick66.com
note.moxiify.cn,blog.feng1026.top
qladgk.com,anye.xyz
wcowin.work,yveji.com
denvoshome.xyz,yourlai.com
blog.drearry.com,cairbin.top
httsard.online,lostdeer.xyz
blog.000k.de,blog.loadke.tech
jellypro.cn,moreality.net
blog.keaeye.fun,timelogs.cn
note.moxiify.cn,blog.colix.cn
qladgk.com,meuicat.com
wcowin.work,blog.zhheo.com
httsard.online,imgradeone.com
jellypro.cn,geedea.pro
wyjmew.cn,blog.lmb.blue
blog.weichky.com,physnya.top
blog.keaeye.fun,blog.anheyu.com
note.moxiify.cn,haoyu233.com
qladgk.com,blog.wryhf.com
wcowin.work,blog.w1ndys.top
jellypro.cn,xingbianren.cn
wyjmew.cn,memxb.top
blog.weichky.com,lyrashore.com
bear556.top,blog.snowy.moe
skylan.cc,vrast.cn
furryowo.top,blog.goodboyboy.top
blog.keaeye.fun,blog.study996.cn
note.moxiify.cn,blog.reincarnatey.net
qladgk.com,blog.zhheo.com
wcowin.work,mingcy.cn
jellypro.cn,yamdr.cn
wyjmew.cn,blog.zhheo.com
blog.weichky.com,soda-official.top
skylan.cc,blog.zhheo.com
furryowo.top,imfurry.com
blog.keaeye.fun,dusays.com
qladgk.com,jiuliu.top
wcowin.work,qixz.cn
jellypro.cn,blog.xxfer.cn
blog.weichky.com,ccgxk.com
skylan.cc,dusays.com
furryowo.top,xding.top
qladgk.com,blog.leonus.cn
wcowin.work,moshanghua.net
jellypro.cn,amber6hua.github.io
blog.weichky.com,bioez.xyz
skylan.cc,80srz.com
furryowo.top,blog.245179.xyz
wcowin.work,blog.lusyoe.com
blog.weichky.com,66619.eu.org
skylan.cc,baiyuyu.com
furryowo.top,yuanzj.top
wcowin.work,lxnchan.cn
blog.weichky.com,sifangbazhu.tech
furryowo.top,blog.viki.moe
wcowin.work,upxuu.com
blog.weichky.com,david03.top
furryowo.top,blog.l3zc.com
wcowin.work,blog.meta-code.top
blog.weichky.com,tabirstrees.top
furryowo.top,xingpingcn.top
wcowin.work,linexic.top
blog.weichky.com,lostdeer.xyz
furryowo.top,blog.furen.link
wcowin.work,blog.viper3.top
furryowo.top,allenyou.wang
wcowin.work,blog.zhipro.com
furryowo.top,blog.jiyu134.top
wcowin.work,80srz.com
wcowin.work,kegongteng.cn
dyzmj.top,blog.uptoz.cn
wcowin.work,blog.imsyy.top
dyzmj.top,guqing.io
wcowin.work,biibii.cn
wcowin.work,zair.top
wcowin.work,blog.mocn.top
wcowin.work,dusays.com
wcowin.work,yangzhang.site
wcowin.work,blog.lichenghao.cn
wcowin.work,blog.liushen.fun
wcowin.work,baiwumm.com
wcowin.work,bytecho.net
wcowin.work,moechu.cn
wcowin.work,blog.anheyu.com
wcowin.work,blog.btwoa.com
blog.feng1026.top,blog.mugzx.top
leonxie.cn,ooowl.net
blog.feng1026.top,linexic.top
leonxie.cn,pinpe.top
blog.sakura.ink,seln.cn
blog.feng1026.top,imqi1.com
leonxie.cn,pym.plus
xizi.live,bluelanm.github.io
blog.sakura.ink,saneko.me
blog.feng1026.top,note.moxiify.cn
leonxie.cn,upxuu.com
blog.lemonstar.me,axm.moe
xizi.live,mozixi.com
blog.sakura.ink,blog.imysen.com
leonxie.cn,leenet.xyz
blog.lemonstar.me,blog.hpcesia.com
fanzhuo.xyz,chlo.is
xizi.live,pinaland.cn
blog.sakura.ink,blog.fis.ink
leonxie.cn,blog.yaria.top
blog.lemonstar.me,vindo.cn
fanzhuo.xyz,baiyuyu.com
blog.colix.cn,xalaok.top
exister.tk,blog.l3zc.com
xizi.live,blog.ganxb2.com
blog.sakura.ink,shiyin.cafe
leonxie.cn,rainview.net
blog.lemonstar.me,blog.mugzx.top
fanzhuo.xyz,xyx404.github.io
blog.colix.cn,note.moxiify.cn
exister.tk,xingwangzhe.fun
xizi.live,vjo.cc
blog.sakura.ink,blog.lonzov.top
leonxie.cn,blog.sotkg.com
blog.lemonstar.me,blog.btwoa.com
fanzhuo.xyz,yfzhu.cn
blog.sakura.ink,moeyao.cn
blog.lemonstar.me,blog.yaten.xyz
fanzhuo.xyz,blog.starsharbor.com
blog.lemonstar.me,blog.liushen.fun
fanzhuo.xyz,tabirstrees.top
blog.lemonstar.me,blog.zhheo.com
blog.sibaihua.com,blog.xioxix.com
blog.lemonstar.me,blog.anheyu.com
blog.imysen.com,blog.leihub.cn
blog.sibaihua.com,geedea.pro
note.redcha.cn,blog.ksable.top
blog.lemonstar.me,blog.bsgun.cn
blog.imysen.com,blog.sakura.ink
note.redcha.cn,dusays.com
blog.lie-kong.top,blog.245179.xyz
blog.lemonstar.me,lorcas.top
blog.imysen.com,blog.fis.ink
note.redcha.cn,nxxy335.top
vnyzm.top,blog.moeqy.com
blog.lie-kong.top,leziblog.com
blog.lemonstar.me,blog.leonus.cn
blog.imysen.com,imakashi.com
note.redcha.cn,kissthisrain.cn
blog.lonzov.top,blog.shenyouchu.cn
vnyzm.top,hsuyeung.com
blog.lie-kong.top,zerowolf.cn
blog.lemonstar.me,blog.marice.top
blog.imysen.com,upxuu.com
note.redcha.cn,blog.6uu.us
blog.lonzov.top,blog.sakura.ink
vnyzm.top,pinpe.top
blog.lie-kong.top,imfurry.com
blog.lemonstar.me,blog.starsharbor.com
blog.imysen.com,blognas.hwb0307.com
note.redcha.cn,sumi233.top
vnyzm.top,blog.snowy.moe
blog.lie-kong.top,milu.ink
blog.lemonstar.me,linmohan.fun
blog.imysen.com,blog.180280.xyz
note.redcha.cn,xingmail.cn
vnyzm.top,wcowin.work
note.redcha.cn,lawtee.com
vnyzm.top,ztgdblog.icu
note.redcha.cn,9sb.net
vnyzm.top,blog.mocn.top
note.redcha.cn,blog.kaiqi.wang
vnyzm.top,xeonzilla.top
note.redcha.cn,vjo.cc
vnyzm.top,azusemisa.top
note.redcha.cn,echeverra.cn
vnyzm.top,blog.yaria.top
blog.srprolin.top,weitao-jiang.cn
note.redcha.cn,hxy.cc
vnyzm.top,leenet.xyz
blog.srprolin.top,blog.l3zc.com
blog.aulypc0x0.online,blog.kfdzcoffee.cn
deusyu.app,blog.cuger.cn
lorcas.top,blog.lemonstar.me
note.redcha.cn,hollowman.cn
vnyzm.top,eofs791.github.io
blog.aulypc0x0.online,vnyzm.top
blog.sotkg.com,blog.moeworld.tech
lorcas.top,blog.starsharbor.com
controlnet.space,chenxublog.com
note.redcha.cn,kangqiovo.com
vnyzm.top,blog.aulypc0x0.online
blog.aulypc0x0.online,magma.ink
blog.sotkg.com,lyszm.com
lorcas.top,blog.liushen.fun
controlnet.space,blog.bleaz.net
soda-official.top,physnya.top
note.redcha.cn,blog.fohok.xin
vnyzm.top,ymiir.asia
blog.aulypc0x0.online,ikamusume7.org
blog.sotkg.com,blog.quenan.cn
controlnet.space,addesp.com
soda-official.top,chlo.is
note.redcha.cn,peter267.github.io
vnyzm.top,nocp.space
blog.aulypc0x0.online,iamyukino.cn
blog.sotkg.com,mengxiblog.top
controlnet.space,krau.top
soda-official.top,hongliu.icu
note.redcha.cn,blog.meta-code.top
vnyzm.top,lapis.cafe
blog.aulypc0x0.online,pinpe.top
blog.sotkg.com,wikimoe.com
soda-official.top,nkns.cc
note.redcha.cn,lyszm.com
vnyzm.top,blog.revincx.icu
blog.aulypc0x0.online,rainafter.cn
blog.sotkg.com,moey.cn
soda-official.top,blog.weichky.com
note.redcha.cn,xsl.im
vnyzm.top,blog.samhou.moe
blog.aulypc0x0.online,suemor.com
blog.sotkg.com,vnyzm.top
note.redcha.cn,dhkk.cn
vnyzm.top,blog.glumi.cn
blog.aulypc0x0.online,imjipa.top
blog.sotkg.com,leonxie.cn
note.redcha.cn,weisay.com
vnyzm.top,chlo.is
blog.mugzx.top,blog.horonlee.com
blog.sotkg.com,kegongteng.cn
note.redcha.cn,wang618.cn
vnyzm.top,xingwangzhe.fun
blog.mugzx.top,blog.stevenw.cc
blog.sotkg.com,dao.js.cn
note.redcha.cn,pym.plus
vnyzm.top,blog.sotkg.com
blog.mugzx.top,linexic.top
blog.farewe1ll.top,allenyou.wang
blog.sotkg.com,ihello.cc
note.redcha.cn,t-t.live
vnyzm.top,loneapex.cn
blog.mugzx.top,blog.feng1026.top
blog.farewe1ll.top,zrn.net
chrisfu.cn,blog.zhheo.com
blog.sotkg.com,blog.starsharbor.com
note.redcha.cn,blog.mcxiaochen.top
blog.mugzx.top,blog.lemonstar.me
chrisfu.cn,ccgxk.com
blog.kpretty.tech,blog.anheyu.com
hilxy.com,tch.cool
note.redcha.cn,blog.liushen.fun
blog.mugzx.top,zanks.link
chrisfu.cn,blog.glumi.cn
blog.kpretty.tech,blog.jerryz.com.cn
hilxy.com,ajinol.com
white-festa.net,geekery.cn
note.redcha.cn,memxb.top
chrisfu.cn,nxxy335.top
blog.kpretty.tech,pinpe.top
hilxy.com,blog.adlamp.cn
white-festa.net,blog.cuteleaf.cn
note.redcha.cn,ooowl.net
chrisfu.cn,wiki.eryajf.net
blog.kpretty.tech,blog.uuanqin.top
hilxy.com,nancc.com
note.redcha.cn,miraii.cn
chrisfu.cn,shansan.top
blog.kpretty.tech,blog.zhheo.com
note.redcha.cn,inkss.cn
note.redcha.cn,wuminboke.site
note.redcha.cn,biibii.cn
note.redcha.cn,blog.veitzn.top
note.redcha.cn,blog.zhheo.com
note.redcha.cn,dao.js.cn
note.redcha.cn,vrast.cn
note.redcha.cn,ihaihe.cn
note.redcha.cn,pinaland.cn
note.redcha.cn,blog.redcha.cn
note.redcha.cn,blog.fis.ink
note.redcha.cn,xyzbz.cn
note.redcha.cn,lifengdi.com
blog.cuteleaf.cn,blog.hxrch.top
nxxy335.top,wuminboke.site
blog.imxizhen.cn,lapis.cafe
blog.cuteleaf.cn,lapis.cafe
nxxy335.top,wang618.cn
blog.imxizhen.cn,blog.sakura.ink
overstars.github.io,umb.ink
blog.bleaz.net,blog.zhheo.com
blog.andyjin.website,blog.fohok.xin
blog.zhipro.com,hejunjie.life
blog.gytxtx.top,haoyu233.com
geekswg.js.cool,blog.zhheo.com
blog.cuteleaf.cn,moeyao.cn
blog.mc118cn.cn,blog.starsharbor.com
nxxy335.top,sumi233.top
blog.imxizhen.cn,blog.revincx.icu
overstars.github.io,guzhengsvt.cn
blog.bleaz.net,blog.danzaii.cn
blog.andyjin.website,likepoems.com
blog.zhipro.com,wcowin.work
geekswg.js.cool,lewky.cn
yourlai.com,yourlai.icu
blog.viki.moe,fushaolei.github.io
blog.cuteleaf.cn,blog.teadrink.me
nxxy335.top,ficor.net
blog.imxizhen.cn,blog.srprolin.top
overstars.github.io,nelsonboss.ink
blog.bleaz.net,hsuyeung.com
blog.andyjin.website,blog.yaria.top
blog.zhipro.com,blog.lusyoe.com
yourlai.com,arcwolf.top
blog.viki.moe,blog.bsgun.cn
blog.chario.cn,blog.lusyoe.com
blog.canmoe.com,hk256.top
blog.cuteleaf.cn,justpureh2o.cn
cn059.com,luoca.cn
nxxy335.top,blog.kaiqi.wang
blog.imxizhen.cn,xiaoxinblog.xyz
blog.bleaz.net,r1n.top
blog.andyjin.website,r1n.top
yourlai.com,denvoshome.xyz
blog.viki.moe,blog.luvying.com
blog.chario.cn,blog.zhheo.com
blog.canmoe.com,maxqi.top
blog.cuteleaf.cn,white-festa.net
nxxy335.top,blog.veitzn.top
blog.imxizhen.cn,weitao-jiang.cn
blog.bleaz.net,guirlan.de
blog.andyjin.website,blog.starchen.top
yourlai.com,agen233.top
blog.viki.moe,lapis.cafe
blog.chario.cn,leorain.cn
hollowman.cn,xyzbz.cn
nxxy335.top,pwsz.com
blog.imxizhen.cn,magma.ink
blog.bleaz.net,blog.imzy.ink
hollowman.cn,weisay.com
nxxy335.top,note.redcha.cn
blog.imxizhen.cn,kwokronny.com
blog.bleaz.net,pinpe.top
hollowman.cn,fengcblog.880200.xyz
blog.imxizhen.cn,xmdblog.com
blog.bleaz.net,blog.kfdzcoffee.cn
hollowman.cn,ficor.net
blog.imxizhen.cn,emohe.cn
blog.bleaz.net,controlnet.space
hollowman.cn,xiaoten.com
blog.bleaz.net,koxiuqiu.cn
hollowman.cn,xifeng.net
blog.bleaz.net,shape.kloudy.cn
hollowman.cn,koxiuqiu.cn
blog.bleaz.net,blog.6uu.us
hollowman.cn,80srz.com
blog.bleaz.net,blog.yaria.top
hollowman.cn,pwsz.com
blog.bleaz.net,mnchen.cn
hollowman.cn,vjo.cc
blog.bleaz.net,oyiso.cn
blog.sky233.top,blog.shenghuo2.top
blog.dhbxs.top,blog.zhheo.com
blog.dhbxs.top,blog.hehouhui.cn
blog.dhbxs.top,oyiso.cn
blog.teadrink.me,blog.cuteleaf.cn
arcwolf.top,blog.anheyu.com
blog.fohok.xin,blog.liseezn.top
arcwolf.top,yourlai.com
blog.fohok.xin,blog.andyjin.website
pyrzo.com,wuminboke.site
arcwolf.top,blog.redcha.cn
blog.fohok.xin,note.redcha.cn
pyrzo.com,imjipa.top
blog.fohok.xin,blog.starchen.top
pyrzo.com,blog.fis.ink
blog.fohok.xin,david03.top
pyrzo.com,blog.goodboyboy.top
blog.fohok.xin,d-d.design
imcbc.cn,rssblog.cn
imcbc.cn,lewky.cn
imcbc.cn,dusays.com
windy.ink,weisay.com
wznmickey.com,axi404.top
windy.ink,bfzw.top
blog.6yfz.cn,coolku.cc
colsrch.cn,imcao.cn
imszz.com,fx7.top
windy.ink,blog.tdrme.cn
rainafter.cn,ikamusume7.org
colsrch.cn,blog.zhilu.cyou
windy.ink,xiangming.site
rainafter.cn,qijieya.cn
colsrch.cn,hin.cool
windy.ink,t-t.live
rainafter.cn,blog.aulypc0x0.online
colsrch.cn,dusays.com
windy.ink,d-d.design
colsrch.cn,blog.gumengyo.top
windy.ink,zblogs.top
colsrch.cn,blog.joker2yue.com
colsrch.cn,azusemisa.top
colsrch.cn,yzyyz.top
colsrch.cn,blog.lovelu.top
colsrch.cn,fx7.top
blog.dlya.top,ordchaos.com
colsrch.cn,wyxogo.top
kumosya.top,maxqi.top
blog.kayro.cn,blog.liushen.fun
colsrch.cn,inkss.cn
kumosya.top,yuanzj.top
wangyunzi.com,inkss.cn
blog.kayro.cn,blog.zhheo.com
colsrch.cn,blog.zhheo.com
kumosya.top,blog.hzchu.top
wangyunzi.com,blog.cuger.cn
blog.kayro.cn,blog.imsyy.top
colsrch.cn,7bxing.com
kumosya.top,blog.xioxix.com
wangyunzi.com,blog.leonus.cn
blog.dylanwu.space,irithys.com
blog.kayro.cn,dusays.com
226yzy.com,meuicat.com
kumosya.top,kegongteng.cn
wangyunzi.com,easyf12.top
blog.dylanwu.space,blog.southfox.me
moi-mo.github.io,subrige.xyz
226yzy.com,blog.lovelu.top
kumosya.top,blog.kfdzcoffee.cn
wangyunzi.com,blog.sakurasep.site
blog.dylanwu.space,kqh.me
moi-mo.github.io,blog.fivezha.cn
226yzy.com,blog.zhheo.com
kumosya.top,bkryofu.cn
wangyunzi.com,dusays.com
226yzy.com,xiangming.site
kumosya.top,blog.marice.top
wangyunzi.com,thyuu.com
codeqihan.com,xyzbz.cn
226yzy.com,blog.pai233.top
blog.cpen.top,blog.leonus.cn
blog.snowy.moe,jukai.site
chenxublog.com,controlnet.space
kumosya.top,xiaolii.com
wangyunzi.com,dvel.me
blog.jerryz.com.cn,sifangbazhu.tech
codeqihan.com,dusays.com
aibofan.com,blog.weichky.com
xiaolii.com,xrpyq.com
moechun.fun,blog.stevenw.cc
okace.cn,feiliwuyan.com
manshaoco.com,pwsz.com
226yzy.com,n-bc.top
blog.cpen.top,blog.xlenco.top
blog.snowy.moe,saneko.me
mskclover.com,blog.lxythan2lxy.cn
blog.yaria.top,blog.cpen.top
hmily.ren,zla.pub
kumosya.top,blog.ksable.top
blog.jerryz.com.cn,blog.yaten.xyz
blog.pai233.top,blog.leonus.cn
blog.storia.ren,luoca.cn
wangyunzi.com,blognas.hwb0307.com
citydatum.cn,zhuxu.asia
moechun.fun,blog.zhheo.com
blog.yaria.top,blog.yujiay.wang
hmily.ren,zzzhome.cc
blog.l3zc.com,fang.blog.miri.site
wanghanyue.com,yanghuaxing.com
mskclover.com,ztgdblog.icu
blog.xsnet.eu.org,xding.top
blognas.hwb0307.com,mm.yaomomo.com
blog.jerryz.com.cn,blog.lusyoe.com
blog.pai233.top,summerpond.cn
blog.storia.ren,loliloli.moe
citydatum.cn,pwsz.com
moechun.fun,xiaoxinblog.xyz
7boe.top,daoker.cc
manshaoco.com,zouht.com
blog.sky390.cn,itbob.cn
szx.life,cn059.com
blog.akimio.top,blog.zhheo.com
blog.yaria.top,hydsb0.com
blog.l3zc.com,blog.srprolin.top
okace.cn,leziblog.com
wanghanyue.com,hxy.cc
mskclover.com,catcat.blog
blog.xsnet.eu.org,loliloli.moe
blognas.hwb0307.com,blog.59888888.xyz
blog.loadke.tech,blog.000k.de
blog.uuanqin.top,blog.zhheo.com
ichika.cc,blog.zhheo.com
blog.stevenw.cc,blog.mugzx.top
fat-old-eight.github.io,blog.imken.moe
blog.zmonster.top,guqing.io
kumosya.top,jukai.site
blog.jerryz.com.cn,uhope.fun
blog.pai233.top,easyf12.top
blog.storia.ren,miraii.cn
citydatum.cn,xeonzilla.top
moechun.fun,blog.hehouhui.cn
7boe.top,ares-tech-stack.cn
blog.akimio.top,blog.aqcoder.cn
oragekk.me,blog.leonus.cn
blog.moeworld.tech,blog.sotkg.com
maxqi.top,chlo.is
80srz.com,blog.chrison.cn
blog.yaria.top,rainview.net
blog.l3zc.com,exister.tk
wanghanyue.com,lznauy.cn
blog.xsnet.eu.org,rssblog.cn
blognas.hwb0307.com,blog.imysen.com
blog.loadke.tech,wanyijizi.com
ichika.cc,blog.yaria.top
blog.stevenw.cc,blog.zeruns.com
longtao.fun,ilovey.live
blog.furen.link,blog.goodboyboy.top
yurenyiyuji.top,blog.anheyu.com
blog.jerryz.com.cn,pipuwong.com
blog.pai233.top,lewky.cn
blog.storia.ren,blog.224418.xyz
citydatum.cn,yunyitang.me
moechun.fun,loliloli.moe
226yzy.com,imcao.cn
7boe.top,m78.co
manshaoco.com,docn.net
blog.akimio.top,blog.leonus.cn
oragekk.me,vxcode.top
blog.moeworld.tech,blog.zhilu.cyou
maxqi.top,blog.furen.link
80srz.com,t-t.live
blog.snowy.moe,blog.moeworld.tech
wiki.eryajf.net,blog.share888.top
97772.top,ddf.im
blog.yaria.top,blog.anheyu.com
blog.l3zc.com,blog.marshuni.fun
wanghanyue.com,dhkk.cn
blog.xsnet.eu.org,iftft.com
blognas.hwb0307.com,icodeq.com
ichika.cc,blog.leonus.cn
blog.stevenw.cc,blog.zyx-2012.cn
blog.furen.link,xfsay.com
yurenyiyuji.top,blog.leonus.cn
chenxublog.com,wuminboke.site
blog.btwoa.com,blog.orangii.cn
xding.top,blog.stevenw.cc
blog.jerryz.com.cn,blog.imsyy.top
blog.pai233.top,blog.moe233.net
blog.storia.ren,thyuu.com
moechun.fun,blog.lichenghao.cn
7boe.top,dusays.com
manshaoco.com,blognas.hwb0307.com
blog.akimio.top,dusays.com
oragekk.me,geekery.cn
blog.moeworld.tech,chirmyram.top
maxqi.top,blog.jiyu134.top
80srz.com,thyuu.com
blog.snowy.moe,imfurry.com
wiki.eryajf.net,blog.lichenghao.cn
huluohu.com,srebro.cn
blog.starsharbor.com,blog.hpcesia.com
blog.june-pj.cn,blog.leonus.cn
liuyude.com,blog.zhheo.com
8853131.xyz,vindo.cn
9sb.net,zyyo.net
blog.yaria.top,pinpe.top
blog.l3zc.com,furryowo.top
wanghanyue.com,wiki.eryajf.net
blog.xsnet.eu.org,hin.cool
blognas.hwb0307.com,lincol29.cn
ichika.cc,htmacg.cn
blog.stevenw.cc,blog.zhheo.com
blog.furen.link,linzekai.cn
yurenyiyuji.top,meuicat.com
chenxublog.com,blog.fkun.tech
blog.btwoa.com,ishya.top
xding.top,furryowo.top
6young.site,blog.zhheo.com
blog.393837.xyz,blog.anheyu.com
aibofan.com,wanglin.blog
bkryofu.cn,blog.snowy.moe
blog.jerryz.com.cn,gorpeln.top
blog.pai233.top,hin.cool
blog.storia.ren,timelogs.cn
moechun.fun,blog.zamlia.com
7boe.top,stvue.com
manshaoco.com,rsnocsi.cn
blog.akimio.top,meuicat.com
oragekk.me,liuchenyang.top
blog.moeworld.tech,loliloli.moe
maxqi.top,daodaoshi.xyz
80srz.com,blog.ning.moe
wiki.eryajf.net,chlo.is
huluohu.com,blog.zhheo.com
blog.starsharbor.com,agen233.top
blog.june-pj.cn,blog.anheyu.com
liuyude.com,wanglin.blog
9sb.net,yvii.cn
blog.imzy.ink,ilovey.live
blog.kukac.top,haoruanmao.com
leenet.xyz,leonxie.cn
blog.quickso.cn,chirmyram.top
blog.yaria.top,finding.is-cool.dev
blog.l3zc.com,baipin.pw
blog.xsnet.eu.org,blog.leonus.cn
blognas.hwb0307.com,luming.cool
ichika.cc,shape.kloudy.cn
blog.stevenw.cc,fish9.cn
blog.furen.link,allenyou.wang
yurenyiyuji.top,blog.zhheo.com
blog.btwoa.com,blog.zhheo.com
xding.top,koxiuqiu.cn
6young.site,blog.anheyu.com
blog.393837.xyz,thyuu.com
aibofan.com,m.senlinm.cn
bkryofu.cn,kumosya.top
aciano.top,blog.kfdzcoffee.cn
lxnchan.cn,blognas.hwb0307.com
lostdeer.xyz,httsard.online
blog.iqzhi.com,blog.kfdzcoffee.cn
shimmerl.top,blog.june-pj.cn
kumosya.top,blog.ilidilid.top
blog.jerryz.com.cn,blog.meta-code.top
blog.pai233.top,azusemisa.top
blog.storia.ren,aciano.top
7boe.top,anye.xyz
oragekk.me,uyoahz.cn
blog.moeworld.tech,magma.ink
maxqi.top,hk256.top
80srz.com,wang618.cn
blog.snowy.moe,blog.storia.ren
wiki.eryajf.net,xyzbz.cn
huluohu.com,boysec.cn
blog.starsharbor.com,baiwumm.com
blog.june-pj.cn,blog.quenan.cn
liuyude.com,dusays.com
9sb.net,note.redcha.cn
blog.imzy.ink,pinpe.top
blog.kukac.top,blog.anheyu.com
leenet.xyz,blog.gankudadiz.com
blog.quickso.cn,flyday.top
yc100.github.io,blog.btwoa.com
shimoko.com,irithys.com
blog.qaiu.top,guqing.io
allenyou.wang,blog.hehouhui.cn
blog.hikarilan.life,carm.cc
blog.kengwang.com.cn,sizau.com
7gugu.com,blog.btwoa.com
wanglin.blog,blog.starsharbor.com
pandax.wiki,blog.mocn.top
4ading.com,silverisky.com
blog.liushen.fun,xsl.im
blog.tdrme.cn,hailandao.com
blog.kfdzcoffee.cn,r1n.top
nkmon.com,blog.zhheo.com
blog.ymbit.cn,blog.icybit.cn
boysec.cn,blog.leonus.cn
hin.cool,inkss.cn
nicejf.cn,blog.isww.cn
iasuna.com,gorpeln.top
paddysun.top,hejunjie.life
blog.yaria.top,blog.kfdzcoffee.cn
blognas.hwb0307.com,kanokano.cn
ichika.cc,meuicat.com
blog.stevenw.cc,moechun.fun
blog.furen.link,furryowo.top
chenxublog.com,arc.canmi.icu
blog.btwoa.com,7gugu.com
6young.site,blog.huaxiangshan.com
blog.393837.xyz,blog.zhheo.com
bkryofu.cn,blog.xioxix.com
aciano.top,blog.fantasyke.cn
lxnchan.cn,ariels.xyz
lostdeer.xyz,echeverra.cn
blog.iqzhi.com,lner.top
shimmerl.top,lxink.cn
kumosya.top,blog.snowy.moe
blog.jerryz.com.cn,linmohan.fun
blog.pai233.top,blog.catrol.cn
blog.storia.ren,champhoon.xyz
moechun.fun,blog.inekoxia.com
7boe.top,7muo.top
oragekk.me,linexic.top
blog.moeworld.tech,blog.tomys.top
maxqi.top,blog.goodboyboy.top
80srz.com,dusays.com
blog.snowy.moe,bkryofu.cn
wiki.eryajf.net,ysicing.me
huluohu.com,frytea.com
blog.starsharbor.com,blog.rickyxrc.cc
blog.june-pj.cn,blog.liushen.fun
liuyude.com,zlinblog.cn
9sb.net,vjo.cc
blog.imzy.ink,yrian.top
blog.kukac.top,blog.zhheo.com
leenet.xyz,vnyzm.top
yc100.github.io,blog.anheyu.com
shimoko.com,blog.zhheo.com
allenyou.wang,fang.blog.miri.site
blog.hikarilan.life,chenxutalk.top
blog.kengwang.com.cn,lihaoyu.cn
7gugu.com,muidar.com
wanglin.blog,easyf12.top
pandax.wiki,xiaozonglin.cn
4ading.com,srebro.cn
blog.liushen.fun,blog.cancin.cn
blog.kfdzcoffee.cn,blog.hpcesia.com
nkmon.com,koxiuqiu.cn
blog.ymbit.cn,zerowolf.cn
boysec.cn,blog.jkl.asia
hin.cool,blog.mhuig.top
nicejf.cn,data-era.cn
iasuna.com,loneapex.cn
paddysun.top,ficor.net
sszsj.com,zqcnc.cn
blog.shiguang666.eu.org,blog.cancin.cn
xenwayne.top,iasuna.com
xyx404.github.io,blog.anheyu.com
blog.kclub.tech,blog.anheyu.com
rsnocsi.cn,blog.liushen.fun
oyiso.cn,aloner.ink
freejishu.com,sizau.com
blog.yaria.top,imcharon.com
blognas.hwb0307.com,fanyiming.life
ichika.cc,hiripple.com
blog.stevenw.cc,blog.qgmzmy.me
blog.furen.link,satinau.cn
chenxublog.com,b.ncii.cn
blog.btwoa.com,wcowin.work
6young.site,ll.sc.cn
bkryofu.cn,yunyoujun.cn
aciano.top,yunyoujun.cn
lxnchan.cn,kekkj123.github.io
lostdeer.xyz,iliuqi.com
blog.iqzhi.com,iasuna.com
shimmerl.top,blog.224418.xyz
kumosya.top,youhuge.site
blog.pai233.top,cxl2020mc.top
blog.storia.ren,blog.kaiqi.wang
wangyunzi.com,uyoahz.cn
moechun.fun,uyoahz.cn
7boe.top,blog.meta-code.top
oragekk.me,liubing.me
blog.moeworld.tech,blog.snowy.moe
maxqi.top,linzekai.cn
80srz.com,skylan.cc
blog.snowy.moe,blog.hanta2011.top
wiki.eryajf.net,lznauy.cn
blog.starsharbor.com,blog.bsgun.cn
blog.june-pj.cn,imcharon.com
liuyude.com,blog.starsharbor.com
9sb.net,zxs.me
blog.imzy.ink,blog.bleaz.net
blog.kukac.top,utopiaxc.cn
yc100.github.io,manjiuqi.com
shimoko.com,kaitaku.xyz
allenyou.wang,yuanzj.top
blog.hikarilan.life,blog.sakurasou.io
blog.kengwang.com.cn,blog.w1ndys.top
7gugu.com,hsuyeung.com
wanglin.blog,gorpeln.top
pandax.wiki,blognas.hwb0307.com
4ading.com,wanglin.blog
blog.liushen.fun,blog.gzzz.pro
blog.kfdzcoffee.cn,blog.inekoxia.com
nkmon.com,thyuu.com
blog.ymbit.cn,lihaoyu.cn
boysec.cn,huluohu.com
nicejf.cn,blog.drpika.com
iasuna.com,fhrf.top
sszsj.com,frank2019.life
blog.shiguang666.eu.org,blog.meta-code.top
xenwayne.top,yunyoujun.cn
xyx404.github.io,docs.lizili.online
blog.kclub.tech,nickwald.top
rsnocsi.cn,kumosya.top
oyiso.cn,bfzw.top
freejishu.com,baipin.pw
blog.share888.top,xsl.im
mingcy.cn,leorain.cn
justpureh2o.cn,blog.cuteleaf.cn
wygxmew.github.io,blog.tsukistar.cc
agen233.top,blog.awaae001.top
peter267.github.io,note.redcha.cn
wuminboke.site,lznauy.cn
szhshp.org,pgoj.top
blog.fis.ink,pyrzo.com
blog.fantasyke.cn,aciano.top
pwsz.com,weisay.com
blog.quenan.cn,blog.sotkg.com
blog.yaria.top,leonxie.cn
blognas.hwb0307.com,magma.ink
ichika.cc,blog.anheyu.com
blog.stevenw.cc,ares-tech-stack.cn
blog.furen.link,blog.245179.xyz
blog.btwoa.com,blog.lemonstar.me
aciano.top,blog.zhheo.com
lxnchan.cn,manjiuqi.com
lostdeer.xyz,blog.weichky.com
shimmerl.top,blog.storia.ren
blog.jerryz.com.cn,lik.cc
blog.pai233.top,fat-old-eight.github.io
blog.storia.ren,blog.furen.link
moechun.fun,wikimoe.com
7boe.top,wiki.eryajf.net
oragekk.me,blog.ganxb2.com
blog.moeworld.tech,blog.goodboyboy.top
maxqi.top,blog.canmoe.com
80srz.com,blog.southz.top
blog.snowy.moe,blog.moe233.net
wiki.eryajf.net,iots.vip
blog.starsharbor.com,blog.224418.xyz
blog.june-pj.cn,blog.zhheo.com
9sb.net,blog.faryou.eu.org
blog.imzy.ink,vinking.top
blog.kukac.top,thyuu.com
yc100.github.io,sccube.link
allenyou.wang,satinau.cn
blog.hikarilan.life,blog.hikariyo.net
7gugu.com,blog.starsharbor.com
wanglin.blog,66619.eu.org
pandax.wiki,panda995.xyz
blog.liushen.fun,blog.zc.wiki
blog.kfdzcoffee.cn,blog.iqzhi.com
nkmon.com,blog.imsyy.top
blog.ymbit.cn,ski.ink
boysec.cn,myxz.top
iasuna.com,blog.gankudadiz.com
sszsj.com,baiwulin.com
blog.shiguang666.eu.org,blog.nicebao.com
xenwayne.top,thyuu.com
xyx404.github.io,blog.southz.top
blog.kclub.tech,blog.zhheo.com
rsnocsi.cn,zouht.com
oyiso.cn,blog.xxfer.cn
freejishu.com,lxnchan.cn
blog.share888.top,blog.chrxw.com
mingcy.cn,blog.yujiay.wang
justpureh2o.cn,oplog.cn
wygxmew.github.io,dangeer.com
agen233.top,aloner.ink
peter267.github.io,magma.ink
wuminboke.site,fengcblog.880200.xyz
szhshp.org,vrast.cn
blog.fis.ink,blog.goodboyboy.top
blog.fantasyke.cn,blog.nicebao.com
pwsz.com,vjo.cc
blog.quenan.cn,blog.awaae001.top
blog.245179.xyz,xscnet.cn
blog.ehnap.com,vrast.cn
biibii.cn,blog.mcxiaochen.top
blog.meta-code.top,bluelanm.github.io
blog.zhwei101.com,blog.henrywhu.cn
blog.starchen.top,castamerego.com
blog.tsio.top,blog.uptoz.cn
pysio.online,milu.ink
blog.awaae001.top,m.senlinm.cn
blog.yaria.top,blog.opeach.cn
blognas.hwb0307.com,pandax.wiki
ichika.cc,blog.moeqy.com
blog.stevenw.cc,blog.xlenco.top
blog.furen.link,maxqi.top
blog.btwoa.com,blog.leonus.cn
aciano.top,wangyunzi.com
lxnchan.cn,yunyoujun.cn
lostdeer.xyz,shape.kloudy.cn
shimmerl.top,mnchen.cn
blog.jerryz.com.cn,iamdt.cn
blog.pai233.top,226yzy.com
blog.storia.ren,wrans.top
wangyunzi.com,blog.starysky.top
moechun.fun,blog.anheyu.com
7boe.top,imcharon.com
oragekk.me,blog.ehnap.com
blog.moeworld.tech,logdict.com
maxqi.top,nickwald.top
80srz.com,57767.top
blog.snowy.moe,kumosya.top
wiki.eryajf.net,7boe.top
blog.starsharbor.com,mnchen.cn
blog.june-pj.cn,blog.yaten.xyz
9sb.net,blog.caonmd.com
blog.imzy.ink,blog.kfdzcoffee.cn
yc100.github.io,imets.cn
allenyou.wang,maxqi.top
7gugu.com,notes.smallbamboo.cn
wanglin.blog,blog.ning.moe
pandax.wiki,blog.lovelu.top
blog.liushen.fun,blog.liuzhen932.top
blog.kfdzcoffee.cn,xiaozonglin.cn
nkmon.com,blog.anheyu.com
blog.ymbit.cn,blog.dimeta.top
boysec.cn,blog.zhheo.com
iasuna.com,zyglq.cn
sszsj.com,thyuu.com
blog.shiguang666.eu.org,blog.anheyu.com
xenwayne.top,blog.storia.ren
xyx404.github.io,blog.liushen.fun
rsnocsi.cn,blog.kaiqi.wang
oyiso.cn,haoyu233.com
blog.share888.top,lyszm.com
mingcy.cn,hydsb0.com
justpureh2o.cn,qixz.cn
wygxmew.github.io,jame.work
agen233.top,66619.eu.org
peter267.github.io,haoyu233.com
wuminboke.site,blog.zeruns.com
szhshp.org,david03.top
blog.fis.ink,pinpe.top
blog.fantasyke.cn,lihaoyu.cn
pwsz.com,cuixinxin.cn
blog.quenan.cn,blog.opeach.cn
blog.245179.xyz,blog.im0o.top
blog.ehnap.com,ygxz.in
biibii.cn,pym.plus
blog.meta-code.top,7boe.top
blog.zhwei101.com,blog.zhheo.com
blog.starchen.top,r1n.top
blog.tsio.top,baiwulin.com
pysio.online,blog.liuzhen932.top
blog.awaae001.top,logdict.com
blog.hxrch.top,blog.dimeta.top
coolku.cc,blog.6yfz.cn
ztrztr.top,blog.rick.icu
blog.opeach.cn,lxnchan.cn
zheep.top,xingwangzhe.fun
baiwumm.com,blog.horonlee.com
oatse.com,puresky.top
cyrus19.cc,geedea.pro
qijieya.cn,blog.lmb.blue
youhuge.site,kumosya.top
blog.yaria.top,blog.june-pj.cn
blognas.hwb0307.com,ztrztr.top
ichika.cc,zxwlove.xyz
blog.stevenw.cc,xding.top
blog.furen.link,blog.jiyu134.top
blog.btwoa.com,blog.imsyy.top
aciano.top,blog.leonus.cn
lxnchan.cn,ygxz.in
lostdeer.xyz,david03.top
shimmerl.top,blog.kfdzcoffee.cn
fuwari.oh1.top,blog.fis.ink
blog.mcxiaochen.top,note.redcha.cn
ikamusume7.org,blog.aulypc0x0.online
blog.jerryz.com.cn,blog.zhheo.com
blog.storia.ren,debuginn.com
moechun.fun,blog.meta-code.top
7boe.top,blog.zhheo.com
blog.moeworld.tech,notes.smallbamboo.cn
maxqi.top,blog.luoh.org
80srz.com,blog.gzzz.pro
blog.snowy.moe,bear556.top
wiki.eryajf.net,vluv.space
blog.starsharbor.com,blog.lemonstar.me
blog.june-pj.cn,blog.yaria.top
blog.imzy.ink,morick66.com
allenyou.wang,blog.jiyu134.top
wanglin.blog,shimmerl.top
pandax.wiki,ztrztr.top
blog.liushen.fun,blog.linyunlink.top
blog.kfdzcoffee.cn,wpzllq.cn
nkmon.com,careful.fyi
blog.ymbit.cn,luochancy.com
iasuna.com,xenwayne.top
blog.shiguang666.eu.org,natro92.fun
xenwayne.top,lapis.cafe
xyx404.github.io,blog.zhheo.com
rsnocsi.cn,manshaoco.com
oyiso.cn,blog.veitzn.top
blog.share888.top,wiki.eryajf.net
mingcy.cn,lukelzlz.top
justpureh2o.cn,miaoer.net
agen233.top,yourlai.com
peter267.github.io,blog.anheyu.com
wuminboke.site,dusays.com
szhshp.org,iots.vip
blog.fis.ink,pysio.online
blog.fantasyke.cn,blog.bsgun.cn
pwsz.com,gmcllp.cn
blog.quenan.cn,blog.yaria.top
blog.245179.xyz,blog.fis.ink
blog.ehnap.com,iliuqi.com
biibii.cn,linexic.top
blog.meta-code.top,linmohan.fun
blog.zhwei101.com,shimmerl.top
blog.starchen.top,woolyun.com
pysio.online,ski.ink
blog.awaae001.top,blog.shineyu.cn
blog.hxrch.top,blog.slhaf.work
ztrztr.top,blog.henrywhu.cn
blog.opeach.cn,blog.hesiy.cn
zheep.top,blog.zhheo.com
baiwumm.com,puresky.top
oatse.com,blog.zhheo.com
cyrus19.cc,d-d.design
qijieya.cn,moechu.cn
youhuge.site,66619.eu.org
baihw.cn,blog.zhheo.com
fx7.top,moechu.cn
blog.elysium-stack.cn,blog.mcxiaochen.top
blog.lusyoe.com,blog.study996.cn
lylyl.cn,blog.zhheo.com
blog.imlast.top,chlo.is
blog.adlamp.cn,blog.zhheo.com
xiaonie.me,lxnchan.cn
blog.linyunlink.top,blog.liushen.fun
xiaolii.com,kumosya.top
blog.moej.cn,ysicing.me
blog.zhecydn.asia,imjipa.top
blog.yaria.top,htmacg.cn
blognas.hwb0307.com,shuiao.top
blog.furen.link,logdict.com
blog.btwoa.com,kegongteng.cn
aciano.top,zla.pub
lxnchan.cn,irr.ink
lostdeer.xyz,pinaland.cn
shimmerl.top,blog.anheyu.com
fuwari.oh1.top,blog.sakura.ink
blog.mcxiaochen.top,kangqiovo.com
ikamusume7.org,rainafter.cn
blog.fufu.ink,blog.redcha.cn
blog.marshuni.fun,cworld0.com
blog.luckyits.com,blog.anheyu.com
blog.storia.ren,blog.snowy.moe
blog.moeworld.tech,xiwangly.com
maxqi.top,baiwulin.com
80srz.com,jinjun.top
blog.snowy.moe,vnyzm.top
wiki.eryajf.net,zhengwenfeng.com
blog.starsharbor.com,champhoon.xyz
blog.june-pj.cn,blog.im0o.top
blog.imzy.ink,blog.luvying.com
allenyou.wang,blog.fis.ink
wanglin.blog,aibofan.com
pandax.wiki,xiangming.site
blog.liushen.fun,blog.awaae001.top
blog.kfdzcoffee.cn,blog.adyun.design
nkmon.com,dusays.com
blog.ymbit.cn,byteloid.one
iasuna.com,zachariah.run
blog.shiguang666.eu.org,blog.liushen.fun
xyx404.github.io,myxz.top
rsnocsi.cn,blog.mcloc.cn
oyiso.cn,rhopaper.top
blog.share888.top,blog.luvying.com
mingcy.cn,itbob.cn
justpureh2o.cn,blog.boranstars.top
agen233.top,koxiuqiu.cn
peter267.github.io,blog.liushen.fun
wuminboke.site,allenyou.wang
szhshp.org,leorain.cn
blog.fis.ink,allenyou.wang
blog.fantasyke.cn,blog.anheyu.com
pwsz.com,ficor.net
blog.quenan.cn,blog.june-pj.cn
blog.245179.xyz,blog.bsgun.cn
blog.ehnap.com,wiki.eryajf.net
biibii.cn,blog.caonmd.com
blog.meta-code.top,blog.shiguang666.eu.org
blog.zhwei101.com,blog.uptoz.cn
blog.starchen.top,dao.js.cn
pysio.online,zerowolf.cn
blog.awaae001.top,efu.me
blog.hxrch.top,haoyu233.com
ztrztr.top,lincol29.cn
blog.opeach.cn,blog.dimeta.top
zheep.top,wang618.cn
baiwumm.com,blog.liushen.fun
oatse.com,iliuqi.com
cyrus19.cc,blog.zhheo.com
qijieya.cn,blog.ning.moe
youhuge.site,blog.245179.xyz
baihw.cn,blog.anheyu.com
fx7.top,vxcode.top
blog.elysium-stack.cn,ttio.cc
blog.lusyoe.com,zywvvd.com
blog.imlast.top,blog.lynn6.cn
blog.adlamp.cn,anye.xyz
xiaonie.me,dao.js.cn
blog.linyunlink.top,notes.smallbamboo.cn
xiaolii.com,imcys.com
blog.moej.cn,itbob.cn
blog.zhecydn.asia,we.owaii.net
liuchenyang.top,geekery.cn
aajax.top,land.hash.moe
2star.top,blog.kfdzcoffee.cn
blog.yaria.top,blog.henrywhu.cn
blognas.hwb0307.com,zla.pub
blog.furen.link,blog.storia.ren
blog.btwoa.com,thyuu.com
aciano.top,shimmerl.top
lxnchan.cn,yunyanck.cn
lostdeer.xyz,sifangbazhu.tech
shimmerl.top,vjo.cc
blog.mcxiaochen.top,ztrztr.top
ikamusume7.org,blog.mckero.com
blog.fufu.ink,blog.yujiay.wang
blog.marshuni.fun,vindo.cn
rhopaper.top,2star.top
nelsonboss.ink,geedea.pro
zanks.link,biibii.cn
bioez.xyz,blog.zhheo.com
blog.storia.ren,lihaoyu.cn
maxqi.top,kumosya.top
80srz.com,wcowin.work
wiki.eryajf.net,puresky.top
blog.starsharbor.com,kegongteng.cn
blog.june-pj.cn,meuicat.com
allenyou.wang,linzekai.cn
wanglin.blog,moshanghua.net
blog.liushen.fun,blog.leonus.cn
blog.kfdzcoffee.cn,moshanghua.net
blog.ymbit.cn,blog.liuzhen932.top
iasuna.com,jjy2023.cn
blog.shiguang666.eu.org,baiwulin.com
xyx404.github.io,hydsb0.com
rsnocsi.cn,blog.tomys.top
oyiso.cn,pinpe.top
blog.share888.top,blog.zhheo.com
mingcy.cn,blog.trfox.top
justpureh2o.cn,seln.cn
agen233.top,blog.starsharbor.com
peter267.github.io,baiwulin.com
wuminboke.site,blog.245179.xyz
blog.fis.ink,275.pub
blog.fantasyke.cn,mnchen.cn
pwsz.com,hollowman.cn
blog.quenan.cn,blog.hesiy.cn
blog.245179.xyz,blog.shenyouchu.cn
blog.ehnap.com,oragekk.me
biibii.cn,blog.liseezn.top
blog.meta-code.top,finding.is-cool.dev
blog.zhwei101.com,blog.study996.cn
blog.starchen.top,blog.andyjin.website
blog.awaae001.top,iczrx.cn
blog.hxrch.top,luming.cool
ztrztr.top,pandax.wiki
blog.opeach.cn,blog.marice.top
zheep.top,dao.js.cn
baiwumm.com,blog.zhheo.com
oatse.com,webjing.cn
qijieya.cn,david03.top
fx7.top,colsrch.cn
blog.elysium-stack.cn,blog.kfdzcoffee.cn
blog.lusyoe.com,xscnet.cn
blog.imlast.top,ameow.xyz
blog.adlamp.cn,blog.lusyoe.com
xiaonie.me,blog.starchen.top
blog.linyunlink.top,wcowin.work
blog.moej.cn,shansan.top
liuchenyang.top,srebro.cn
2star.top,loneapex.cn
wang618.cn,blog.redcha.cn
hk256.top,maxqi.top
blog.dimeta.top,blog.ymbit.cn
b.ncii.cn,blog.zhheo.com
ecwuuuuu.com,blog.ning.moe
blog.amireuxox.cn,blog.anheyu.com
blog.224418.xyz,blog.anheyu.com
hejunjie.life,cworld0.com
zxs.me,zhejianglao.cn
ajinol.com,blog.uptoz.cn
xiaozonglin.cn,blog.kfdzcoffee.cn
tch.cool,blog.zhheo.com
echeverra.cn,nenufm.com
ppyia.com,blognas.hwb0307.com
leziblog.com,cynosura.one
haoyu233.com,yunyanck.cn
mozixi.com,ddf.im
memxb.top,qiulaidongfeng.github.io
kanokano.cn,wuminboke.site
blog.yaria.top,blog.pai233.top
blognas.hwb0307.com,hydsb0.com
blog.furen.link,imfurry.com
aciano.top,blog.storia.ren
lxnchan.cn,blog.hzchu.top
shimmerl.top,blog.zhheo.com
blog.mcxiaochen.top,wang618.cn
ikamusume7.org,blueke.top
blog.fufu.ink,blog.zhheo.com
blog.marshuni.fun,diyun.site
rhopaper.top,blog.w1f.top
nelsonboss.ink,chlo.is
zanks.link,blog.veitzn.top
bioez.xyz,hxy.cc
blog.luckyfishes.site,blog.zhheo.com
8cat.life,cworld0.com
kumosya.top,rsnocsi.cn
blog.storia.ren,blog.xlenco.top
maxqi.top,allenyou.wang
80srz.com,yvii.cn
blog.snowy.moe,jame.work
wiki.eryajf.net,tinsir888.github.io
blog.starsharbor.com,hsuyeung.com
blog.june-pj.cn,thyuu.com
allenyou.wang,furryowo.top
wanglin.blog,4ading.com
blog.liushen.fun,baiwumm.com
blog.kfdzcoffee.cn,blog.hzchu.top
iasuna.com,blog.iqzhi.com
blog.shiguang666.eu.org,blog.zhheo.com
xyx404.github.io,blog.bsgun.cn
oyiso.cn,dengqn.com
blog.share888.top,cuixinxin.cn
mingcy.cn,yunxge.cn
justpureh2o.cn,blog.kfdzcoffee.cn
agen233.top,tch.cool
peter267.github.io,blog.zhheo.com
wuminboke.site,pyrzo.com
blog.fis.ink,blog.liushen.fun
blog.fantasyke.cn,blog.liushen.fun
pwsz.com,xyzbz.cn
blog.quenan.cn,meuicat.com
blog.245179.xyz,linzekai.cn
biibii.cn,wcowin.work
blog.meta-code.top,timochan.cn
blog.zhwei101.com,blog.anheyu.com
blog.starchen.top,puresky.top
blog.awaae001.top,blog.hesiy.cn
blog.hxrch.top,memxb.top
ztrztr.top,ztgdblog.icu
blog.opeach.cn,logdict.com
baiwumm.com,wcowin.work
oatse.com,gcoulu.cn
qijieya.cn,rainafter.cn
fx7.top,extlight.com
blog.elysium-stack.cn,dao.js.cn
blog.lusyoe.com,xingmail.cn
blog.imlast.top,leehenry.top
blog.adlamp.cn,ajinol.com
xiaonie.me,blog.zhheo.com
blog.linyunlink.top,denvoshome.xyz
xiaolii.com,jiuliu.top
blog.moej.cn,musenxi.com
liuchenyang.top,wiki.eryajf.net
2star.top,rhopaper.top
wang618.cn,yfzhu.cn
hk256.top,blog.canmoe.com
blog.dimeta.top,blog.liseezn.top
b.ncii.cn,anye.xyz
blog.224418.xyz,shimmerl.top
hejunjie.life,blog.liushen.fun
zxs.me,9sb.net
ajinol.com,blog.zhwei101.com
xiaozonglin.cn,chlo.is
tch.cool,ygxz.in
echeverra.cn,note.redcha.cn
ppyia.com,blog.opeach.cn
leziblog.com,okace.cn
haoyu233.com,blog.hxrch.top
mozixi.com,blog.zhheo.com
memxb.top,wyjmew.cn
kanokano.cn,yuanshen.dev
timewaster43.github.io,blog.zhheo.com
careful.fyi,vrast.cn
treemoe.cn,blog.anheyu.com
blog.ciriu.com,blog.imysen.com
linzekai.cn,blog.furen.link
blog.yaria.top,mnchen.cn
blognas.hwb0307.com,yhalo.cn
aciano.top,meuicat.com
lxnchan.cn,rhopaper.top
shimmerl.top,gmcllp.cn
blog.mcxiaochen.top,mozixi.com
blog.marshuni.fun,vrast.cn
rhopaper.top,hadongzhu.com
nelsonboss.ink,david03.top
zanks.link,blog.mugzx.top
bioez.xyz,hongliu.icu
blog.luckyfishes.site,blog.guuguai.site
blog.storia.ren,miaoer.net
maxqi.top,fang.blog.miri.site
80srz.com,upxuu.com
wiki.eryajf.net,blog.ehnap.com
blog.starsharbor.com,sudachi.top
blog.june-pj.cn,shimmerl.top
allenyou.wang,blog.furen.link
wanglin.blog,timochan.cn
blog.liushen.fun,rsnocsi.cn
blog.kfdzcoffee.cn,timochan.cn
iasuna.com,blog.anheyu.com
blog.shiguang666.eu.org,blog.yaria.top
xyx404.github.io,blog.hpcesia.com
oyiso.cn,luochancy.com
blog.share888.top,ccgxk.com
mingcy.cn,blog.liushen.fun
justpureh2o.cn,blog.zyx-2012.cn
agen233.top,iasuna.com
peter267.github.io,easyf12.top
wuminboke.site,nxxy335.top
blog.fis.ink,m-n.top
blog.fantasyke.cn,miaoer.net
pwsz.com,thyuu.com
blog.quenan.cn,xsl.im
blog.245179.xyz,furryowo.top
biibii.cn,zanks.link
blog.meta-code.top,blog.liushen.fun
blog.zhwei101.com,blog.starsharbor.com
blog.starchen.top,baiwulin.com
blog.awaae001.top,blog.leonus.cn
blog.hxrch.top,blog.cuteleaf.cn
ztrztr.top,bfzw.top
blog.opeach.cn,thyuu.com
baiwumm.com,blog.lusyoe.com
oatse.com,leorain.cn
qijieya.cn,lyszm.com
fx7.top,ddf.im
blog.elysium-stack.cn,blog.zyx-2012.cn
blog.lusyoe.com,blog.starsharbor.com
blog.adlamp.cn,blog.xxfer.cn
xiaonie.me,careful.fyi
blog.linyunlink.top,blog.hzchu.top
xiaolii.com,misakamoe.com
blog.moej.cn,mskclover.com
liuchenyang.top,oragekk.me
wang618.cn,ficor.net
blog.dimeta.top,blog.liushen.fun
b.ncii.cn,blog.caonmd.com
blog.224418.xyz,blog.storia.ren
hejunjie.life,yunyitang.me
zxs.me,hxy.cc
ajinol.com,hilxy.com
xiaozonglin.cn,champhoon.xyz
tch.cool,blog.liseezn.top
echeverra.cn,xiaobu.xyz
ppyia.com,viisaus.tech
leziblog.com,zyglq.cn
haoyu233.com,i.duckxu.com
mozixi.com,baiwumm.com
memxb.top,blog.caonmd.com
kanokano.cn,yzyyz.top
timewaster43.github.io,blog.anheyu.com
careful.fyi,xiaonie.me
treemoe.cn,qixz.cn
blog.ciriu.com,blog.kaiqi.wang
linzekai.cn,blog.245179.xyz
blog.ziyege.com,dao.js.cn
xsl.im,blog.hzchu.top
blog.gbfun.cc,blog.fiveth.cc
blog.ilidilid.top,blog.revincx.icu
sliun.com,blog.huaxiangshan.com
lifengdi.com,blog.hehouhui.cn
pym.plus,kegongteng.cn
blog.yaria.top,chenzhen.space
blognas.hwb0307.com,pipuwong.com
aciano.top,uyoahz.cn
lxnchan.cn,blog.skihome.xyz
shimmerl.top,aciano.top
blog.mcxiaochen.top,blog.anheyu.com
blog.marshuni.fun,blog.0xd00.com
rhopaper.top,illusional.top
zanks.link,blog.dimeta.top
bioez.xyz,blog.weichky.com
blog.storia.ren,dao.js.cn
wiki.eryajf.net,vrast.cn
blog.starsharbor.com,qiukui-note.happy365.day
blog.june-pj.cn,ichika.cc
allenyou.wang,blog.lie-kong.top
wanglin.blog,liuyude.com
blog.liushen.fun,blog.fantasyke.cn
blog.kfdzcoffee.cn,skira.top
iasuna.com,agen233.top
blog.shiguang666.eu.org,blog.bsgun.cn
xyx404.github.io,blog.mc-sep.top
oyiso.cn,blog.bleaz.net
blog.share888.top,blog.lichenghao.cn
mingcy.cn,blog.zhheo.com
agen233.top,sifangbazhu.tech
peter267.github.io,blog.bsgun.cn
blog.fis.ink,blog.zhheo.com
pwsz.com,blog.veitzn.top
blog.quenan.cn,blog.anheyu.com
blog.245179.xyz,blog.furen.link
biibii.cn,blog.6uu.us
blog.meta-code.top,wcowin.work
blog.starchen.top,blog.zhheo.com
blog.awaae001.top,alampy.com
blog.hxrch.top,blog.ksable.top
ztrztr.top,kegongteng.cn
blog.opeach.cn,blog.bsgun.cn
baiwumm.com,webjing.cn
oatse.com,ccgxk.com
qijieya.cn,blog.anheyu.com
fx7.top,blog.gd1214b.icu
blog.elysium-stack.cn,blog.zhheo.com
blog.lusyoe.com,blog.jerryz.com.cn
blog.adlamp.cn,ilovey.live
xiaolii.com,blog.rainiar.top
blog.moej.cn,blog.tigerxly.com
wang618.cn,note.redcha.cn
blog.dimeta.top,zanks.link
b.ncii.cn,imqi1.com
blog.224418.xyz,thyuu.com
hejunjie.life,blog.zhheo.com
ajinol.com,logdict.com
xiaozonglin.cn,blueke.top
tch.cool,hilxy.com
echeverra.cn,xyzbz.cn
ppyia.com,lxnchan.cn
leziblog.com,blog.255650.xyz
haoyu233.com,pinpe.top
mozixi.com,xizi.live
memxb.top,blog.zhheo.com
kanokano.cn,miraii.cn
timewaster43.github.io,blog.fiveth.cc
careful.fyi,xsl.im
treemoe.cn,blog.hanta2011.top
blog.ciriu.com,blog.fis.ink
linzekai.cn,maxqi.top
blog.ziyege.com,blog.224418.xyz
xsl.im,blog.anheyu.com
blog.gbfun.cc,blognas.hwb0307.com
blog.ilidilid.top,alzt02.github.io
sliun.com,xingbianren.cn
lifengdi.com,note.redcha.cn
yxbug.ren,blog.hzchu.top
blog.liseezn.top,tch.cool
blog.stevezmt.top,libmbr.com
blog.yaria.top,blog.xxfer.cn
blognas.hwb0307.com,xiangming.site
aciano.top,blog.anheyu.com
lxnchan.cn,bluelanm.github.io
shimmerl.top,wanglin.blog
blog.mcxiaochen.top,seln.cn
blog.marshuni.fun,exister.tk
rhopaper.top,iczrx.cn
bioez.xyz,aloner.ink
t-t.live,blog.zhheo.com
blog.storia.ren,leziblog.com
blog.starsharbor.com,blog.liushen.fun
blog.june-pj.cn,mnchen.cn
allenyou.wang,pinpe.top
wanglin.blog,blog.zhheo.com
blog.liushen.fun,myxz.top
blog.kfdzcoffee.cn,blog.elysium-stack.cn
iasuna.com,moeyao.cn
blog.shiguang666.eu.org,blog.leonus.cn
xyx404.github.io,fanzhuo.xyz
oyiso.cn,dao.js.cn
blog.share888.top,echeverra.cn
mingcy.cn,wcowin.work
agen233.top,baiyuyu.com
peter267.github.io,blog.mc-sep.top
blog.fis.ink,blog.6uu.us
pwsz.com,duanxiansen.com
blog.quenan.cn,blog.liushen.fun
blog.245179.xyz,blog.lie-kong.top
biibii.cn,blog.zhheo.com
blog.meta-code.top,baiwumm.com
blog.starchen.top,howiehz.top
blog.awaae001.top,wpzllq.cn
ztrztr.top,imets.cn
blog.opeach.cn,mnchen.cn
baiwumm.com,blog.starsharbor.com
oatse.com,xscnet.cn
qijieya.cn,nekro.top
fx7.top,oxoxtech.com
blog.elysium-stack.cn,blog.hehouhui.cn
blog.lusyoe.com,blog.adlamp.cn
blog.adlamp.cn,yfzhu.cn
xiaolii.com,diary.bid
wang618.cn,leorain.cn
blog.dimeta.top,blog.lusyoe.com
blog.224418.xyz,rhopaper.top
hejunjie.life,blog.yaten.xyz
ajinol.com,blog.adlamp.cn
xiaozonglin.cn,physnya.top
tch.cool,blog.uuanqin.top
echeverra.cn,zla.pub
leziblog.com,blog.gxres.net
haoyu233.com,qiulaidongfeng.github.io
mozixi.com,liunian.cc
memxb.top,blog.yaten.xyz
kanokano.cn,logdict.com
careful.fyi,nkmon.com
treemoe.cn,lapis.cafe
blog.ciriu.com,blog.sakura.ink
linzekai.cn,blog.jiyu134.top
blog.ziyege.com,zhuxu.asia
xsl.im,blog.quenan.cn
blog.gbfun.cc,blog.mcxiaochen.top
blog.ilidilid.top,kumosya.top
lifengdi.com,dao.js.cn
yxbug.ren,lyrashore.com
blog.liseezn.top,xalaok.top
blog.stevezmt.top,zyglq.cn
blog.kaiqi.wang,xingmail.cn
kzhik.cn,xihuannio.cn
blog.cpen.top,blog.anheyu.com
kissthisrain.cn,bytecho.net
yvii.cn,frytea.com
xiaoa.me,blog.rainsin.cn
shifeiyu.cn,lycoris.cloud
blog.yaria.top,dao.js.cn
blognas.hwb0307.com,blog.skihome.xyz
lxnchan.cn,dao.js.cn
blog.mcxiaochen.top,blog.liseezn.top
blog.marshuni.fun,ttio.cc
rhopaper.top,qninq.cn
bioez.xyz,blog.bsgun.cn
t-t.live,jinjun.top
blog.storia.ren,blog.liushen.fun
blog.starsharbor.com,xrbk.cn
blog.june-pj.cn,fengkeao.top
allenyou.wang,imfurry.com
blog.liushen.fun,miraii.cn
blog.kfdzcoffee.cn,xiaoxinblog.xyz
iasuna.com,srebro.cn
blog.shiguang666.eu.org,koxiuqiu.cn
xyx404.github.io,pinpe.top
oyiso.cn,blog.zhheo.com
mingcy.cn,kaitaku.xyz
agen233.top,controlnet.space
peter267.github.io,blog.sdy666.icu
blog.fis.ink,blog.sakura.ink
pwsz.com,yufm.com
blog.245179.xyz,watermelonabc.top
biibii.cn,blog.lusyoe.com
blog.meta-code.top,blog.lusyoe.com
blog.starchen.top,blog.mc-sep.top
blog.awaae001.top,biliwind.com
ztrztr.top,blog.rickyxrc.cc
blog.opeach.cn,dusays.com
baiwumm.com,ryanzm.cn
oatse.com,qixz.cn
qijieya.cn,flyday.top
fx7.top,ls-shandong.codeberg.page
blog.elysium-stack.cn,sumi233.top
blog.lusyoe.com,blog.dimeta.top
blog.adlamp.cn,hilxy.com
xiaolii.com,imfurry.com
wang618.cn,qninq.cn
blog.dimeta.top,blog.hxrch.top
blog.224418.xyz,blog.ziyege.com
hejunjie.life,vluv.space
ajinol.com,fengkeao.top
xiaozonglin.cn,tjsky.net
tch.cool,guqing.io
echeverra.cn,blog.lichenghao.cn
leziblog.com,blog.chyk.ink
haoyu233.com,blog.kfdzcoffee.cn
mozixi.com,lyszm.com
memxb.top,blog.hehouhui.cn
kanokano.cn,htmacg.cn
careful.fyi,blog.hzchu.top
treemoe.cn,koxiuqiu.cn
linzekai.cn,allenyou.wang
blog.ziyege.com,biibii.cn
xsl.im,blog.caonmd.com
blog.gbfun.cc,blog.zhheo.com
yxbug.ren,blog.opeach.cn
blog.liseezn.top,note.redcha.cn
blog.kaiqi.wang,lybblog.cn
kzhik.cn,blog.zhheo.com
kissthisrain.cn,howiehz.top
yvii.cn,blog.luvying.com
xiaoa.me,zhuxu.asia
shifeiyu.cn,blog.jkl.asia
zebin-yue.top,duanxiansen.com
upxuu.com,juniortree.com
lybblog.cn,xingmail.cn
blog.yaria.top,blog.shiguang666.eu.org
blognas.hwb0307.com,blog.southfox.me
lxnchan.cn,freejishu.com
blog.mcxiaochen.top,xn--yetq47i.top
blog.marshuni.fun,leehenry.top
rhopaper.top,g-haoyu.top
bioez.xyz,leehenry.top
t-t.live,gmcllp.cn
lafoyer.com,blog.awaae001.top
blog.storia.ren,blog.zhheo.com
blog.starsharbor.com,blog.study996.cn
blog.june-pj.cn,vjo.cc
allenyou.wang,iasuna.com
blog.liushen.fun,blog.224418.xyz
blog.kfdzcoffee.cn,blog.yaria.top
iasuna.com,blog.uptoz.cn
blog.shiguang666.eu.org,uyoahz.cn
xyx404.github.io,mnchen.cn
oyiso.cn,blog.lusyoe.com
mingcy.cn,echeverra.cn
peter267.github.io,thyuu.com
blog.fis.ink,qixz.cn
blog.245179.xyz,imfurry.com
biibii.cn,yvii.cn
blog.meta-code.top,home.yesord.top
blog.starchen.top,blog.yaria.top
blog.awaae001.top,dao.js.cn
ztrztr.top,blog.nicebao.com
blog.opeach.cn,ll.sc.cn
baiwumm.com,blog.cuger.cn
oatse.com,emohe.cn
qijieya.cn,yuanshen.dev
fx7.top,chenmx.net
blog.elysium-stack.cn,2star.top
blog.lusyoe.com,biibii.cn
xiaolii.com,202271.xyz
wang618.cn,xiaoten.com
blog.dimeta.top,blog.trfox.top
blog.224418.xyz,dusays.com
hejunjie.life,blog.zhipro.com
ajinol.com,tch.cool
xiaozonglin.cn,luochancy.com
tch.cool,blog.lusyoe.com
echeverra.cn,blog.zamlia.com
leziblog.com,yuanzj.top
haoyu233.com,blog.gytxtx.top
memxb.top,howiehz.top
kanokano.cn,blognas.hwb0307.com
linzekai.cn,blog.im0o.top
xsl.im,blog.yaria.top
blog.gbfun.cc,blog.anheyu.com
yxbug.ren,xiaoxi.ac.cn
blog.liseezn.top,gcoulu.cn
blog.kaiqi.wang,wang618.cn
kzhik.cn,saneko.me
blog.cpen.top,ll.sc.cn
kissthisrain.cn,note.redcha.cn
yvii.cn,blog.zhheo.com
xiaoa.me,vjo.cc
zebin-yue.top,blog.orangii.cn
upxuu.com,foolishfox.cn
lybblog.cn,t-t.live
yveji.com,vjo.cc
blog.yaria.top,zxwlove.xyz
blognas.hwb0307.com,data-era.cn
lxnchan.cn,blog.faryou.eu.org
blog.mcxiaochen.top,blog.liushen.fun
blog.marshuni.fun,blog.goodboyboy.top
rhopaper.top,blog.anheyu.com
bioez.xyz,geedea.pro
t-t.live,80srz.com
lafoyer.com,blog.xgclevo.top
i.igosn.com,lincol29.cn
blog.storia.ren,hin.cool
blog.starsharbor.com,blog.moyanjdc.top
blog.june-pj.cn,blog.hanta2011.top
allenyou.wang,rua.ink
blog.liushen.fun,blog.storia.ren
blog.kfdzcoffee.cn,chlo.is
oyiso.cn,blog.hehouhui.cn
mingcy.cn,blog.bsgun.cn
peter267.github.io,w4ter.com
blog.fis.ink,blog.bsgun.cn
blog.245179.xyz,youhuge.site
biibii.cn,note.redcha.cn
blog.meta-code.top,blog.hehouhui.cn
blog.starchen.top,oyiso.cn
blog.awaae001.top,agen233.top
blog.opeach.cn,zair.top
baiwumm.com,thyuu.com
oatse.com,haoyu233.com
qijieya.cn,blog.catrol.cn
fx7.top,imszz.com
blog.elysium-stack.cn,tch.cool
blog.lusyoe.com,siena.zone
wang618.cn,fengcblog.880200.xyz
blog.dimeta.top,blog.opeach.cn
blog.224418.xyz,seln.cn
hejunjie.life,paddysun.top
ajinol.com,linjhs.top
xiaozonglin.cn,imqi1.com
tch.cool,xyzbz.cn
echeverra.cn,i.bbb-lsy07.sbs
leziblog.com,libmbr.com
haoyu233.com,blog.zhheo.com
memxb.top,sumi233.top
linzekai.cn,blog.anheyu.com
xsl.im,blog.bsgun.cn
blog.gbfun.cc,blog.liushen.fun
yxbug.ren,easyf12.top
blog.liseezn.top,blog.gankudadiz.com
blog.kaiqi.wang,nxxy335.top
kzhik.cn,ttio.cc
blog.cpen.top,meuicat.com
yvii.cn,gorpeln.top
xiaoa.me,xiaohanwu.com
zebin-yue.top,luochancy.com
upxuu.com,wcowin.work
lybblog.cn,dusays.com
yveji.com,hin.cool
blog.yaria.top,blog.starchen.top
blognas.hwb0307.com,liaochenlanruo.fun
lxnchan.cn,blog.opeach.cn
blog.mcxiaochen.top,blog.zyx-2012.cn
blog.marshuni.fun,ihaihe.cn
rhopaper.top,ftz.is-a.dev
bioez.xyz,axi404.top
t-t.live,note.redcha.cn
lafoyer.com,catcat.blog
i.igosn.com,ooowl.net
imfurry.com,blog.furen.link
blog.storia.ren,wuminboke.site
blog.starsharbor.com,blog.zhheo.com
blog.june-pj.cn,blog.awaae001.top
allenyou.wang,linexic.top
blog.liushen.fun,blog.fiveth.cc
blog.kfdzcoffee.cn,moechu.cn
oyiso.cn,blog.joker2yue.com
mingcy.cn,lb5.net
peter267.github.io,dusays.com
blog.fis.ink,blog.245179.xyz
blog.245179.xyz,blog.goodboyboy.top
biibii.cn,gcoulu.cn
blog.meta-code.top,moechun.fun
blog.starchen.top,blog.fohok.xin
blog.awaae001.top,rua.ink
blog.opeach.cn,blog.leonus.cn
baiwumm.com,mnchen.cn
oatse.com,blog.dimeta.top
qijieya.cn,utopiaxc.cn
blog.elysium-stack.cn,memxb.top
blog.lusyoe.com,xmdblog.com
wang618.cn,blog.caonmd.com
blog.dimeta.top,blog.hesiy.cn
blog.224418.xyz,blog.liushen.fun
hejunjie.life,blog.anheyu.com
ajinol.com,anye.xyz
xiaozonglin.cn,nocp.space
tch.cool,logdict.com
echeverra.cn,i.duckxu.com
leziblog.com,blog.lie-kong.top
haoyu233.com,note.moxiify.cn
memxb.top,bi1vmm.cn
xsl.im,6young.site
blog.liseezn.top,blog.imsyy.top
blog.kaiqi.wang,dusays.com
kzhik.cn,gwy.fun
blog.cpen.top,blog.zhheo.com
yvii.cn,thyuu.com
xiaoa.me,fish9.cn
zebin-yue.top,jiangmiemie.com
upxuu.com,imba97.com
lybblog.cn,hxy.cc
yveji.com,wcowin.work
blog.yaria.top,blog.liushen.fun
blognas.hwb0307.com,lxnchan.cn
blog.mcxiaochen.top,blog.caonmd.com
blog.marshuni.fun,blog.l3zc.com
rhopaper.top,moey.cn
t-t.live,ajinol.com
lafoyer.com,lyszm.com
i.igosn.com,aajax.top
imfurry.com,blog.im0o.top
blog.storia.ren,fang.blog.miri.site
blog.starsharbor.com,baiyuyu.com
allenyou.wang,wuminboke.site
blog.liushen.fun,thyuu.com
blog.kfdzcoffee.cn,koxiuqiu.cn
oyiso.cn,sumi233.top
mingcy.cn,seandictionary.top
peter267.github.io,blog.hanta2011.top
blog.fis.ink,blog.zicheng.icu
blog.245179.xyz,blog.skihome.xyz
biibii.cn,xyzbz.cn
blog.meta-code.top,blog.jerryz.com.cn
blog.starchen.top,pic.ffnb.top
blog.awaae001.top,blog.liushen.fun
blog.opeach.cn,blog.awaae001.top
baiwumm.com,imqi1.com
oatse.com,thyuu.com
blog.elysium-stack.cn,note.redcha.cn
blog.lusyoe.com,blog.leihub.cn
wang618.cn,hxy.cc
blog.dimeta.top,ski.ink
blog.224418.xyz,blog.lusyoe.com
ajinol.com,blog.jiumoz.com
xiaozonglin.cn,weisay.com
tch.cool,ajinol.com
echeverra.cn,lostdeer.xyz
haoyu233.com,blog.yaten.xyz
memxb.top,haoruanmao.com
xsl.im,blog.fyz666.xyz
blog.liseezn.top,upxuu.com
blog.kaiqi.wang,yanghuaxing.com
kzhik.cn,ares-tech-stack.cn
yvii.cn,dhkk.cn
zebin-yue.top,blog.verynb.net
upxuu.com,blog.alcex.cn
lybblog.cn,blog.kaiqi.wang
yveji.com,blog.lmb.blue
blog.yaria.top,blog.zhheo.com
blognas.hwb0307.com,iamazing.cn
blog.mcxiaochen.top,blog.zhheo.com
rhopaper.top,timochan.cn
t-t.live,xyzbz.cn
lafoyer.com,rhopaper.top
i.igosn.com,blog.clearligh.top
imfurry.com,blog.lie-kong.top
blog.storia.ren,blog.lvems.top
blog.starsharbor.com,qixz.cn
blog.liushen.fun,blog.demius.tech
blog.kfdzcoffee.cn,2star.top
oyiso.cn,shape.kloudy.cn
mingcy.cn,80srz.com
peter267.github.io,blog.imysen.com
blog.fis.ink,xsl.im
blog.245179.xyz,blog.liushen.fun
biibii.cn,woolyun.com
blog.meta-code.top,vluv.space
blog.awaae001.top,blog.yaqwq.top
blog.opeach.cn,kegongteng.cn
baiwumm.com,wikimoe.com
oatse.com,dao.js.cn
blog.elysium-stack.cn,gcoulu.cn
blog.lusyoe.com,blog.uuanqin.top
wang618.cn,echeverra.cn
blog.dimeta.top,zerowolf.cn
blog.224418.xyz,zla.pub
ajinol.com,r1n.top
xiaozonglin.cn,note.moxiify.cn
tch.cool,agen233.top
echeverra.cn,wang618.cn
haoyu233.com,blog.lusyoe.com
memxb.top,blog.hxrch.top
xsl.im,careful.fyi
blog.liseezn.top,blog.mcxiaochen.top
blog.kaiqi.wang,blog.zhheo.com
kzhik.cn,linexic.top
yvii.cn,biibii.cn
zebin-yue.top,xiaozonglin.cn
upxuu.com,wang618.cn
lybblog.cn,xyzbz.cn
yveji.com,ddf.im
blog.yaria.top,blog.zhilu.cyou
blognas.hwb0307.com,utopiaxc.cn
blog.mcxiaochen.top,blog.yaten.xyz
rhopaper.top,lafoyer.com
t-t.live,thyuu.com
i.igosn.com,memxb.top
imfurry.com,blog.jiyu134.top
blog.storia.ren,blog.hesiy.cn
blog.starsharbor.com,blog.lusyoe.com
blog.liushen.fun,cworld0.com
blog.kfdzcoffee.cn,blog.storia.ren
oyiso.cn,meuicat.com
blog.fis.ink,blog.imysen.com
blog.245179.xyz,baiwulin.com
biibii.cn,blog.ziyege.com
blog.meta-code.top,note.redcha.cn
blog.awaae001.top,imets.cn
blog.opeach.cn,blog.imsyy.top
baiwumm.com,lyszm.com
blog.elysium-stack.cn,blog.kaiqi.wang
blog.lusyoe.com,ski.ink
wang618.cn,luoca.cn
blog.224418.xyz,xingmail.cn
ajinol.com,t-t.live
tch.cool,iamdt.cn
echeverra.cn,blog.6uu.us
haoyu233.com,blog.hehouhui.cn
memxb.top,note.redcha.cn
xsl.im,66619.eu.org
blog.liseezn.top,pym.plus
yvii.cn,80srz.com
upxuu.com,blog.imysen.com
lybblog.cn,thyuu.com
yveji.com,bluelanm.github.io
blog.yaria.top,iamyukino.cn
blognas.hwb0307.com,wangyunzi.com
blog.mcxiaochen.top,blog.bsgun.cn
rhopaper.top,blog.hehouhui.cn
t-t.live,lybblog.cn
i.igosn.com,xsl.im
imfurry.com,blog.snowy.moe
blog.storia.ren,iamyukino.cn
blog.starsharbor.com,blog.sotkg.com
blog.liushen.fun,webfem.com
blog.kfdzcoffee.cn,htmacg.cn
oyiso.cn,milu.ink
blog.fis.ink,fuwari.oh1.top
blog.245179.xyz,wuminboke.site
blog.meta-code.top,blog.yujiay.wang
blog.awaae001.top,qiukui-note.happy365.day
blog.opeach.cn,blog.anheyu.com
baiwumm.com,dusays.com
blog.elysium-stack.cn,blog.gankudadiz.com
blog.lusyoe.com,blog.chario.cn
wang618.cn,80srz.com
blog.224418.xyz,blog.starsharbor.com
ajinol.com,blog.anheyu.com
tch.cool,vjo.cc
echeverra.cn,zlinblog.cn
haoyu233.com,oyiso.cn
memxb.top,mqfs.com
xsl.im,pym.plus
blog.liseezn.top,mgrowup.com
yvii.cn,weisay.com
upxuu.com,80srz.com
yveji.com,i.bbb-lsy07.sbs
blog.yaria.top,blog.lusyoe.com
blognas.hwb0307.com,easyf12.top
blog.mcxiaochen.top,sumi233.top
rhopaper.top,project.chukogals.top
t-t.live,windy.ink
i.igosn.com,ccgxk.com
imfurry.com,blog.245179.xyz
blog.storia.ren,daoker.cc
blog.starsharbor.com,blog.lvems.top
blog.liushen.fun,zouht.com
blog.kfdzcoffee.cn,blog.henrywhu.cn
oyiso.cn,blog.serms.top
blog.fis.ink,blog.hanta2011.top
blog.meta-code.top,blog.cpen.top
blog.awaae001.top,myxz.top
blog.opeach.cn,blog.quenan.cn
baiwumm.com,vjo.cc
blog.elysium-stack.cn,blog.lmb.blue
blog.lusyoe.com,baiwulin.com
wang618.cn,zla.pub
ajinol.com,flyday.top
tch.cool,blog.elysium-stack.cn
echeverra.cn,lincol29.cn
haoyu233.com,xingmail.cn
memxb.top,shenfou.com
xsl.im,blog.liushen.fun
blog.liseezn.top,nocp.space
yvii.cn,dusays.com
upxuu.com,blog.bleaz.net
blog.yaria.top,blog.imken.moe
blognas.hwb0307.com,ddw2019.com
blog.mcxiaochen.top,blog.gbfun.cc
rhopaper.top,lxnchan.cn
t-t.live,dusays.com
imfurry.com,allenyou.wang
blog.storia.ren,ayu.land
blog.starsharbor.com,zywvvd.com
blog.liushen.fun,lik.cc
blog.kfdzcoffee.cn,chenzhen.space
oyiso.cn,m.senlinm.cn
blog.fis.ink,blog.liuzhen932.top
blog.meta-code.top,blog.lichenghao.cn
blog.awaae001.top,blog.opeach.cn
blog.opeach.cn,blog.liushen.fun
baiwumm.com,yfzhu.cn
blog.lusyoe.com,linexic.top
wang618.cn,blog.kaiqi.wang
echeverra.cn,dusays.com
haoyu233.com,geedea.pro
memxb.top,i.igosn.com
xsl.im,ooowl.net
blog.liseezn.top,ooowl.net
yvii.cn,jinjun.top
upxuu.com,blog.liseezn.top
blog.yaria.top,blognas.hwb0307.com
blognas.hwb0307.com,likepoems.com
blog.mcxiaochen.top,mnchen.cn
rhopaper.top,blog.224418.xyz
t-t.live,blog.jkl.asia
imfurry.com,rua.ink
blog.storia.ren,shimmerl.top
blog.starsharbor.com,wanglin.blog
blog.liushen.fun,zla.pub
blog.kfdzcoffee.cn,yunyoujun.cn
oyiso.cn,thyuu.com
blog.fis.ink,note.redcha.cn
blog.meta-code.top,blog.imsyy.top
blog.awaae001.top,lafoyer.com
blog.opeach.cn,cxl2020mc.top
baiwumm.com,lik.cc
blog.lusyoe.com,summergao.com
wang618.cn,yvii.cn
echeverra.cn,n-bc.top
haoyu233.com,blognas.hwb0307.com
memxb.top,biliwind.com
xsl.im,qixz.cn
blog.liseezn.top,blog.zhheo.com
yvii.cn,addesp.com
upxuu.com,leonxie.cn
blog.yaria.top,blog.moyuql.top
blog.mcxiaochen.top,blog.sakurasen.cn
rhopaper.top,leehenry.top
imfurry.com,xiwangly.com
blog.storia.ren,xenwayne.top
blog.starsharbor.com,7gugu.com
blog.liushen.fun,pipuwong.com
blog.kfdzcoffee.cn,zhangz.cc
oyiso.cn,blog.hanta2011.top
blog.awaae001.top,home.yesord.top
blog.opeach.cn,blog.zhheo.com
baiwumm.com,blog.lovelu.top
blog.lusyoe.com,baiwumm.com
wang618.cn,upxuu.com
haoyu233.com,sunzishaokao.com
xsl.im,xscnet.cn
blog.liseezn.top,blog.lusyoe.com
yvii.cn,wang618.cn
blog.yaria.top,blog.jiyu134.top
blog.mcxiaochen.top,biibii.cn
imfurry.com,furryowo.top
blog.storia.ren,xalaok.top
blog.starsharbor.com,blog.marice.top
blog.liushen.fun,lner.top
blog.kfdzcoffee.cn,blog.mckero.com
oyiso.cn,blog.dhbxs.top
blog.awaae001.top,xscnet.cn
blog.opeach.cn,blog.yaria.top
baiwumm.com,ihello.cc
blog.lusyoe.com,blog.hehouhui.cn
wang618.cn,blog.mcxiaochen.top
haoyu233.com,peter267.github.io
xsl.im,blog.fis.ink
blog.liseezn.top,blog.samhou.moe
yvii.cn,9sb.net
blog.yaria.top,xsl.im
blog.xioxix.com,kumosya.top
blog.mcxiaochen.top,dusays.com
imfurry.com,imcys.com
blog.storia.ren,xding.top
blog.starsharbor.com,ryanzm.cn
blog.liushen.fun,blog.mcxiaochen.top
blog.kfdzcoffee.cn,blog.dctewi.com
oyiso.cn,notes.smallbamboo.cn
blog.awaae001.top,blog.june-pj.cn
blog.opeach.cn,blog.mc-sep.top
baiwumm.com,iliuqi.com
blog.lusyoe.com,blog.zhipro.com
wang618.cn,nxxy335.top
haoyu233.com,luming.cool
xsl.im,blog.hanta2011.top
blog.liseezn.top,blog.dimeta.top
yvii.cn,blog.kobin.cn
blog.yaria.top,ichika.cc
blog.xioxix.com,blog.tomys.top
blog.mcxiaochen.top,bluesdawn.top
imfurry.com,mishi23.com
blog.storia.ren,sikan.moe
blog.starsharbor.com,lyszm.com
blog.liushen.fun,dao.js.cn
blog.kfdzcoffee.cn,aciano.top
oyiso.cn,cworld0.com
blog.awaae001.top,howiehz.top
baiwumm.com,blog.lichenghao.cn
blog.lusyoe.com,blog.yaria.top
wang618.cn,blog.liushen.fun
xsl.im,dusays.com
blog.liseezn.top,biibii.cn
yvii.cn,blog.liushen.fun
blog.yaria.top,blog.lovelu.top
blog.xioxix.com,bkryofu.cn
imfurry.com,misakamoe.com
blog.storia.ren,dusays.com
blog.starsharbor.com,dusays.com
blog.liushen.fun,wcowin.work
blog.kfdzcoffee.cn,iczrx.cn
oyiso.cn,ihello.cc
blog.awaae001.top,koxiuqiu.cn
baiwumm.com,mozixi.com
blog.lusyoe.com,blog.bsgun.cn
wang618.cn,blog.zhheo.com
xsl.im,vjo.cc
blog.liseezn.top,imqi1.com
blog.yaria.top,dusays.com
imfurry.com,magma.ink
blog.storia.ren,zhengwenfeng.com
blog.starsharbor.com,liuyude.com
blog.liushen.fun,blog.lusyoe.com
blog.kfdzcoffee.cn,blog.imsyy.top
oyiso.cn,siena.zone
blog.awaae001.top,blog.starsharbor.com
baiwumm.com,blog.xcnya.cn
blog.lusyoe.com,blog.kevinchu.top
wang618.cn,zheep.top
xsl.im,note.redcha.cn
blog.liseezn.top,xingwangzhe.fun
blog.yaria.top,blog.moeqy.com
blog.storia.ren,blog.leonus.cn
blog.starsharbor.com,lorcas.top
blog.liushen.fun,home.yesord.top
blog.kfdzcoffee.cn,haoyu233.com
oyiso.cn,docn.net
baiwumm.com,blog.lmb.blue
blog.lusyoe.com,oyiso.cn
xsl.im,blog.uuanqin.top
blog.liseezn.top,blog.fohok.xin
blog.yaria.top,tinsir888.github.io
blog.storia.ren,r1n.top
blog.starsharbor.com,jinjun.top
blog.liushen.fun,xscnet.cn
blog.kfdzcoffee.cn,kegongteng.cn
oyiso.cn,kwokronny.com
baiwumm.com,blog.rainiar.top
blog.lusyoe.com,miraii.cn
blog.yaria.top,yuanshen.dev
blog.storia.ren,blog.cpen.top
blog.starsharbor.com,blog.awaae001.top
blog.liushen.fun,blog.fis.ink
blog.kfdzcoffee.cn,david03.top
baiwumm.com,xiangming.site
blog.lusyoe.com,koxiuqiu.cn
blog.yaria.top,vnyzm.top
blog.storia.ren,xyzbz.cn
blog.liushen.fun,sumi233.top
blog.kfdzcoffee.cn,sycamore.top
baiwumm.com,dengqn.com
blog.lusyoe.com,blog.224418.xyz
blog.yaria.top,haoruanmao.com
blog.storia.ren,pinpe.top
blog.liushen.fun,blog.starsharbor.com
blog.kfdzcoffee.cn,i.duckxu.com
baiwumm.com,blog.meta-code.top
blog.lusyoe.com,mnchen.cn
blog.yaria.top,blog.leonus.cn
blog.storia.ren,bikari.top
blog.liushen.fun,lyszm.com
blog.kfdzcoffee.cn,lner.top
blog.lusyoe.com,tch.cool
blog.storia.ren,blog.anheyu.com
blog.liushen.fun,blog.dimeta.top
blog.kfdzcoffee.cn,blog.imzy.ink
blog.lusyoe.com,iczrx.cn
blog.storia.ren,seln.cn
blog.liushen.fun,mingcy.cn
blog.kfdzcoffee.cn,kumosya.top
blog.lusyoe.com,66619.eu.org
blog.storia.ren,blog.shaoao.top
blog.liushen.fun,blog.hanta2011.top
blog.kfdzcoffee.cn,blog.zhheo.com
blog.lusyoe.com,haoyu233.com
blog.storia.ren,iamdt.cn
blog.liushen.fun,xingwangzhe.fun
blog.kfdzcoffee.cn,justpureh2o.cn
blog.lusyoe.com,mgrowup.com
blog.storia.ren,blog.kfdzcoffee.cn
blog.liushen.fun,dusays.com
blog.kfdzcoffee.cn,lb5.net
blog.lusyoe.com,blog.meta-code.top
blog.storia.ren,blog.yaria.top
blog.liushen.fun,vjo.cc
blog.kfdzcoffee.cn,easyf12.top
blog.lusyoe.com,blog.liseezn.top
blog.liushen.fun,lorcas.top
blog.kfdzcoffee.cn,blog.aulypc0x0.online
blog.lusyoe.com,blog.liushen.fun
blog.liushen.fun,jinjun.top
blog.kfdzcoffee.cn,shimmerl.top
blog.lusyoe.com,blog.zhheo.com
blog.liushen.fun,note.redcha.cn
blog.kfdzcoffee.cn,blog.verynb.net
blog.lusyoe.com,wcowin.work
blog.liushen.fun,blog.uuanqin.top
blog.kfdzcoffee.cn,sccube.link
blog.liushen.fun,r1n.top
blog.kfdzcoffee.cn,lorcas.top
blog.liushen.fun,blog.anheyu.com
blog.liushen.fun,wang618.cn
blog.liushen.fun,xyx404.github.io
blog.liushen.fun,blog.quenan.cn
blog.liushen.fun,webjing.cn
blog.liushen.fun,linexic.top
blog.liushen.fun,blog.yaria.top
blog.liushen.fun,chlo.is
blog.liushen.fun,blog.hehouhui.cn
blog.liushen.fun,blog.opeach.cn
blog.liushen.fun,blog.bsgun.cn
blog.liushen.fun,blog.june-pj.cn
blog.liushen.fun,meuicat.com
blog.liushen.fun,peter267.github.io
blog.liushen.fun,vluv.space
blog.liushen.fun,owo.cab
blog.liushen.fun,lxink.cn
blog.liushen.fun,66619.eu.org
blog.liushen.fun,blog.imsyy.top
blog.liushen.fun,yvii.cn
blog.liushen.fun,xiangming.site
blog.liushen.fun,blog.meta-code.top
blog.liushen.fun,hejunjie.life
blog.liushen.fun,blog.study996.cn
blog.liushen.fun,blog.zhheo.com
blog.liushen.fun,blog.zhilu.cyou
blog.liushen.fun,qixz.cn
blog.liushen.fun,blog.hesiy.cn
blog.liushen.fun,lznauy.cn
blog.liushen.fun,blog.245179.xyz
blog.liushen.fun,xingmail.cn
blog.boranstars.top,hongliu.icu
blog.tomys.top,rsnocsi.cn
blog.boranstars.top,justpureh2o.cn
blog.tomys.top,oplog.cn
blog.boranstars.top,miaoer.net
blog.tomys.top,zair.top
blog.tomys.top,misakamoe.com
blog.tomys.top,blog.moeworld.tech
blog.tomys.top,blog.starsharbor.com
blog.tomys.top,wanyijizi.com
blog.tomys.top,blog.xioxix.com
david03.top,qijieya.cn
david03.top,iczrx.cn
david03.top,lihaoyu.cn
david03.top,blog.goodboyboy.top
david03.top,blog.kfdzcoffee.cn
david03.top,lostdeer.xyz
david03.top,rainmorime.com
david03.top,nelsonboss.ink
david03.top,shoka.lostyu.me
david03.top,hongliu.icu
david03.top,home.yesord.top
david03.top,blog.drpika.com
david03.top,blog.weichky.com
david03.top,szhshp.org
david03.top,wikimoe.com
david03.top,lyszm.com
david03.top,blog.fohok.xin
david03.top,ihello.cc
david03.top,bi1vmm.cn
david03.top,blog.mcenahle.org.cn
linjhs.top,blog.zhheo.com
linjhs.top,mingcy.cn
linjhs.top,geekery.cn
linjhs.top,blog.yujiay.wang
linjhs.top,blog.anheyu.com
linjhs.top,ajinol.com
rainview.net,blog.yaria.top
rainview.net,leonxie.cn
rainview.net,pinpe.top
xn--yetq47i.top,blog.mcxiaochen.top
lik.cc,baiwumm.com
lik.cc,webjing.cn
lik.cc,liangbm3.site
lik.cc,blog.study996.cn
lik.cc,blog.itsse.cn
lik.cc,anye.xyz
lik.cc,b.ncii.cn
lik.cc,logdict.com
lik.cc,thyuu.com
lik.cc,blog.imsyy.top
lik.cc,blog.jerryz.com.cn
lik.cc,tch.cool
lik.cc,llh1347.com
lik.cc,puresky.top
lik.cc,blog.liushen.fun
baiyuyu.com,fanzhuo.xyz
baiyuyu.com,blog.starsharbor.com
baiyuyu.com,skylan.cc
baiyuyu.com,agen233.top
baiyuyu.com,blog.gogei.top
baiyuyu.com,pigwan.me
baiyuyu.com,qijieya.cn
yhalo.cn,blognas.hwb0307.com
blog.glumi.cn,pinpe.top
blog.glumi.cn,vnyzm.top
vindo.cn,catcat.blog
vindo.cn,hxy.cc
vindo.cn,blog.kaiqi.wang
vindo.cn,zrn.net
vindo.cn,blog.lemonstar.me
vindo.cn,whbbit.cn
vindo.cn,8853131.xyz
vindo.cn,emohe.cn
qaqme.cn,pysio.online
qaqme.cn,shiyin.cafe
qaqme.cn,summergao.com
blog.zyx-2012.cn,blog.mcxiaochen.top
blog.zyx-2012.cn,blog.elysium-stack.cn
blog.zyx-2012.cn,blog.zhheo.com
blog.zyx-2012.cn,blog.yaten.xyz
