domain,url,https,providers,server
shenfou.com,https://shenfou.com,True,error:ClientConnectorDNSError,
alzt02.github.io,https://alzt02.github.io,True,Fastly; GitHub Pages; CDN (generic); Varnish,GitHub.com
icu007work.github.io,https://icu007work.github.io,True,Fastly; GitHub Pages; CDN (generic); Varnish,GitHub.com
subrige.xyz,https://subrige.xyz,True,Fastly; GitHub Pages; CDN (generic); Varnish,GitHub.com
mofan212.github.io,https://mofan212.github.io/,True,Fastly; GitHub Pages; CDN (generic); Varnish,GitHub.com
blog.yokumi.cn,https://blog.yokumi.cn/,True,Cloudflare,cloudflare
fuleo.net,https://fuleo.net,True,Cloudflare,cloudflare
blog.mc-sep.top,https://blog.mc-sep.top,True,Cloudflare,cloudflare
rssblog.cn,https://rssblog.cn,True,error:ClientConnectorDNSError,
66619.eu.org,https://66619.eu.org,True,Cloudflare; Vercel,cloudflare
blog.laugh12321.cn,https://blog.laugh12321.cn,True,Vercel,Vercel
blog.mauve.icu,https://blog.mauve.icu,True,Varnish; Fastly; GitHub Pages; CDN (generic); Cloudflare,cloudflare
zeeko.dev,https://zeeko.dev,True,Cloudflare; PHP,cloudflare
lewky.cn,https://lewky.cn,True,Vercel,Vercel
sunnyli.xn--9traa.eu.org,https://sunnyli.xn--9traa.eu.org,True,Varnish; Fastly; GitHub Pages; CDN (generic); Cloudflare,cloudflare
skira.top,https://www.skira.top,True,Vercel,Vercel
imcbc.cn,https://imcbc.cn,True,Vercel,Vercel
moonlab.top,https://moonlab.top,True,Varnish; Fastly; GitHub Pages; CDN (generic); Cloudflare,cloudflare
lyt0112.com,https://www.lyt0112.com,True,Vercel,Vercel
blog.hxrch.top,https://blog.hxrch.top,True,Vercel,Vercel
cxl2020mc.top,https://www.cxl2020mc.top,True,Vercel,Vercel
quarkpixel.github.io,https://quarkpixel.github.io/,True,Fastly; GitHub Pages; CDN (generic); Varnish,GitHub.com
ldo.one,https://ldo.one,True,Vercel,Vercel
996workers.org,https://www.996workers.org,True,Cloudflare,cloudflare
shadow-man.site,https://shadow-man.site/,True,Cloudflare,cloudflare
physnya.top,https://physnya.top,True,Cloudflare,cloudflare
jhacker.cn,https://jhacker.cn,True,Cloudflare,cloudflare
httsard.online,https://httsard.online/,True,Cloudflare,cloudflare
blog.y7n05h.dev,https://blog.y7n05h.dev,True,Cloudflare,cloudflare
hiripple.com,https://hiripple.com/zh,True,Vercel,Vercel
lifeislife.cn,https://lifeislife.cn/,True,Fastly; GitHub Pages; CDN (generic); Varnish,GitHub.com
blog.redcha.cn,https://blog.redcha.cn,True,Nginx,nginx
guirlan.de,https://www.guirlan.de,True,Vercel,Vercel
jokerdig.top,https://jokerdig.top,True,Fastly; GitHub Pages; CDN (generic); Varnish,GitHub.com
blog.kevinchu.top,https://blog.kevinchu.top,True,腾讯云COS,tencent-cos
ooowl.net,https://www.ooowl.net/,True,OpenResty,openresty
blog.hzchu.top,https://blog.hzchu.top,True,Cloudflare,cloudflare
koranotes.com,https://koranotes.com,True,Varnish; Fastly; GitHub Pages; CDN (generic); Cloudflare,cloudflare
oxoxtech.com,https://www.oxoxtech.com,True,Nginx,nginx/1.24.0 (Ubuntu)
liubing.me,https://liubing.me/,True,Cloudflare,cloudflare
kioihyma.com,https://kioihyma.com/,True,Vercel,Vercel
blog.amireuxox.cn,https://blog.amireuxox.cn,True,Netlify,Netlify
bkryofu.cn,https://bkryofu.cn,True,Cloudflare,cloudflare
blog.moeqy.com,https://blog.moeqy.com/,True,Fastly; GitHub Pages; CDN (generic),GitHub.com
fhrf.top,https://fhrf.top,True,error:ClientConnectorDNSError,
mishi23.com,https://www.mishi23.com,True,error:ClientConnectorDNSError,
c2ics.com,https://www.c2ics.com,True,Vercel,Vercel
centaurea.top,https://centaurea.top,True,Cloudflare,cloudflare
i.duckxu.com,https://i.duckxu.com,True,Nginx,nginx
lys8.cn,https://lys8.cn,True,Nginx,nginx/1.18.0 (Ubuntu)
blog.lusyoe.com,https://blog.lusyoe.com,True,又拍云,ESA
xiaobu.xyz,https://www.xiaobu.xyz/,True,又拍云; CDN (generic); Tengine (阿里云),Tengine
tbghg.top,https://tbghg.top,True,Fastly; GitHub Pages; CDN (generic); Varnish,GitHub.com
blog.gzti.me,https://blog.gzti.me,True,Cloudflare,cloudflare
blog.dlya.top,https://blog.dlya.top,True,Vercel,Vercel
note.moxiify.cn,https://note.moxiify.cn,True,OpenResty; PHP,openresty
llh1347.com,https://www.llh1347.com,True,又拍云,marco/3.2
fz.do,https://fz.do,True,Cloudflare,cloudflare
blog.ilidilid.top,https://blog.ilidilid.top/,True,Nginx,nginx/1.22.1
onlytl.com,"https://onlytl.com/",True,,
xn--otsr53afot.com,https://xn--otsr53afot.com,True,,edgeone-pages
blog.loadke.tech,https://blog.loadke.tech,True,Cloudflare,cloudflare
blog.moe233.net,https://blog.moe233.net,True,Cloudflare,cloudflare
blog.joker2yue.com,blog.joker2yue.com,False,error:InvalidUrlClientError,
qixz.cn,https://www.qixz.cn/,True,又拍云,ESA
scottyeung.top,https://scottyeung.top,True,Varnish; Fastly; GitHub Pages; CDN (generic); Cloudflare,cloudflare
blog.lie-kong.top,https://blog.lie-kong.top/,True,Varnish; Fastly; GitHub Pages; CDN (generic); Cloudflare,cloudflare
utopiaxc.cn,https://www.utopiaxc.cn,True,Nginx,nginx
studiountagged.top,https://studiountagged.top,True,Apache,Apache/2.4.52 (Ubuntu)
blog.032802.xyz,https://blog.032802.xyz,True,error:ClientConnectorDNSError,
lklog.cn,https://lklog.cn,True,Nginx,nginx
bamboomc.cn,https://bamboomc.cn,True,Cloudflare,cloudflare
yurenyiyuji.top,https://www.yurenyiyuji.top,True,Cloudflare; Vercel,cloudflare
zsh.lat,https://zsh.lat,True,error:ClientConnectorDNSError,
cairbin.top,https://cairbin.top,True,OpenResty,openresty
lifeni.life,https://lifeni.life,True,Vercel,Vercel
farer.org,https://farer.org/,True,Express/Node.js,
longtao.fun,https://longtao.fun,True,Fastly; GitHub Pages; CDN (generic); Varnish,GitHub.com
oragekk.me,https://oragekk.me,True,Vercel,Vercel
blog.skihome.xyz,https://blog.skihome.xyz,True,PHP; Apache,Apache/2.4.56 (Debian)
bear556.top,https://www.bear556.top,True,,edgeone-pages
blog.qaoxiang.top,https://blog.qaoxiang.top,True,error:ClientConnectorSSLError,
blog.6uu.us,https://blog.6uu.us,True,Cloudflare,cloudflare
blog.hikariyo.net,https://blog.hikariyo.net/,True,Fastly; GitHub Pages; CDN (generic); Varnish,GitHub.com
dcbj.online,https://dcbj.online/,True,Varnish; Fastly; GitHub Pages; CDN (generic); Cloudflare,cloudflare
blog.viper3.top,https://blog.viper3.top,True,OpenResty; PHP,openresty
imum.me,https://imum.me,True,Cloudflare,cloudflare
blog.jimersylee.com,https://blog.jimersylee.com/,True,Vercel,Vercel
brume.top,https://brume.top/,True,Vercel,Vercel
blog.lfhsheng.com,https://blog.lfhsheng.com,True,error:ClientConnectorDNSError,
blog.pai233.top,https://blog.pai233.top,True,Cloudflare,cloudflare
xqcc.site,https://xqcc.site/,True,error:ClientConnectorError,
404notfixed.cn,https://404notfixed.cn,True,Netlify,Netlify
blog.lxscloud.top,https://blog.lxscloud.top,True,Nginx,nginx/1.18.0 (Ubuntu)
wuminboke.site,https://wuminboke.site/,True,Cloudflare,cloudflare
timelogs.cn,https://www.timelogs.cn,True,error:ClientConnectorDNSError,
pibopibo.litecat.dev,https://pibopibo.litecat.dev,True,error:ClientConnectorDNSError,
joeytoday.com,https://www.joeytoday.com/,True,Cloudflare,cloudflare
lzzet.com,https://www.lzzet.com,True,Express/Node.js,SLT-MID
blog.trfox.top,https://blog.trfox.top,True,Cloudflare,cloudflare
xiao-h.com,https://xiao-h.com/,True,Fastly; GitHub Pages; CDN (generic); Varnish,GitHub.com
blog.keee.top,https://blog.keee.top,True,Vercel,Vercel
bi1vmm.cn,https://bi1vmm.cn/,True,,TencentEdgeOne
blog.zyx-2012.cn,https://blog.zyx-2012.cn,True,Nginx,nginx
note.redcha.cn,https://note.redcha.cn,True,Nginx,nginx
blog.kpretty.tech,https://blog.kpretty.tech,True,Nginx,nginx/1.20.1
mizunashiutsuru.github.io,https://mizunashiutsuru.github.io/,True,Fastly; GitHub Pages; CDN (generic); Varnish,GitHub.com
blog.sakurasep.site,https://blog.sakurasep.site,True,Next.js; Nginx,nginx
blog.jjdxb.top,https://blog.jjdxb.top,True,Nginx,nginx/1.23.1
blog.gogei.top,https://blog.gogei.top,True,Netlify; Cloudflare,cloudflare
kudou.org,https://www.kudou.org,True,Nginx,nginx
gwy.fun,https://gwy.fun,True,Next.js; OpenResty,openresty
qiulaidongfeng.github.io,https://qiulaidongfeng.github.io/,True,Fastly; GitHub Pages; CDN (generic); Varnish,GitHub.com
luoca.cn,https://luoca.cn,True,Nginx,nginx
blog.jombarry.online,https://blog.jombarry.online,True,,uuWAF
lanky6.github.io,https://lanky6.github.io,True,Fastly; GitHub Pages; CDN (generic); Varnish,GitHub.com
makuraryu.vercel.app,https://makuraryu.vercel.app,True,Vercel,Vercel
lincol29.cn,https://www.lincol29.cn,True,Cloudflare; PHP,cloudflare
blog.yebken.cn,https://blog.yebken.cn/,True,Cloudflare; PHP,cloudflare
bcmonomial.xyz,https://www.bcmonomial.xyz/,True,Nginx,nginx
iasuna.com,https://www.iasuna.com,True,又拍云,ESA
shinya.click,https://shinya.click,True,Netlify,Netlify
byteloid.one,https://www.byteloid.one,True,Cloudflare,cloudflare
qrz.today,https://qrz.today,True,Cloudflare,cloudflare
blog.brackrat.com,https://blog.brackrat.com/,True,CDN (generic); Cloudflare,cloudflare
zinglix.xyz,https://zinglix.xyz,True,Cloudflare,cloudflare
wileyzhang.com,https://www.wileyzhang.com/,True,Varnish; Fastly; GitHub Pages; CDN (generic); Cloudflare,cloudflare
cyrus19.cc,https://cyrus19.cc/,True,Nginx,nginx
yltang.cn,https://yltang.cn,True,Fastly; GitHub Pages; CDN (generic); Varnish,GitHub.com
ihkk.net,https://ihkk.net,True,LiteSpeed; PHP,LiteSpeed
vxcode.top,https://vxcode.top,True,error:ClientConnectorDNSError,
seija.me,https://seija.me,True,error:ClientConnectorDNSError,
wiki.virtualguard101.com,https://wiki.virtualguard101.com/,True,Cloudflare; Vercel,cloudflare
deusyu.app,https://deusyu.app,True,Cloudflare,cloudflare
zhoubin.me,https://zhoubin.me,True,error:ClientConnectorError,
blog.fengyunji.site,https://blog.fengyunji.site,True,Cloudflare,cloudflare
srebro.cn,https://srebro.cn/,True,,
heykyo.com,https://www.heykyo.com/,True,Cloudflare; Vercel,cloudflare
szx.life,https://szx.life,True,Nginx,nginx/1.24.0 (Ubuntu)
kanofans.com,https://www.kanofans.com,True,Cloudflare; Vercel,cloudflare
blog.colix.cn,https://blog.colix.cn,True,,edgeone-pages
fantasydm.top,https://fantasydm.top/,True,Cloudflare,cloudflare
jinqimu.github.io,https://jinqimu.github.io,True,Fastly; GitHub Pages; CDN (generic); Varnish,GitHub.com
blog.faryou.eu.org,https://blog.faryou.eu.org,True,Cloudflare,cloudflare
lilu.org.cn,https://lilu.org.cn,True,Nginx,nginx
blog.ypingcn.com,https://blog.ypingcn.com,True,Cloudflare,cloudflare
timelate.com,https://www.timelate.com,True,Nginx,nginx
icodeq.com,https://icodeq.com,True,Vercel,Vercel
leo2011.eu.org,https://leo2011.eu.org/,True,Netlify,Netlify
the0n3.top,https://the0n3.top,True,Fastly; GitHub Pages; CDN (generic); Varnish,GitHub.com
blog.w1f.top,https://blog.w1f.top/,True,,edgeone-pages
agen233.top,https://agen233.top,True,Fastly; GitHub Pages; CDN (generic); Varnish,GitHub.com
xiaolii.com,https://xiaolii.com,True,Nginx,nginx
luochancy.com,https://www.luochancy.com,True,,CxEdge
blog.lemonstar.me,https://blog.lemonstar.me,True,Cloudflare,cloudflare
blog.gd1214b.icu,https://blog.gd1214b.icu,True,Apache,Apache
jinjis.cn,https://jinjis.cn,True,error:ClientConnectorError,
dolingou.com,https://www.dolingou.com,True,Cloudflare,cloudflare
cylife.top,https://cylife.top/,True,Vercel,Vercel
docs.shanyuhai.top,https://docs.shanyuhai.top,True,Nginx,nginx
chenzhen.space,https://www.chenzhen.space/,True,又拍云; CDN (generic); Tengine (阿里云),Tengine
lukelzlz.top,https://lukelzlz.top/,True,,volc-dcdn
barku.re,https://barku.re,True,Cloudflare,cloudflare
blog.elysium-stack.cn,https://blog.elysium-stack.cn,True,Cloudflare,cloudflare
sifangbazhu.tech,https://www.sifangbazhu.tech,True,又拍云,marco/3.2
elliot98.top,https://www.elliot98.top,True,Cloudflare,cloudflare
imba97.com,https://imba97.com,True,Netlify; Cloudflare,cloudflare
space.fosky.top,https://space.fosky.top,True,Next.js; 又拍云,marco/3.2
masle.top,https://masle.top,True,Cloudflare,cloudflare
fairysen.com,https://fairysen.com,True,Cloudflare; PHP,cloudflare
ll.sc.cn,https://ll.sc.cn,True,error:ClientConnectorError,
peter267.github.io,https://peter267.github.io,True,Fastly; GitHub Pages; CDN (generic); Varnish,GitHub.com
blog.hiyun.top,https://blog.hiyun.top,True,又拍云; 阿里云OSS,ESA
blog.horonlee.com,https://blog.horonlee.com,True,,edgeone-pages
liaochenlanruo.fun,https://liaochenlanruo.fun,True,Fastly; GitHub Pages; CDN (generic); Varnish,GitHub.com
blog.lvems.top,https://blog.lvems.top,True,Vercel,Vercel
blog.shenghuo2.top,https://blog.shenghuo2.top,True,阿里云OSS,AliyunOSS
voidbytes.com,https://voidbytes.com/,True,,edgeone-pages
yamdr.cn,https://www.yamdr.cn,True,error:ClientConnectorError,
blog.adyun.design,https://blog.adyun.design,True,Nginx,nginx
blog.zc.wiki,https://blog.zc.wiki,True,Nginx,nginx
fuwari.oh1.top,https://fuwari.oh1.top/,True,Cloudflare,cloudflare
blog.luoh.org,https://blog.luoh.org/,True,Vercel,Vercel
blog.hehouhui.cn,https://blog.hehouhui.cn/,True,Netlify,Netlify
leonxie.cn,https://www.leonxie.cn/,True,OpenResty,openresty
xyx404.github.io,https://xyx404.github.io/,True,Fastly; GitHub Pages; CDN (generic); Varnish,GitHub.com
feiliwuyan.com,https://feiliwuyan.com,True,Cloudflare,cloudflare
blog.sibaihua.com,https://blog.sibaihua.com,True,Nginx,nginx
dorakika.cn,https://dorakika.cn,True,Vercel,Vercel
blog.dylanwu.space,https://blog.dylanwu.space,True,Fastly; GitHub Pages; CDN (generic); Varnish,GitHub.com
blog.eray.cc,https://blog.eray.cc/,True,Cloudflare,cloudflare
xingwangzhe.fun,https://xingwangzhe.fun,True,又拍云,ESA
blog.diffday.com,https://blog.diffday.com,True,,
zty012.de,https://zty012.de,True,Cloudflare,cloudflare
blog.sakura.ink,https://blog.sakura.ink,True,Cloudflare,cloudflare
anye.xyz,https://www.anye.xyz,True,,TencentEdgeOne
siena.zone,https://siena.zone,True,error:ClientConnectorDNSError,
youngjuning.js.org,https://youngjuning.js.org,True,Cloudflare; PHP,cloudflare
weekdawn.github.io,https://weekdawn.github.io,True,Fastly; GitHub Pages; CDN (generic); Varnish,GitHub.com
张晶晶.我爱你,https://张晶晶.我爱你,True,error:ServerDisconnectedError,
vrast.cn,https://vrast.cn/,True,又拍云,marco/3.2
geedea.pro,https://www.geedea.pro/,True,,BunnyCDN-JP1-1188
bento.me,https://bento.me/chisakakanako,True,Cloudflare,cloudflare
nymane.xyz,https://www.nymane.xyz,True,error:ClientConnectorDNSError,
morcat.cn,https://www.morcat.cn,True,Nginx,nginx
chenxublog.com,https://www.chenxublog.com,True,Cloudflare,cloudflare
071400.xyz,https://071400.xyz/,True,CDN (generic),kangle/3.5
guqing.io,https://guqing.io,True,,
krau.top,https://krau.top,True,Vercel,Vercel
wanghanyue.com,https://www.wanghanyue.com,True,Nginx,nginx
xiyo8.cn,https://www.xiyo8.cn,True,Apache,Apache
landhutu.top,https://www.landhutu.top,True,Cloudflare,cloudflare
zsd.name,https://zsd.name,True,Fastly; GitHub Pages; CDN (generic); Varnish,GitHub.com
qsub.cn,https://qsub.cn/,True,Cloudflare,cloudflare
blog.fanghongbo.com,https://blog.fanghongbo.com,True,Cloudflare,cloudflare
blog.zicheng.icu,https://blog.zicheng.icu,True,error:ClientConnectorDNSError,
nickx.cn,https://nickx.cn,True,Nginx,nginx
yunyoujun.cn,https://www.yunyoujun.cn,True,,edgeone-pages
blog.uniartisan.com,https://blog.uniartisan.com,True,error:ClientConnectorDNSError,
ihaihe.cn,https://ihaihe.cn/,True,Nginx,nginx
chlo.is,https://chlo.is,True,Caddy,Caddy
fanzhuo.xyz,https://fanzhuo.xyz/,True,Cloudflare,cloudflare
blog.sukiu.top,https://blog.sukiu.top,True,Varnish; Fastly; GitHub Pages; CDN (generic); Cloudflare,cloudflare
leziblog.com,https://leziblog.com,True,Cloudflare; PHP,cloudflare
blog.admincmd.xyz,https://blog.admincmd.xyz/,True,Vercel,Vercel
blog.orangii.cn,https://blog.orangii.cn,True,,TencentEdgeOne
dreamo.ink,https://dreamo.ink,True,Vercel,Vercel
vespeng.com,https://vespeng.com,True,OpenResty,openresty
castamerego.com,https://castamerego.com/,True,又拍云; CDN (generic); Tengine (阿里云),Tengine
tutuxka.top,https://www.tutuxka.top,True,CDN (generic); Nginx,nginx
nbbnbb.com.cn,https://www.nbbnbb.com.cn/,True,OpenResty,openresty
fengkeao.top,https://fengkeao.top/,True,error:ServerDisconnectedError,
f2h2h1.github.io,https://f2h2h1.github.io,True,Fastly; GitHub Pages; CDN (generic); Varnish,GitHub.com
sqdxwz.top,https://sqdxwz.top,True,error:ClientConnectorDNSError,
blog.gr114.com,https://blog.gr114.com,True,Vercel,Vercel
diyun.site,https://www.diyun.site/,True,Cloudflare,cloudflare
consolelz.github.io,https://consolelz.github.io/,True,Fastly; GitHub Pages; CDN (generic); Varnish,GitHub.com
niepan.org,https://niepan.org,True,Nginx,nginx
mnizjc.qzz.io,https://mnizjc.qzz.io,True,Varnish; Fastly; GitHub Pages; CDN (generic); Cloudflare,cloudflare
blog.zeruns.com,https://blog.zeruns.com,True,error:ClientConnectorSSLError,
luanshiliunian.cn,https://www.luanshiliunian.cn/,True,,PhotonServer
manjiuqi.com,https://www.manjiuqi.com/,True,,ESA
226yzy.com,https://226yzy.com,True,Fastly; GitHub Pages; CDN (generic); Varnish,GitHub.com
yuaneuro.cn,https://yuaneuro.cn,True,Cloudflare,cloudflare
weitao-jiang.cn,https://www.weitao-jiang.cn,True,Nginx,nginx/1.24.0 (Ubuntu)
frytea.com,https://www.frytea.com,True,,
bytespaces.com,https://bytespaces.com,True,error:ClientConnectorError,
blog.sjtuxhw.top,https://blog.sjtuxhw.top,True,又拍云,marco/3.2
gallery.mastermao.cn,https://gallery.mastermao.cn/,True,Cloudflare; Vercel,cloudflare
blogs.stephen-zhang.cn,https://blogs.stephen-zhang.cn,True,Varnish; Fastly; GitHub Pages; CDN (generic); Cloudflare,cloudflare
blog.moej.cn,https://blog.moej.cn,True,Nginx,nginx
sgyunc.com,https://www.sgyunc.com/,True,error:ClientConnectorDNSError,
dailiang.com,https://dailiang.com/,True,Nginx,nginx
dz.sumer.work,https://dz.sumer.work,True,error:ClientConnectorError,
vindo.cn,https://www.vindo.cn/,True,Next.js; Nginx,nginx
blog.sky390.cn,https://blog.sky390.cn,True,OpenResty; PHP,openresty
totoro.site,https://totoro.site,True,Nginx,nginx
luojin.qzz.io,https://luojin.qzz.io/,True,error:ClientConnectorError,
aloner.ink,https://aloner.ink,True,Nginx,nginx
cn059.com,https://www.cn059.com,True,Apache,Apache/2.4.58 (Ubuntu)
shirone.moe,https://shirone.moe,True,Cloudflare,cloudflare
tcmiku.github.io,https://tcmiku.github.io/,True,Fastly; GitHub Pages; CDN (generic); Varnish,GitHub.com
gilatod.art,"https://gilatod.art",True,Nginx,nginx/1.20.1
sumi233.top,https://www.sumi233.top,True,Cloudflare,cloudflare
wfblog.net,https://wfblog.net,True,error:ServerDisconnectedError,
alex1222.com,https://alex1222.com,True,Cloudflare,cloudflare
fiammanda.com,https://fiammanda.com/,True,Cloudflare,cloudflare
blog.fufu.ink,https://blog.fufu.ink,True,Vercel,Vercel
m78.co,https://www.m78.co,True,OpenResty,openresty
blog.aulypc0x0.online,https://blog.aulypc0x0.online/,True,又拍云,marco/3.2
zblogs.top,https://zblogs.top,True,Nginx,nginx
blog.baize.host,https://blog.baize.host,True,error:ClientConnectorDNSError,
kumosya.top,https://kumosya.top,True,Nginx,nginx
dvel.me,https://dvel.me,True,Cloudflare,cloudflare
yurik.cafe,https://yurik.cafe,True,OpenResty,openresty
nibbles.cn,https://nibbles.cn,True,OpenResty; PHP,openresty
blog.starysky.top,https://blog.starysky.top,True,Fastly; GitHub Pages; CDN (generic); Varnish,GitHub.com
xihuannio.cn,https://www.xihuannio.cn,True,Cloudflare,cloudflare
greendolphindance.com,https://greendolphindance.com,True,Fastly; GitHub Pages; CDN (generic); Varnish,GitHub.com
oplog.cn,https://www.oplog.cn,True,,edgeone-pages
97772.top,https://97772.top,True,Nginx,nginx
biliwind.com,https://www.biliwind.com/,True,Cloudflare,cloudflare
blog.hanlin.press,"https://blog.hanlin.press",True,,edgeone-pages
xingbianren.cn,https://xingbianren.cn,True,Nginx,nginx
baipin.pw,https://baipin.pw,True,CDN (generic); Cloudflare,cloudflare
lailai.one,https://lailai.one,True,Caddy,Caddy
remsait.com,https://remsait.com,True,Netlify; Cloudflare,cloudflare
qubeijun.github.io,https://qubeijun.github.io/,True,Fastly; GitHub Pages; CDN (generic); Varnish,GitHub.com
akiyamamio.fun,https://www.akiyamamio.fun/,True,Nginx,nginx
geekery.cn,"https://www.geekery.cn/",True,Nginx,nginx
hovthen.com,https://www.hovthen.com,True,OpenResty; PHP,openresty
woolyun.com,https://woolyun.com/,True,OpenResty,openresty
david03.top,https://david03.top,True,Nginx,nginx
hats-land.com,https://www.hats-land.com/,True,Netlify; Next.js; Vercel; Cloudflare; 阿里云OSS,Vercel
blog.gzzz.pro,https://blog.gzzz.pro/,True,OpenResty,openresty
forum.gitzaai.com,https://forum.gitzaai.com,True,Nginx,nginx
finding.is-cool.dev,https://finding.is-cool.dev/home/,True,Fastly; GitHub Pages; CDN (generic); Varnish,GitHub.com
wiki.eryajf.net,https://wiki.eryajf.net,True,,ESA
imbailey.cn,https://www.imbailey.cn/,True,Vercel,Vercel
2star.top,https://2star.top,True,OpenResty,openresty
irithys.com,https://irithys.com,True,Cloudflare; Express/Node.js,cloudflare
blog.isww.cn,https://blog.isww.cn,True,Nginx,nginx
vluv.space,https://vluv.space,True,Cloudflare,cloudflare
thyuu.com,https://www.thyuu.com,True,Nginx,nginx
iigeek.com,https://iigeek.com,True,,ESA
6young.site,https://www.6young.site,True,Vercel,Vercel
blog.xgclevo.top,https://blog.xgclevo.top/,True,Vercel,Vercel
tylk.cc,https://tylk.cc,True,PHP; Apache,Apache
blog.pj568.sbs,https://blog.pj568.sbs,True,error:ClientConnectorDNSError,
uhope.fun,https://uhope.fun,True,error:ClientConnectorError,
blog.drpika.com,https://blog.drpika.com,True,,tencent-cos
1ning.cn,https://www.1ning.cn/,True,Tengine (阿里云),Tengine
xyzbz.cn,https://xyzbz.cn,True,Nginx,nginx
blog.iqzhi.com,https://blog.iqzhi.com,True,Fastly; GitHub Pages; CDN (generic),GitHub.com
blog.marshuni.fun,https://blog.marshuni.fun/,True,Cloudflare,cloudflare
blog.omoi.fun,https://blog.omoi.fun/,True,error:ClientConnectorDNSError,
blog.lumirant.top,https://blog.lumirant.top,True,Next.js; OpenResty,openresty
blog.kokomi.me,https://blog.kokomi.me,True,,edgeone-pages
blog.jerrywick.com,https://blog.jerrywick.com,True,Cloudflare,cloudflare
xding.top,https://xding.top,True,OpenResty; PHP,openresty
heggria.site,https://heggria.site,True,error:ClientConnectorDNSError,
blog.yonagi04.cn,https://blog.yonagi04.cn,True,error:ClientConnectorDNSError,
nongyanxia.com,https://www.nongyanxia.com,True,Nginx,nginx
blog.dominoh.com,https://blog.dominoh.com,True,Cloudflare; Vercel,cloudflare
blog.wingszeng.top,https://blog.wingszeng.top,True,Caddy,Caddy
blog.ning.moe,https://blog.ning.moe/,True,Cloudflare,cloudflare
freejishu.com,https://www.freejishu.com,True,OpenResty; PHP,openresty
xiaozonglin.cn,https://www.xiaozonglin.cn,True,又拍云,ESA
blog.btwoa.com,https://blog.btwoa.com/,True,Fastly; GitHub Pages; CDN (generic); Varnish,GitHub.com
milu.ink,"https://milu.ink",True,,Byte-nginx
moi-mo.github.io,https://moi-mo.github.io,True,Fastly; GitHub Pages; CDN (generic); Varnish,GitHub.com
qinzhi.cc,https://qinzhi.cc,True,error:ClientConnectorError,
itxcjm.top,https://www.itxcjm.top,True,Nginx,nginx
dil.illlli.com,https://dil.illlli.com,True,error:ClientConnectorError,
275.pub,https://www.275.pub/,True,又拍云,ESA
santisify.top,https://santisify.top/,True,Vercel,Vercel
hailandao.com,https://hailandao.com/,True,OpenResty,openresty
lylyl.cn,https://www.lylyl.cn/,True,Cloudflare,cloudflare
blog.sdgou.cc,https://blog.sdgou.cc,True,Cloudflare,cloudflare
blog.mcxiaochen.top,https://blog.mcxiaochen.top/,True,Vercel,Vercel
blog.chyk.ink,https://blog.chyk.ink,True,Vercel,Vercel
qladgk.com,https://qladgk.com/,True,Next.js,ESA
chenmx.net,https://www.chenmx.net,True,OpenResty,openresty
blog.lxythan2lxy.cn,https://blog.lxythan2lxy.cn/,True,Vercel,Vercel
blog.hpcesia.com,https://blog.hpcesia.com/,True,Netlify,Netlify
blog.zamlia.com,https://blog.zamlia.com,True,Nginx,nginx
gowiki.site,https://gowiki.site,True,,
helywin.com,https://www.helywin.com,True,Nginx,nginx
lml023.top,https://lml023.top,True,OpenResty,openresty
imakashi.com,https://imakashi.com/,True,OpenResty,openresty
blog.nas666.com,https://blog.nas666.com/,True,,
yjztest.top,https://www.yjztest.top/xiba-newblog/home,True,Nginx,nginx
easyf12.top,https://easyf12.top,True,Netlify,Netlify
9sb.net,https://9sb.net,True,,mdserver-web
ycyc.win,"https://ycyc.win",True,Netlify,Netlify
blog.dukefox.com,https://blog.dukefox.com,True,Nginx,nginx
blog.quickso.cn,https://blog.quickso.cn,True,Cloudflare,cloudflare
blog.inekoxia.com,https://blog.inekoxia.com,True,,edgeone-pages
blog.rainsin.cn,https://blog.rainsin.cn,True,Cloudflare,cloudflare
zyglq.cn,https://www.zyglq.cn,True,,edgeone-pages
blog.liugezhou.online,https://blog.liugezhou.online,True,Fastly; GitHub Pages; CDN (generic); Varnish,GitHub.com
blog.share888.top,https://blog.share888.top,True,Vercel,Vercel
blog.zhwei101.com,https://blog.zhwei101.com,True,Hexo,GuardFlame
yfzhu.cn,https://yfzhu.cn,True,,tencent-cos
15926.tech,https://15926.tech/,True,Varnish; Fastly; GitHub Pages; CDN (generic); Cloudflare,cloudflare
miaoer.net,https://www.miaoer.net,True,CDN (generic); IIS; PHP,Microsoft-IIS/10.0
aibofan.com,https://aibofan.com,True,Cloudflare; PHP,cloudflare
seandictionary.top,https://seandictionary.top/,True,又拍云,ESA
angine.tech,https://angine.tech,True,Cloudflare,cloudflare
zrs.xyz,https://zrs.xyz,True,Nginx,nginx
blessyou.top,https://www.blessyou.top,True,Nginx,nginx
yxbug.ren,https://yxbug.ren,True,Nginx,nginx
youhuge.site,https://youhuge.site/,True,Nginx,nginx
blog.xioxix.com,https://blog.xioxix.com/,True,IIS,Microsoft-IIS/8.5
blog.plfjy.top,https://blog.plfjy.top/,True,Cloudflare,cloudflare
m.senlinm.cn,https://m.senlinm.cn,True,error:ClientConnectorDNSError,
thisisxxz.com,https://thisisxxz.com/,True,Varnish; Fastly; GitHub Pages; CDN (generic); Cloudflare,cloudflare
ls-shandong.codeberg.page,https://ls-shandong.codeberg.page,True,,pages-server
pwsz.com,https://pwsz.com/,True,,ESA
moexc.com,https://moexc.com/,True,Cloudflare; PHP,cloudflare
ionssource.cn,https://ionssource.cn,True,,BWS/1.1
jiafeng.fun,https://www.jiafeng.fun,True,Nginx,nginx
shimmerl.top,https://www.shimmerl.top,True,Nginx,nginx
eofs791.github.io,https://eofs791.github.io,True,Varnish; Fastly; GitHub Pages; CDN (generic); Cloudflare,cloudflare
blog.glumi.cn,https://blog.glumi.cn,True,,
smilear.cn,https://smilear.cn,True,Nginx,nginx
vnyzm.top,https://vnyzm.top,True,Fastly; GitHub Pages; CDN (generic); Varnish,GitHub.com
blog.mc118cn.cn,https://blog.mc118cn.cn/,True,Netlify,Netlify
blog.xxfer.cn,https://blog.xxfer.cn,True,error:ClientConnectorDNSError,
blog.ansonq.com,https://blog.ansonq.com/,True,Cloudflare,cloudflare
blog.zhheo.com,https://blog.zhheo.com,True,Nginx,nginx
zhw150.top,https://www.zhw150.top,True,OpenResty; PHP,openresty
wxbuluo.com,https://www.wxbuluo.com/,True,Nginx; PHP,nginx
lxnchan.cn,https://lxnchan.cn,True,Nginx; Hexo,nginx/1.30.2
blog.yfyang.me,https://blog.yfyang.me/,True,Cloudflare; Vercel,cloudflare
lishuhang.me,https://lishuhang.me/,True,Fastly; GitHub Pages; CDN (generic); Varnish,GitHub.com
grbj.cn,https://www.grbj.cn/,True,又拍云,ESA
yujiale.blog,https://yujiale.blog,True,Next.js; Vercel,Vercel
yunyitang.me,https://www.yunyitang.me/,True,Fastly; GitHub Pages; CDN (generic); Varnish,GitHub.com
blog.nuaa.tech,https://blog.nuaa.tech,True,Cloudflare,cloudflare
jerrydodo.com,https://jerrydodo.com,True,Nginx,nginx
blog.yngcy.com,https://blog.yngcy.com,True,Varnish; Fastly; GitHub Pages; CDN (generic); Cloudflare,cloudflare
r1n.top,https://r1n.top,True,Vercel,Vercel
mm.yaomomo.com,https://mm.yaomomo.com,True,error:ClientConnectorError,
ygxz.in,https://www.ygxz.in,True,Nginx,nginx
liupj.top,https://liupj.top,True,Fastly; GitHub Pages; CDN (generic); Varnish,GitHub.com
moraex.com,https://www.moraex.com,True,OpenResty; PHP,openresty
baka.fun,https://baka.fun,True,Vercel,Vercel
taotaoiswjs.cn,https://www.taotaoiswjs.cn/,True,Varnish; Fastly; GitHub Pages; CDN (generic); Cloudflare,cloudflare
huluohu.com,https://www.huluohu.com,True,Cloudflare,cloudflare
blog.cusox.net,https://blog.cusox.net,True,Cloudflare,cloudflare
jellypro.cn,https://jellypro.cn,True,CDN (generic); OpenResty,openresty
90svip.cn,https://www.90svip.cn/,True,,TencentEdgeOne
blog.samhou.moe,https://blog.samhou.moe/,True,Vercel,Vercel
zym2013.dpdns.org,https://zym2013.dpdns.org/,True,Varnish; Fastly; GitHub Pages; CDN (generic); Cloudflare,cloudflare
data-era.cn,https://www.data-era.cn,True,error:ClientConnectorError,
blog.chenmyawa.top,https://blog.chenmyawa.top/,True,,ESA
ykuee.link,https://www.ykuee.link,True,PHP; Tengine (阿里云),Tengine
blog.wututu.cn,https://blog.wututu.cn,True,Nginx,nginx
code-pigeon.github.io,https://code-pigeon.github.io/blog,True,Fastly; GitHub Pages; CDN (generic); Varnish,GitHub.com
blog.rick.icu,https://blog.rick.icu,True,error:ClientConnectorDNSError,
home.vindo.cn,https://home.vindo.cn,True,,edgeone-pages
pysio.online,https://www.pysio.online/,True,Varnish; Fastly; GitHub Pages; CDN (generic); Cloudflare,cloudflare
fanyiming.life,https://fanyiming.life,True,Apache,Apache/2.4.58 (Ubuntu)
manshaoco.com,https://www.manshaoco.com,True,OpenResty; PHP,openresty
xizi.live,https://xizi.live/,True,Nginx,nginx
blog.deepchirp.com,https://blog.deepchirp.com,True,Cloudflare,cloudflare
leehenry.top,https://leehenry.top/,True,Nginx,nginx
blog.impressionyang.top,https://blog.impressionyang.top,True,CDN (generic); OpenResty,openresty
bikari.top,https://bikari.top,True,Netlify,Netlify
lu1104.cn,https://lu1104.cn/,True,Nginx,nginx
nonedata.com,https://www.nonedata.com,True,Cloudflare,cloudflare
blog.sky233.top,https://blog.sky233.top/,True,OpenResty,openresty
blog.starsharbor.com,https://blog.starsharbor.com/,True,Vercel,Vercel
akavalue.pages.dev,https://akavalue.pages.dev/,True,Cloudflare,cloudflare
ziyang-bai.github.io,https://ziyang-bai.github.io/,True,Varnish; Fastly; GitHub Pages; CDN (generic); Cloudflare,cloudflare
xingmail.cn,https://www.xingmail.cn/,True,CDN (generic); Nginx,nginx
jackcipher.github.io,https://jackcipher.github.io/,True,Fastly; GitHub Pages; CDN (generic); Varnish,GitHub.com
blog.yesord.top,"https://blog.yesord.top",True,Varnish; Fastly; GitHub Pages; CDN (generic); Cloudflare,cloudflare
jinjun.top,https://www.jinjun.top/,True,Cloudflare,cloudflare
wanghaoyu.com.cn,"https://www.wanghaoyu.com.cn/",True,,envoy
oldcrocodile.space,https://www.oldcrocodile.space/,True,Nginx,nginx
saneko.me,https://saneko.me/,True,Nginx,nginx/1.24.0 (Ubuntu)
blog.rbkou.me,https://blog.rbkou.me,True,error:ClientConnectorDNSError,
zzzing.cn,https://zzzing.cn,True,error:ClientConnectorDNSError,
blog.kaiqi.wang,https://blog.kaiqi.wang,True,OpenResty; PHP,openresty
xxp.one,https://xxp.one,True,Nginx,nginx
blog.chendi.link,https://blog.chendi.link,True,error:ClientConnectorDNSError,
lawtee.com,https://lawtee.com,True,OpenResty,openresty
ecwuuuuu.com,https://ecwuuuuu.com,True,Varnish; Fastly; GitHub Pages; CDN (generic); Cloudflare,cloudflare
bluish.net,https://bluish.net,True,Cloudflare,cloudflare
xdull.cn,https://www.xdull.cn,True,Vercel,Vercel
inkss.cn,https://inkss.cn/,True,Fastly; GitHub Pages; CDN (generic),
blog.catchyun.com,https://blog.catchyun.com,True,Nginx,nginx/1.18.0
docs.lizili.online,https://docs.lizili.online/,True,Fastly; GitHub Pages; CDN (generic); Varnish,GitHub.com
insilen.com,https://www.insilen.com,True,Cloudflare,cloudflare
yuxiangyun.top,https://yuxiangyun.top/,True,Cloudflare,cloudflare
blog.jiumoz.com,https://blog.jiumoz.com,True,OpenResty,openresty
aotxland.com,https://aotxland.com,True,Nginx,nginx
hechuan.me,https://hechuan.me/,True,Cloudflare,cloudflare
blog.yxyang.top,"https://blog.yxyang.top",True,Nginx,nginx
blog.mcloc.cn,https://blog.mcloc.cn,True,OpenResty; PHP,openresty
aristore.top,https://www.aristore.top,True,Vercel,Vercel
bwsl.wang,https://www.bwsl.wang/,True,Cloudflare,cloudflare
xsl.im,https://www.xsl.im,True,OpenResty,openresty
pyrzo.com,https://www.pyrzo.com,True,,WAFPRO
maxchang.me,https://maxchang.me/,True,Vercel,Vercel
nancc.com,https://www.nancc.com,True,,SLT
haoruanmao.com,https://www.haoruanmao.com,True,CDN (generic); Nginx,nginx
zla.pub,https://zla.pub/,True,Vercel,Vercel
blog.feng1026.top,https://blog.feng1026.top/,True,Vercel,Vercel
obgnauh.com,https://www.obgnauh.com/,True,Nginx,nginx
blog.twelveeee.top,https://blog.twelveeee.top/,True,阿里云OSS,AliyunOSS
lyszm.com,https://www.lyszm.com,True,Nginx,nginx
blog.cuteleaf.cn,https://blog.cuteleaf.cn,True,,edgeone-pages
wz4488.de,https://wz4488.de/,True,Cloudflare,cloudflare
lorcas.top,https://lorcas.top,True,Varnish; Fastly; GitHub Pages; CDN (generic); Cloudflare,cloudflare
dengqn.com,https://dengqn.com,True,Cloudflare,cloudflare
bioez.xyz,https://bioez.xyz,True,OpenResty,openresty
aerosand.cn,https://aerosand.cn,True,Vercel,Vercel
duanxiansen.com,https://www.duanxiansen.com/,True,Nginx,nginx
blog.kisechan.space,https://blog.kisechan.space/,True,Cloudflare,cloudflare
mojinxi.cn,https://mojinxi.cn,True,error:ClientConnectorDNSError,
alexgu.art,https://alexgu.art/,True,Cloudflare,cloudflare
blog.fis.ink,https://blog.fis.ink/,True,Cloudflare,cloudflare
xiaoxinblog.xyz,https://xiaoxinblog.xyz,True,Vercel,Vercel
wrye.dev,https://wrye.dev/,True,Cloudflare,cloudflare
blog.haoye.plus,https://blog.haoye.plus/,True,Netlify,Netlify
w4ter.com,https://www.w4ter.com,True,Cloudflare,cloudflare
htmacg.cn,https://www.htmacg.cn/,True,,SLT-MID
baihw.cn,https://baihw.cn,True,Netlify,Netlify
laokbk.cn,https://laokbk.cn,True,Nginx,nginx
xrbk.cn,https://www.xrbk.cn,True,Nginx,nginx
astrophel.top,https://www.astrophel.top,True,Nginx,nginx/1.24.0 (Ubuntu)
blognas.hwb0307.com,https://blognas.hwb0307.com,True,Cloudflare; PHP,cloudflare
xmdblog.com,https://www.xmdblog.com,True,CDN (generic); Nginx,nginx
cynosura.one,https://cynosura.one,True,Cloudflare,cloudflare
b2og.com,https://b2og.com,True,Cloudflare,cloudflare
mozixi.com,https://mozixi.com,True,Nginx,nginx
champhoon.xyz,https://champhoon.xyz,True,Vercel,Vercel
exister.tk,https://exister.tk,True,Cloudflare,cloudflare
anaer.github.io,https://anaer.github.io/blog/,True,Fastly; GitHub Pages; CDN (generic); Varnish,GitHub.com
wiki.pwddd.com,https://wiki.pwddd.com,True,error:ClientConnectorSSLError,
blog.felicx.eu.org,https://blog.felicx.eu.org/,True,Vercel,Vercel
blog.dctewi.com,https://blog.dctewi.com,True,Fastly; GitHub Pages; CDN (generic); Varnish,GitHub.com
blog.boranstars.top,https://blog.boranstars.top/,True,OpenResty,openresty
hxy.cc,https://www.hxy.cc/,True,PHP,wts
caibucai.top,https://www.caibucai.top/,True,Nginx,nginx/1.24.0
gmcllp.cn,https://www.gmcllp.cn,True,OpenResty; PHP,openresty
baiwumm.com,https://baiwumm.com/,True,OpenResty,openresty
nicejf.cn,https://nicejf.cn,True,Nginx,nginx
blog.srprolin.top,https://blog.srprolin.top,True,Cloudflare,cloudflare
owo.cab,https://owo.cab,True,Next.js; Nginx,nginx
blog.ehnap.com,https://blog.ehnap.com,True,Cloudflare,cloudflare
gcoulu.cn,https://www.gcoulu.cn,True,Nginx,nginx
nkns.cc,https://nkns.cc,True,Cloudflare; Vercel,cloudflare
blog.tigerxly.com,https://blog.tigerxly.com,True,又拍云,marco/3.2
myblog.wallleap.cn,https://myblog.wallleap.cn,True,Vercel,Vercel
qubik65536.top,https://qubik65536.top,True,Vercel,Vercel
hikki.site,https://hikki.site,True,error:ServerDisconnectedError,
yufm.com,https://yufm.com,True,Nginx,nginx
erui.org,https://erui.org/,True,Nginx,nginx
boysblog.cn,https://boysblog.cn,True,error:ClientConnectorError,
chenlifeng.com,https://www.chenlifeng.com/,True,Cloudflare,cloudflare
8cat.life,https://8cat.life,True,,edgeone-pages
hs.cnies.org,https://hs.cnies.org,True,Nginx,nginx
blog.code520.com.cn,https://blog.code520.com.cn,True,Vercel,Vercel
blog.zhecydn.asia,https://blog.zhecydn.asia/,True,Nginx,nginx
kuaikan.ink,https://kuaikan.ink,True,Apache,Apache
blog.zyxm.top,https://blog.zyxm.top/,True,Nginx,nginx
nelsonboss.ink,https://nelsonboss.ink,True,Netlify,Netlify
sccube.link,https://sccube.link,True,CDN (generic); Cloudflare,cloudflare
blog.bluemangoo.net,https://blog.bluemangoo.net,True,Vercel,Vercel
blog.toastbubble.top,https://blog.toastbubble.top,True,Cloudflare,cloudflare
vichain.cn,https://vichain.cn,True,Nginx,nginx
hejunjie.life,https://hejunjie.life,True,又拍云; CDN (generic); Tengine (阿里云),Tengine
8853131.xyz,https://8853131.xyz,True,Nginx,nginx/1.27.2
blog.cloudchewie.com,https://blog.cloudchewie.com,True,,SLT
gabrielxd.com,https://gabrielxd.com,True,Next.js; Cloudflare,cloudflare
seln.cn,https://seln.cn/,True,,edgeone-pages
controlnet.space,https://controlnet.space/,True,Varnish; Fastly; GitHub Pages; CDN (generic); Cloudflare,cloudflare
bfzw.top,https://bfzw.top,True,,ESA
me.owaii.net,https://me.owaii.net,True,error:ClientConnectorDNSError,
blog.xlenco.top,https://blog.xlenco.top,True,,edgeone-pages
sunzishaokao.com,https://www.sunzishaokao.com/,True,Nginx,nginx
yuanzj.top,https://yuanzj.top,True,Cloudflare,cloudflare
blog.qaiu.top,https://blog.qaiu.top,True,Nginx,nginx
80h.cn,https://80h.cn,True,LiteSpeed; PHP,LiteSpeed
ciniao.me,https://ciniao.me/,True,Nginx,nginx
pkold.com,https://pkold.com,True,Cloudflare,cloudflare
blog.demius.tech,https://blog.demius.tech/,True,OpenResty,openresty
fffzlfk.github.io,https://fffzlfk.github.io,True,Fastly; GitHub Pages; CDN (generic); Varnish,GitHub.com
4ading.com,https://4ading.com,True,OpenResty,openresty
blog.wubw.fun,https://blog.wubw.fun,True,error:ClientConnectorSSLError,
hetong-re4per.com,https://www.hetong-re4per.com/,True,,edgeone-pages
darksheep.xyz,"https://darksheep.xyz",True,Fastly; GitHub Pages; CDN (generic); Varnish,GitHub.com
djdog.cc,https://djdog.cc,True,Vercel,Vercel
gopherding.github.io,https://gopherding.github.io,True,Fastly; GitHub Pages; CDN (generic); Varnish,GitHub.com
moreality.net,https://moreality.net,True,Caddy,Caddy
nexonull.xyz,https://nexonull.xyz,True,Next.js; Vercel,Vercel
lumifotografisk.com,https://lumifotografisk.com,True,error:ClientConnectorDNSError,
satinau.cn,https://satinau.cn,True,Cloudflare,cloudflare
ajinol.com,https://www.ajinol.com,True,OpenResty,openresty
penginman.com,https://www.penginman.com,True,error:ClientConnectorDNSError,
note.jiehua.org,https://note.jiehua.org,True,Cloudflare,cloudflare
blog.lonzov.top,https://blog.lonzov.top/,True,Cloudflare,cloudflare
ordchaos.com,https://www.ordchaos.com,True,Cloudflare,cloudflare
baozongwi.xyz,https://baozongwi.xyz/,True,Fastly; GitHub Pages; CDN (generic); Varnish,GitHub.com
zzzremake.github.io,https://zzzremake.github.io/site/,True,Fastly; GitHub Pages; CDN (generic); Varnish,GitHub.com
blog.erispyu.fun,https://blog.erispyu.fun/,True,Fastly; GitHub Pages; CDN (generic); Varnish,GitHub.com
blog.imlast.top,https://blog.imlast.top,True,Netlify,Netlify
7gugu.com,https://7gugu.com,True,Nginx,nginx
sxrekord.com,https://sxrekord.com,True,Nginx,nginx/1.18.0 (Ubuntu)
jiuliu.top,https://www.jiuliu.top/,True,error:ClientConnectorError,
baiwulin.com,https://www.baiwulin.com,True,error:ClientConnectorDNSError,
wangyunzi.com,https://wangyunzi.com,True,Cloudflare,cloudflare
blog.kixyu9527.com,https://blog.kixyu9527.com,True,Cloudflare,cloudflare
blog.nosecurity.cn,https://blog.nosecurity.cn,True,Vercel,Vercel
lb5.net,https://lb5.net/,True,Nginx,nginx
moechun.fun,https://moechun.fun,True,Cloudflare; Hexo,cloudflare
blog.xsnet.eu.org,https://blog.xsnet.eu.org,True,Netlify,Netlify
yvii.cn,https://www.yvii.cn/,True,又拍云,ESA
devdeg.com,https://www.devdeg.com/,True,OpenResty; PHP,openresty
citydatum.cn,https://citydatum.cn/,True,Nginx,nginx
blog.mckero.com,https://blog.mckero.com,True,Cloudflare,cloudflare
docset.vip,https://docset.vip,True,Cloudflare,cloudflare
wanglin.blog,https://wanglin.blog,True,Nginx,nginx
arc.canmi.icu,https://arc.canmi.icu/,True,Cloudflare,cloudflare
dudududu.vip,https://dudududu.vip/,True,Nginx,nginx
blog.zhilu.cyou,https://blog.zhilu.cyou,True,Vercel,Vercel
lave.fun,https://lave.fun/,True,Varnish; Fastly; GitHub Pages; CDN (generic); Cloudflare,cloudflare
kegongteng.cn,https://kegongteng.cn/,True,Netlify,Netlify
blog.leonus.cn,https://blog.leonus.cn,True,Nginx,nginx
lin-blog.xyz,https://lin-blog.xyz,True,,
blog.sotkg.com,https://blog.sotkg.com,True,,edgeone-pages
blog.slhaf.work,https://blog.slhaf.work,True,,ESA
blog.aqcoder.cn,https://blog.aqcoder.cn,True,Netlify,Netlify
memxb.top,https://www.memxb.top,True,CDN (generic); Nginx,nginx
flowersink.com,"https://flowersink.com/",True,又拍云; CDN (generic); Tengine (阿里云),Tengine
blog.laobinghu.top,https://blog.laobinghu.top,True,Next.js; Vercel,Vercel
loquy.cn,https://www.loquy.cn,True,Varnish; Fastly; GitHub Pages; CDN (generic); Cloudflare,cloudflare
xchere.xyz,https://www.xchere.xyz/,True,Vercel,Vercel
yangzs.851219.xyz,https://yangzs.851219.xyz/,True,Cloudflare,cloudflare
sikan.moe,"https://sikan.moe",True,Cloudflare; Hexo,cloudflare
ihello.cc,https://ihello.cc,True,OpenResty; PHP,openresty
blog.kdyzm.cn,https://blog.kdyzm.cn,True,Nginx,nginx/1.16.1
blog.stevezmt.top,https://blog.stevezmt.top,True,Varnish; Fastly; GitHub Pages; CDN (generic); Cloudflare,cloudflare
zhejianglao.cn,https://zhejianglao.cn,True,Nginx,nginx/1.14.0 (Ubuntu)
soda-official.top,https://soda-official.top,True,Fastly; GitHub Pages; CDN (generic); Varnish,GitHub.com
shockerli.net,https://shockerli.net,True,OpenResty,openresty
blog.yaria.top,https://blog.yaria.top,True,Next.js; Vercel,Vercel
blog.shidaigx.cn,https://blog.shidaigx.cn/,True,Nginx,nginx
blog.kukac.top,https://blog.kukac.top,True,Vercel,Vercel
blog.nicebao.com,https://blog.nicebao.com,True,Next.js; Nginx,nginx
timewaster43.github.io,https://timewaster43.github.io,True,Varnish; Fastly; GitHub Pages; CDN (generic); Cloudflare,cloudflare
baii.icu,https://baii.icu,True,Netlify; Cloudflare,cloudflare
zhbi.top,https://www.zhbi.top,True,Cloudflare,cloudflare
imut.xyz,https://www.imut.xyz,True,Nginx,nginx
mnchen.cn,https://mnchen.cn/,True,,edgeone-pages
blog.farewe1ll.top,https://blog.farewe1ll.top,True,Cloudflare; Vercel,cloudflare
blog.heroxin.xyz,https://blog.heroxin.xyz,True,Vercel,Vercel
blog.180280.xyz,https://blog.180280.xyz/,True,Cloudflare,cloudflare
bolg.wuenci.wang,https://bolg.wuenci.wang,True,Tengine (阿里云),Tengine
blog.adlamp.cn,https://blog.adlamp.cn,True,OpenResty,openresty
blog.june-pj.cn,https://blog.june-pj.cn,True,Vercel,AkiLight
tiger.work,https://tiger.work/,True,Cloudflare; Express/Node.js,cloudflare
itmsky.com,https://www.itmsky.com/,True,Nginx,nginx
blog.cpen.top,https://blog.cpen.top,True,Vercel,Vercel
woyioii.cn,https://www.woyioii.cn,True,Nginx,nginx/1.24.0 (Ubuntu)
yux-bao.icu,https://yux-bao.icu,True,Cloudflare; Vercel,cloudflare
loliapi.com,"https://www.loliapi.com/",True,OpenResty; PHP,openresty
finley.top,https://www.finley.top/,True,Nginx,nginx
alampy.com,https://alampy.com/,True,CDN (generic),AmazonS3
kanokano.cn,https://kanokano.cn/,True,Nginx,nginx
ddw2019.com,https://ddw2019.com,True,Nginx,nginx
yunxge.cn,https://www.yunxge.cn,True,,ESA
kqh.me,https://kqh.me,True,Netlify,Netlify
blog.jsmsr.com,https://blog.jsmsr.com,True,Cloudflare; Vercel,cloudflare
blog.opeach.cn,https://blog.opeach.cn/,True,Vercel,Vercel
blog.clearligh.top,https://blog.clearligh.top,True,OpenResty,openresty
frank2019.life,"https://frank2019.life",True,OpenResty,openresty
ryanzm.cn,https://www.ryanzm.cn/,True,OpenResty,openresty
kenshin2438.top,https://kenshin2438.top,True,Vercel,Vercel
xeonzilla.top,https://xeonzilla.top,True,Cloudflare,cloudflare
wpzllq.cn,https://wpzllq.cn/,True,error:ClientOSError,
zhengqiao.wang,https://www.zhengqiao.wang,True,Fastly; GitHub Pages; CDN (generic); Varnish,GitHub.com
blog.mugzx.top,https://blog.mugzx.top,True,Vercel,Vercel
blog.jaspirit.cc,https://blog.jaspirit.cc,True,Nginx,nginx/1.27.1
iftft.com,https://www.iftft.com,True,error:ClientConnectorError,
greniray.org,https://greniray.org,True,LiteSpeed; Express/Node.js,LiteSpeed
blog.smallfang.fun,https://blog.smallfang.fun,True,Nginx,nginx/1.24.0 (Ubuntu)
coolku.cc,https://www.coolku.cc,True,Fastly; GitHub Pages; CDN (generic); Varnish,GitHub.com
blog.ilue.pp.ua,https://blog.ilue.pp.ua,True,error:ClientConnectorDNSError,
flwty.cn,https://www.flwty.cn,True,Fastly; GitHub Pages; CDN (generic); Varnish,GitHub.com
blog.ciriu.com,https://blog.ciriu.com,True,,edgeone-pages
6ird.com,https://www.6ird.com,True,Cloudflare,cloudflare
yuanshen.dev,https://yuanshen.dev,True,Cloudflare,cloudflare
thinks365.com,https://www.thinks365.com/,True,,
genkaim.top,https://www.genkaim.top,True,Fastly; GitHub Pages; CDN (generic); Varnish,GitHub.com
xhily.com,https://www.xhily.com/,True,,ESA
crackme.net,https://crackme.net/,True,Cloudflare,cloudflare
jiejie.uk,https://jiejie.uk/blog,True,error:ClientConnectorDNSError,
blog.pptcar.com,https://blog.pptcar.com,True,Netlify,Netlify
ameow.xyz,https://ameow.xyz,True,OpenResty,openresty
yoseya2410.github.io,https://yoseya2410.github.io,True,Fastly; GitHub Pages; CDN (generic); Varnish,GitHub.com
zhengwenfeng.com,https://www.zhengwenfeng.com,True,Vercel,Vercel
tyatt.top,https://www.tyatt.top,True,Cloudflare,cloudflare
szhshp.org,https://szhshp.org,True,Vercel,Vercel
taurusxin.com,https://www.taurusxin.com,True,Cloudflare,cloudflare
blog.yaten.xyz,https://blog.yaten.xyz,True,Varnish; Fastly; GitHub Pages; CDN (generic); Cloudflare,cloudflare
xiaoten.com,https://www.xiaoten.com,True,阿里云OSS,ESA
lihaoyu.cn,https://www.lihaoyu.cn,True,,edgeone-pages
qixing1217.top,https://qixing1217.top/,True,Cloudflare,cloudflare
panda995.xyz,https://panda995.xyz,True,Nginx,nginx
jukai.site,https://jukai.site,True,Cloudflare; Vercel,cloudflare
blog.ceobe.cn,https://blog.ceobe.cn/,True,阿里云OSS; CDN (generic); Tengine (阿里云); 又拍云,Tengine
whbbit.cn,https://whbbit.cn,True,Vercel,Vercel
smallsmallq.com,https://www.smallsmallq.com/blog,True,Cloudflare; Vercel,cloudflare
blog.imysen.com,https://blog.imysen.com,True,,SENCREW
itbob.cn,https://www.itbob.cn,True,,edgeone-pages
zrn.net,https://zrn.net,True,error:ClientConnectorSSLError,
lapis.cafe,"https://www.lapis.cafe",True,Vercel,Vercel
blog.mariozzj.cn,https://blog.mariozzj.cn,True,Varnish; Fastly; GitHub Pages; CDN (generic); Cloudflare,cloudflare
ajie.lu,https://ajie.lu,True,Vercel,Vercel
dao.js.cn,https://www.dao.js.cn/,True,error:ServerDisconnectedError,
tonyyin.top,https://tonyyin.top,True,Cloudflare; Vercel,cloudflare
acchw.top,https://acchw.top,True,Fastly; GitHub Pages; CDN (generic),GitHub.com
arlulu.com,https://arlulu.com,True,OpenResty,openresty
rhopaper.top,https://rhopaper.top/,True,Vercel,Vercel
beyondxin.top,https://www.beyondxin.top/navigation,True,Nginx,nginx
blog.bleaz.net,https://blog.bleaz.net/,True,OpenResty,openresty
natro92.fun,https://natro92.fun,True,Vercel,Vercel
tch.cool,https://tch.cool,True,Nginx,nginx
aurora.love,https://www.aurora.love,True,Fastly; GitHub Pages; CDN (generic); Varnish,GitHub.com
wygxmew.github.io,https://wygxmew.github.io/,True,Fastly; GitHub Pages; CDN (generic); Varnish,GitHub.com
blog.antio2.cn,https://blog.antio2.cn,True,Vercel,Vercel
xingpingcn.top,https://xingpingcn.top,True,Vercel,Vercel
maikire.xyz,https://maikire.xyz/,True,Varnish; Fastly; GitHub Pages; CDN (generic); Cloudflare,cloudflare
blog.imken.moe,https://blog.imken.moe,True,Cloudflare,cloudflare
blog.lynn6.cn,https://blog.lynn6.cn,True,Vercel,Vercel
whooc.com,https://whooc.com,True,OpenResty,openresty
amiaaaz.github.io,https://amiaaaz.github.io,True,Fastly; GitHub Pages; CDN (generic); Varnish,GitHub.com
cclin.org,https://cclin.org,True,Cloudflare,cloudflare
blog.imxizhen.cn,https://blog.imxizhen.cn,True,Cloudflare,cloudflare
blog.ganxb2.com,https://blog.ganxb2.com,True,Vercel,Vercel
penjc.cn,https://www.penjc.cn,True,error:ClientConnectorDNSError,
air1.cn,https://air1.cn/,True,Cloudflare,cloudflare
iamyukino.cn,https://iamyukino.cn,True,Apache,Apache/2.4.63 (Win64) OpenSSL/3.3.2 mod_wsgi/5.0.2 Python/3.13
biibii.cn,https://www.biibii.cn,True,Nginx,nginx
dogeas.club,https://dogeas.club,True,OpenResty; PHP,openresty
icefox.site,https://www.icefox.site,True,error:ClientConnectorError,
ares-tech-stack.cn,https://ares-tech-stack.cn/blog_service/#/about,True,Nginx,nginx
kiko2568.top,https://kiko2568.top/,True,Nginx,nginx
wubie.quanmwl.com,https://wubie.quanmwl.com/,True,又拍云; CDN (generic); Tengine (阿里云),Tengine
white-festa.net,https://white-festa.net,True,Cloudflare,cloudflare
icl.site,https://www.icl.site,True,,
zair.top,https://www.zair.top/,True,Cloudflare,cloudflare
gmoe.cc,https://www.gmoe.cc,True,OpenResty; Vercel,openresty
blog.truebigsand.top,https://blog.truebigsand.top,True,,ESA
booboo.run,https://booboo.run,True,error:ClientConnectorDNSError,
blog.tsio.top,https://blog.tsio.top,True,OpenResty,openresty
lycoris.cloud,https://www.lycoris.cloud,True,error:ServerDisconnectedError,
qvp.moe,https://qvp.moe,True,Caddy,Caddy
mnzn.me,https://mnzn.me,True,,ESA
huangbo.me,https://www.huangbo.me/,True,error:ClientConnectorError,
imjipa.top,https://imjipa.top,True,Nginx; PHP,nginx
fogflea.com,https://www.fogflea.com,True,Cloudflare,cloudflare
blog.255650.xyz,https://blog.255650.xyz,True,Vercel,Vercel
pamusi.com,https://pamusi.com,True,OpenResty; PHP,openresty
thjiang.com,https://www.thjiang.com/,True,腾讯云COS,tencent-cos
iots.vip,https://www.iots.vip,True,,Lego Server
blog.lovelu.top,https://blog.lovelu.top,True,Nginx,nginx
shiquda.link,https://shiquda.link/,True,Cloudflare,cloudflare
pigwan.me,https://pigwan.me,True,CDN (generic); Nginx,nginx
project.chukogals.top,https://project.chukogals.top/,True,Cloudflare,cloudflare
hongliu.icu,https://hongliu.icu,True,Varnish; Fastly; GitHub Pages; CDN (generic); Cloudflare,cloudflare
qs100371.top,https://qs100371.top,True,Nginx,nginx/1.20.1
ittongxue.cn,https://www.ittongxue.cn,True,error:ClientConnectorDNSError,
blog.anheyu.com,https://blog.anheyu.com,True,Next.js; Nginx,nginx
littlefean.github.io,https://littlefean.github.io/,True,Fastly; GitHub Pages; CDN (generic); Varnish,GitHub.com
mgrowup.com,https://mgrowup.com/,True,OpenResty,openresty
57767.top,https://57767.top,True,Nginx,nginx/1.22.1
nkmon.com,https://www.nkmon.com,True,Nginx,nginx
blog.yaqwq.top,https://blog.yaqwq.top,True,error:ClientConnectorSSLError,
ccgxk.com,https://www.ccgxk.com/,True,Nginx; PHP,nginx
luming.cool,https://luming.cool,True,,GuardFlame
lifengdi.com,https://www.lifengdi.com,True,Nginx,nginx
wayjam.me,https://wayjam.me,True,Vercel,Vercel
tiaobug.com,https://www.tiaobug.com,True,Nginx,nginx/1.20.1
axm.moe,https://axm.moe,True,Nginx,nginx
blog.7003410.xyz,https://blog.7003410.xyz,True,Cloudflare,cloudflare
blog.goodboyboy.top,https://blog.goodboyboy.top,True,,ESA
blog.hsmao.cn,https://blog.hsmao.cn,True,error:ClientConnectorDNSError,
xiaohuihui.cc,https://xiaohuihui.cc/,True,Nginx,nginx
blog.rickyxrc.cc,https://blog.rickyxrc.cc,True,Vercel,Vercel
shansan.top,https://shansan.top,True,Varnish; Fastly; GitHub Pages; CDN (generic); Cloudflare,cloudflare
lafoyer.com,https://www.lafoyer.com,True,Nginx,nginx
blog.ihtw.moe,https://blog.ihtw.moe,True,Cloudflare,cloudflare
mingcy.cn,https://mingcy.cn,True,Vercel,Vercel
min168.top,https://min168.top/,True,Varnish; Fastly; GitHub Pages; CDN (generic); Cloudflare,cloudflare
rikki.pub,https://rikki.pub,True,error:ClientConnectorDNSError,
we.owaii.net,https://we.owaii.net,True,error:ClientConnectorDNSError,
muidar.com,https://muidar.com,True,Cloudflare,cloudflare
7muo.top,https://7muo.top,True,error:ClientConnectorDNSError,
blog.mahoo12138.cn,https://blog.mahoo12138.cn,True,,TencentEdgeOne
blog.fantasyke.cn,https://blog.fantasyke.cn/,True,Cloudflare,cloudflare
eexuan.cn,https://www.eexuan.cn/,True,CDN (generic),QingyunPanel
blog.yasking.org,https://blog.yasking.org,True,Cloudflare,cloudflare
pipuwong.com,https://pipuwong.com,True,Cloudflare,cloudflare
blog.hadream.ltd,https://blog.hadream.ltd,True,Cloudflare,cloudflare
blog.lfyszy.top,https://blog.lfyszy.top/,True,error:ClientConnectorDNSError,
home.yesord.top,https://home.yesord.top,True,Varnish; Fastly; GitHub Pages; CDN (generic); Cloudflare,cloudflare
blog.starchen.top,https://blog.starchen.top/,True,Nginx,nginx
blog.xbxin.com,https://blog.xbxin.com,True,Vercel,Vercel
zyyo.net,https://zyyo.net,True,OpenResty,openresty
blog.peiluming.com,https://blog.peiluming.com,True,PHP; Apache,Apache/2.4.57 (Debian)
amber6hua.github.io,https://amber6hua.github.io,True,Varnish; Fastly; GitHub Pages; CDN (generic); Cloudflare,cloudflare
kaitaku.xyz,https://www.kaitaku.xyz,True,,edgeone-pages
leorain.cn,https://www.leorain.cn/,True,又拍云; CDN (generic); Tengine (阿里云),Tengine
rqdmap.top,https://www.rqdmap.top,True,Nginx,nginx/1.22.1
luodeb.top,https://www.luodeb.top,True,阿里云OSS,AliyunOSS
bluelanm.github.io,https://bluelanm.github.io/,True,Fastly; GitHub Pages; CDN (generic); Varnish,GitHub.com
shifeiyu.cn,https://shifeiyu.cn,True,Cloudflare,cloudflare
malei.net,https://www.malei.net,True,Cloudflare,cloudflare
t-t.live,https://t-t.live/,True,OpenResty,openresty
80srz.com,https://www.80srz.com,True,CDN (generic); Nginx,nginx
blog.viki.moe,https://blog.viki.moe,True,Next.js; Vercel,Vercel
blog.imsyy.top,https://blog.imsyy.top/,True,Vercel,Vercel
jikehou.cn,https://jikehou.cn,True,Vercel,Vercel
miyamura.top,https://miyamura.top,True,,edgeone-pages
his2nd.life,https://his2nd.life,True,Cloudflare,cloudflare
blog.huaxiangshan.com,https://blog.huaxiangshan.com/zh-cn/,True,Fastly; GitHub Pages; CDN (generic); Varnish,GitHub.com
uomn.cn,https://www.uomn.cn,True,error:ClientConnectorDNSError,
blog.zhuyu.xyz,https://blog.zhuyu.xyz,True,Nginx; PHP,nginx/1.22.1
echeverra.cn,https://echeverra.cn,True,Nginx,nginx
justpureh2o.cn,https://justpureh2o.cn/,True,Vercel,Vercel
blog.moew.xyz,https://blog.moew.xyz,True,又拍云,marco/3.2
743.world,https://743.world,True,,ESA
safe.cafe,https://safe.cafe,True,,edgeone-pages
yunyanck.cn,https://www.yunyanck.cn,True,Nginx,nginx
xrpyq.com,https://www.xrpyq.com/page/links,True,CDN (generic),web cache
hmily.ren,https://www.hmily.ren,True,Nginx,nginx/1.31.0
codeqihan.com,https://www.codeqihan.com,True,Cloudflare,cloudflare
26464342.xyz,https://26464342.xyz,True,error:ClientConnectorDNSError,
blog.levnli.cn,https://blog.levnli.cn,True,Nginx,nginx/1.21.5
emohe.cn,https://emohe.cn,True,Vercel,Vercel
howiehz.top,https://howiehz.top,True,,VeilX/Edge-1.0
rikka.im,https://rikka.im,True,Cloudflare,cloudflare
blog.zhipro.com,https://blog.zhipro.com/,True,Cloudflare,cloudflare
kekkj123.github.io,https://kekkj123.github.io/,True,Fastly; GitHub Pages; CDN (generic); Varnish,GitHub.com
moriform.com,https://moriform.com,True,PHP; Apache,Apache/2.4.65 (Debian)
blog.xavierskip.com,https://blog.xavierskip.com/,True,Fastly; GitHub Pages; CDN (generic); Varnish,GitHub.com
tdeh.top,https://tdeh.top,True,Cloudflare,cloudflare
blog.liushen.fun,https://blog.liushen.fun,True,Cloudflare,cloudflare
duanyll.com,https://duanyll.com,True,Varnish; Fastly; GitHub Pages; CDN (generic); Cloudflare,cloudflare
烫烫烫的锟斤拷.top,https://烫烫烫的锟斤拷.top/,True,Cloudflare,cloudflare
blog.andyjin.website,https://blog.andyjin.website,True,Cloudflare; Vercel,cloudflare
wsvaio.cn,https://wsvaio.cn,True,,
nuyoahbk.com,https://www.nuyoahbk.com,True,Nginx,nginx
liuchenyang.top,https://liuchenyang.top,True,Nginx,nginx
sizau.com,https://www.sizau.com,True,,TencentEdgeOne
imets.cn,https://www.imets.cn/,True,error:ClientConnectorError,
blog.zhanxy.cn,https://blog.zhanxy.cn/,True,Nginx,nginx
blog.ozzo.top,http://blog.ozzo.top,True,Cloudflare,cloudflare
kzhik.cn,https://www.kzhik.cn,True,OpenResty,openresty
oo.ct.ws,https://oo.ct.ws/,True,error:ClientConnectorDNSError,
blog.quenan.cn,https://blog.quenan.cn,True,Vercel,Vercel
anhaoyang.com,https://www.anhaoyang.com/,True,OpenResty,openresty
zebin-yue.top,https://www.zebin-yue.top/,True,Fastly; GitHub Pages; CDN (generic); Varnish,GitHub.com
qijieya.cn,https://qijieya.cn,True,,Byte-nginx
elisky.cn,https://elisky.cn,True,OpenResty,openresty
lyrashore.com,https://lyrashore.com,True,Cloudflare; Vercel,cloudflare
yuluo.xyz,https://yuluo.xyz,True,error:ClientConnectorDNSError,
hollowman.cn,https://hollowman.cn,True,Apache,Apache/2.4.52 (Ubuntu)
myxz.top,https://www.myxz.top,True,error:ClientConnectorDNSError,
louisfiy.com,https://louisfiy.com,True,Fastly; GitHub Pages; CDN (generic); Varnish,GitHub.com
zyxin.xyz,https://zyxin.xyz/blog,True,Fastly; GitHub Pages; CDN (generic); Varnish,GitHub.com
paddysun.top,https://www.paddysun.top,True,,TencentEdgeOne
geekswg.js.cool,https://geekswg.js.cool,True,Varnish; Fastly; GitHub Pages; CDN (generic); Cloudflare,cloudflare
dong27th.cn,https://www.dong27th.cn,True,Fastly; GitHub Pages; CDN (generic); Varnish,GitHub.com
bugcoder.asia,https://bugcoder.asia,True,error:ClientConnectorDNSError,
xze.cc,https://www.xze.cc,True,Nginx,nginx
sszsj.com,https://sszsj.com,True,Fastly; GitHub Pages; CDN (generic); Varnish,GitHub.com
blog.meta-code.top,https://blog.meta-code.top,True,Nginx,nginx
imgradeone.com,https://imgradeone.com,True,Cloudflare,cloudflare
hsuyeung.com,https://www.hsuyeung.com,True,Nginx,nginx/1.22.1
blog.onedabuliu.cn,https://blog.onedabuliu.cn/,True,error:ClientConnectorDNSError,
omn.cc,https://omn.cc,True,Cloudflare,cloudflare
lyconeko.com,https://www.lyconeko.com/,True,error:ClientConnectorDNSError,
11ao.cn,https://11ao.cn,True,OpenResty,openresty
weisay.com,https://www.weisay.com/blog/,True,又拍云,ESA
zywvvd.com,https://www.zywvvd.com,True,Fastly; GitHub Pages; CDN (generic); Varnish,GitHub.com
lner.top,https://lner.top,True,Nginx,nginx
sutdown.github.io,https://sutdown.github.io/,True,Fastly; GitHub Pages; CDN (generic); Varnish,GitHub.com
linmohan.fun,https://linmohan.fun/,True,Varnish; Fastly; GitHub Pages; CDN (generic); Cloudflare,cloudflare
xalaok.top,https://www.xalaok.top,True,Vercel,Vercel
iamdt.cn,https://www.iamdt.cn,True,又拍云; CDN (generic); Tengine (阿里云),Tengine
blog.lvbyte.top,https://blog.lvbyte.top,True,Cloudflare,cloudflare
jdzhao.com,https://jdzhao.com,True,CDN (generic); Nginx,nginx
xiaohanwu.com,https://www.xiaohanwu.com,True,Next.js; OpenResty,openresty
linjhs.top,https://linjhs.top/,True,,ESA
gshuo.space,https://gshuo.space/,True,Nginx; PHP,nginx
undf.top,https://undf.top/,True,error:ClientConnectorDNSError,
blog.gytxtx.top,https://blog.gytxtx.top/,True,Cloudflare,cloudflare
chenhe.me,https://chenhe.me,True,,edgeone-pages
sbsb.life,http://sbsb.life,False,error:ClientConnectorDNSError,
webjing.cn,https://www.webjing.cn,True,OpenResty,openresty
tyrantg.com,https://www.tyrantg.com,True,Next.js; Nginx,nginx
summergao.com,https://www.summergao.com,True,,
kissthisrain.cn,https://www.kissthisrain.cn/,True,CDN (generic); OpenResty,openresty
blog.mocn.top,https://blog.mocn.top,True,Netlify,Netlify
ultravires.me,https://ultravires.me/,True,Varnish; Fastly; GitHub Pages; CDN (generic); Cloudflare,cloudflare
blog.rabbitwebs.cn,https://blog.rabbitwebs.cn,True,error:ClientConnectorDNSError,
innatus.cn,https://innatus.cn/,True,,edgeone-pages
xkj.93665.xin,https://xkj.93665.xin/,True,Nginx,nginx
mingblog.site,https://mingblog.site,True,,ESA
nxxy335.top,https://nxxy335.top/,True,OpenResty,openresty
blog.wryhf.com,https://blog.wryhf.com/,True,Cloudflare,cloudflare
blog.jerryz.com.cn,https://blog.jerryz.com.cn,True,Vercel,Vercel
skyre.cn,https://www.skyre.cn,True,error:ClientConnectorDNSError,
pocs.cn,https://pocs.cn,True,,wts
indulgeback.github.io,https://indulgeback.github.io,True,Fastly; GitHub Pages; CDN (generic); Varnish,GitHub.com
blog.nekotc.cn,https://blog.nekotc.cn,True,Next.js,edgeone-pages
okace.cn,https://www.okace.cn,True,Tengine (阿里云),Tengine
haoyu233.com,https://www.haoyu233.com,True,,GuardFlame
cszj.wang,https://cszj.wang,True,,
qiukui-note.happy365.day,https://qiukui-note.happy365.day,True,Cloudflare,cloudflare
xbstack.com,https://xbstack.com,True,Cloudflare,cloudflare
blog.chino.mom,https://blog.chino.mom,True,Nginx,nginx
blog.zzppjj.top,https://blog.zzppjj.top,True,Nginx,nginx/1.27.1
blackbzy.com,https://www.blackbzy.com,True,Cloudflare,cloudflare
tianyezhou.com,https://tianyezhou.com,True,Cloudflare; Vercel,cloudflare
d-d.design,https://d-d.design,True,Nginx,nginx
tutouzhang.com,https://tutouzhang.com,True,Nginx,nginx
ski.ink,https://ski.ink,True,Varnish; Fastly; GitHub Pages; CDN (generic); Cloudflare,cloudflare
ziyunchu.com,https://ziyunchu.com,True,error:ClientConnectorSSLError,
lostdeer.xyz,https://lostdeer.xyz/,True,Cloudflare; Vercel,cloudflare
blog.musnow.top,https://blog.musnow.top,True,Netlify,Netlify
puresky.top,https://www.puresky.top,True,OpenResty,openresty
blog.awaae001.top,https://blog.awaae001.top/,True,Vercel,Vercel
blog.liuzhen932.top,https://blog.liuzhen932.top,True,Cloudflare,cloudflare
blog.fyz666.xyz,https://blog.fyz666.xyz/,True,Cloudflare,cloudflare
blog.fiveth.cc,https://blog.fiveth.cc/,True,Vercel,Vercel
blog.zekun.fun,https://blog.zekun.fun,True,Cloudflare,cloudflare
ichika.cc,https://ichika.cc,True,Apache,Apache
lorre.top,https://lorre.top,True,error:ClientConnectorError,
ayayy.com,https://ayayy.com/,True,Nginx,nginx
yao9e.cn,https://www.yao9e.cn/,True,腾讯云COS,tencent-cos
rl1.cc,https://rl1.cc,True,Nginx,nginx
ljscope.top,https://www.ljscope.top/,True,Nginx,nginx
ayu.land,https://ayu.land,True,Deno Deploy,deno/gcp-asia-southeast1
wmviv.com,https://www.wmviv.com,True,error:ServerDisconnectedError,
blog.moyuql.top,https://blog.moyuql.top,True,error:ClientConnectorDNSError,
ttio.cc,https://ttio.cc,True,Cloudflare,cloudflare
blog.jiyu134.top,https://blog.jiyu134.top/,True,Next.js; Nginx,nginx
blog.365sites.top,https://blog.365sites.top,True,error:ClientConnectorDNSError,
beni.pub,https://beni.pub,True,Cloudflare,cloudflare
serialist.top,https://www.serialist.top/,True,Fastly; GitHub Pages; CDN (generic); Varnish,GitHub.com
lznauy.cn,https://lznauy.cn/,True,Nginx,nginx/1.24.0 (Ubuntu)
blog.loveyou.moe,https://blog.loveyou.moe,True,Vercel,Vercel
blog.goatpretty.com,https://blog.goatpretty.com/,True,Cloudflare,cloudflare
lisz.me,https://lisz.me,True,Netlify,Netlify
joomaen.com,https://www.joomaen.com,True,Cloudflare; PHP,cloudflare
cheng.st,https://cheng.st,True,CDN (generic),AmazonS3
diary.bid,https://diary.bid,True,Nginx,nginx
zzzhome.cc,https://zzzhome.cc,True,Cloudflare,cloudflare
zerowolf.cn,https://zerowolf.cn/,True,又拍云; PHP,ESA
xscnet.cn,https://www.xscnet.cn/,True,OpenResty,openresty
shrinken.pw,https://shrinken.pw,True,OpenResty; PHP,openresty
oyiso.cn,https://oyiso.cn,True,Nginx; PHP,nginx
blog.aiheadn.cn,https://blog.aiheadn.cn/,True,OpenResty,openresty
java78.com,https://www.java78.com,True,OpenResty,openresty
itylq.com,https://www.itylq.com,True,Nginx,nginx
blog.qgmzmy.me,https://blog.qgmzmy.me,True,Cloudflare; PHP,cloudflare
blog.stoh.cc,https://blog.stoh.cc/,True,Cloudflare,cloudflare
blog.245179.xyz,https://blog.245179.xyz/,True,Cloudflare,cloudflare
blog.canmoe.com,https://blog.canmoe.com,True,Cloudflare,cloudflare
furryowo.top,https://www.furryowo.top/,True,Cloudflare; PHP,cloudflare
panjinbo.com,https://www.panjinbo.com,True,CDN (generic),AmazonS3
indude.cn,https://indude.cn/,True,,TencentEdgeOne
wellobserve.com,https://www.wellobserve.com,True,Apache,Apache/2.4.41 (Ubuntu)
wyjmew.cn,https://wyjmew.cn,True,Cloudflare,cloudflare
lemonkoi.one,https://lemonkoi.one,True,Netlify; Next.js; Cloudflare,cloudflare
fuxes.cn,https://fuxes.cn/,True,又拍云; CDN (generic); Tengine (阿里云),Tengine
blog.gxres.net,https://blog.gxres.net,True,Cloudflare,cloudflare
likepoems.com,https://likepoems.com,True,OpenResty,openresty
wanyijizi.com,https://wanyijizi.com,True,error:ServerDisconnectedError,
aicsuk.net,https://www.aicsuk.net,True,Cloudflare,cloudflare
linexic.top,https://linexic.top/,True,Vercel,Vercel
juniortree.com,https://www.juniortree.com,True,,edgeone-pages
blog.393837.xyz,https://blog.393837.xyz/,True,Vercel,Vercel
yangzhang.site,https://yangzhang.site,True,Cloudflare,cloudflare
bytecho.net,https://www.bytecho.net,True,OpenResty,openresty
leonis.cc,https://leonis.cc,True,Nginx,nginx/1.26.1
blog.storia.ren,https://blog.storia.ren/,True,Vercel,Vercel
blog.shenyouchu.cn,https://blog.shenyouchu.cn/,True,,edgeone-pages
xyhelper.top,https://xyhelper.top,True,,
cheapy.top,https://cheapy.top,True,CDN (generic); Express/Node.js,BunnyCDN-JP1-1150
treemoe.cn,https://www.treemoe.cn,True,Cloudflare; PHP,cloudflare
a0v0a.cn,https://www.a0v0a.cn,True,error:ServerDisconnectedError,
boyoung.top,https://www.boyoung.top,True,OpenResty; PHP,openresty
yourlai.com,https://yourlai.com,True,Cloudflare,cloudflare
fish9.cn,https://www.fish9.cn,True,,Lego Server
jerrychoices.cn,https://jerrychoices.cn,True,error:ClientConnectorDNSError,
yourlai.icu,https://yourlai.icu,True,Cloudflare,cloudflare
mubeiyizhimao.top,https://www.mubeiyizhimao.top,True,Nginx,nginx
sunnyfly.com,https://www.sunnyfly.com/,True,Nginx,nginx
blog.xiaoda.fun,https://blog.xiaoda.fun,True,,xiaoda-web
blog.hanta2011.top,https://blog.hanta2011.top,True,,edgeone-pages
blog.ymbit.cn,https://blog.ymbit.cn,True,又拍云,ESA
blog.fohok.xin,https://blog.fohok.xin,True,,SpeedOnlineCDN - https://www.speedonline.cloud
blog.codestar.top,https://blog.codestar.top,True,Varnish; Fastly; GitHub Pages; CDN (generic); Cloudflare,cloudflare
jame.work,https://jame.work,True,Varnish; Fastly; GitHub Pages; CDN (generic); Cloudflare,cloudflare
linzekai.cn,https://www.linzekai.cn/,True,Varnish; Fastly; GitHub Pages; CDN (generic); Cloudflare,cloudflare
blog.icybit.cn,https://blog.icybit.cn,True,CDN (generic); Cloudflare,cloudflare
blog.danzaii.cn,https://blog.danzaii.cn,True,Fastly; GitHub Pages; CDN (generic); Varnish,GitHub.com
xiaoxi.ac.cn,https://www.xiaoxi.ac.cn,True,,ESA
aciano.top,https://aciano.top/,True,Vercel,Vercel
blog.guuguai.site,https://blog.guuguai.site/,True,Netlify,Netlify
gorpeln.top,https://gorpeln.top,True,Fastly; GitHub Pages; CDN (generic),GitHub.com
blog.lehman.top,https://blog.lehman.top,True,Nginx,nginx
liunian.cc,https://www.liunian.cc/,True,Nginx,nginx
colsrch.cn,https://colsrch.cn,True,Vercel,Vercel
jhwiki.com,https://www.jhwiki.com/,True,Vercel,Vercel
shoka.lostyu.me,https://shoka.lostyu.me,True,Varnish; Fastly; GitHub Pages; CDN (generic); Cloudflare,cloudflare
fengcblog.880200.xyz,https://fengcblog.880200.xyz/,True,Cloudflare,cloudflare
blog.yiming1234.cn,https://blog.yiming1234.cn,True,Nginx,nginx
pym.plus,https://pym.plus,True,,TencentEdgeOne
pgoj.top,https://www.pgoj.top,True,LiteSpeed,LiteSpeed
cicode.cn,https://www.cicode.cn,True,error:ClientConnectorDNSError,
zihan.show,https://www.zihan.show,True,OpenResty; PHP,openresty
dangeer.com,https://dangeer.com/,True,Vercel,Vercel
meuicat.com,https://meuicat.com,True,Nginx,nginx
blog.xenoecho.top,https://blog.xenoecho.top/,True,,edgeone-pages
everett.top,https://www.everett.top/,True,error:ClientConnectorDNSError,
mrskye.cn,https://www.mrskye.cn,True,Varnish; Fastly; GitHub Pages; CDN (generic); Cloudflare,cloudflare
zyx-2012.xyz,https://zyx-2012.xyz/,True,error:ClientConnectorDNSError,
azusemisa.top,https://azusemisa.top,True,Nginx,nginx/1.24.0 (Ubuntu)
x8xx.cn,https://www.x8xx.cn,True,CDN (generic); Nginx,nginx
xiaofengqwq.com,https://xiaofengqwq.com,True,Cloudflare,cloudflare
blog.chaunceychi.fun,https://blog.chaunceychi.fun,True,Nginx,nginx/1.24.0 (Ubuntu)
blog.drearry.com,https://blog.drearry.com/,True,Nginx,nginx
diraw.top,https://diraw.top/,True,,ESA
kwokronny.com,https://www.kwokronny.com/,True,CDN (generic); Varnish,APISIX/3.14.0
blog.wyc.cc,https://blog.wyc.cc,True,,edgeone-pages
7boe.top,https://7boe.top,True,OpenResty,openresty
blog.shineyu.cn,https://blog.shineyu.cn,True,error:ClientOSError,
blog.verynb.net,https://blog.verynb.net,True,Vercel,Vercel
blog.teadrink.me,https://blog.teadrink.me/,True,Cloudflare,cloudflare
blog.cmyr.ltd,https://blog.cmyr.ltd,True,Vercel,Vercel
blog.borber.top,https://blog.borber.top/,True,Vercel,Vercel
catcat.blog,https://catcat.blog,True,Cloudflare,cloudflare
suemor.com,https://suemor.com,True,Next.js; OpenResty,openresty
overstars.github.io,https://overstars.github.io/,True,Fastly; GitHub Pages; CDN (generic); Varnish,GitHub.com
bena.cn,https://www.bena.cn,True,,
blog.tengfei.website,https://blog.tengfei.website,True,LiteSpeed,LiteSpeed
blog.veitzn.top,https://blog.veitzn.top,True,Nginx,nginx
hk256.top,https://www.hk256.top/,True,Vercel,Vercel
rylan.cn,https://rylan.cn/,True,Next.js; Vercel,Vercel
montylee.cn,https://www.montylee.cn,True,Vercel,Vercel
blog.kengwang.com.cn,https://blog.kengwang.com.cn,True,OpenResty; PHP,openresty
ie12blog.36102025.xyz,https://ie12blog.36102025.xyz/,True,Cloudflare,cloudflare
wangjiezhe.com,https://wangjiezhe.com,True,,ESA
blog.helim.net,https://blog.helim.net,True,error:ClientConnectorDNSError,
zachariah.run,https://zachariah.run/,True,Nginx,nginx/1.18.0 (Ubuntu)
pandax.wiki,https://pandax.wiki,True,Nginx,nginx
blog.ziyege.com,https://blog.ziyege.com/,True,Nginx,nginx
careful.fyi,https://careful.fyi,True,Cloudflare,cloudflare
liuyude.com,https://liuyude.com,True,Nginx,nginx
zigzagk.top,https://zigzagk.top,True,Nginx,nginx/1.18.0
skae.top,https://skae.top/,True,Vercel,Vercel
shape.kloudy.cn,https://shape.kloudy.cn,True,Nginx,nginx
blog.fivezha.cn,https://blog.fivezha.cn,True,error:ClientConnectorDNSError,
blog.marice.top,https://blog.marice.top/,True,Nginx; Vercel,Nginx
dawnteam.cn,https://www.dawnteam.cn,True,Cloudflare,cloudflare
hadongzhu.com,https://hadongzhu.com/,True,Nginx; PHP,nginx
apurer.cn,https://apurer.cn,True,又拍云; CDN (generic); Tengine (阿里云),Tengine
blog.tsukistar.cc,https://blog.tsukistar.cc/,True,Cloudflare,cloudflare
yrian.top,https://www.yrian.top/,True,Vercel,Vercel
blogwinter.top,https://blogwinter.top,True,error:ClientConnectorError,
dusays.com,https://dusays.com,True,OpenResty,openresty
fec.xyz,https://www.fec.xyz/,True,Nginx,nginx
blog.luckyfishes.site,https://blog.luckyfishes.site,True,Vercel,Vercel
mriansy.cn,https://www.mriansy.cn,True,,ESA
webfem.com,https://webfem.com/,True,Nginx; Express/Node.js,nginx/1.18.0 (Ubuntu)
blog.haojin.li,https://blog.haojin.li,True,Varnish; Fastly; GitHub Pages; CDN (generic); Cloudflare,cloudflare
hilxy.com,https://hilxy.com/,True,OpenResty,openresty
blog.ninc.top,https://blog.ninc.top,True,又拍云,ESA
uctb.cn,https://www.uctb.cn/,True,Nginx,nginx
boiltask.com,https://boiltask.com,True,,edgeone-pages
blog.trotyl.xyz,https://blog.trotyl.xyz,True,Vercel,Vercel
rua.ink,https://www.rua.ink,True,Cloudflare,cloudflare
g-haoyu.top,https://g-haoyu.top/,True,Cloudflare,cloudflare
mskclover.com,https://mskclover.com,True,Varnish; Fastly; GitHub Pages; CDN (generic); Cloudflare,cloudflare
iktao.cn,https://iktao.cn,True,error:ClientConnectorError,
xcshare.site,https://xcshare.site,True,,wts
yeqi.net,https://yeqi.net,True,error:ClientConnectorDNSError,
blueke.top,https://www.blueke.top,True,error:ClientConnectorSSLError,
megatontech.github.io,https://megatontech.github.io,True,Fastly; GitHub Pages; CDN (generic); Varnish,GitHub.com
amisblog.cn,https://www.amisblog.cn,True,Vercel,Vercel
blog.alayedong.cn,https://blog.alayedong.cn/,True,Vercel,Vercel
qninq.cn,https://qninq.cn,True,OpenResty; PHP,openresty
flyday.top,https://www.flyday.top/,True,error:ClientConnectorDNSError,
pic.ffnb.top,https://pic.ffnb.top,True,error:ClientConnectorDNSError,
chrisfu.cn,https://chrisfu.cn/,True,Cloudflare,cloudflare
xiaokang.me,https://xiaokang.me,True,Vercel,Vercel
cuixinxin.cn,https://cuixinxin.cn,True,Nginx,nginx
illusional.top,https://www.illusional.top/,True,error:ClientConnectorError,
summerpond.cn,https://www.summerpond.cn,True,Nginx,nginx/1.21.5
yucol.top,https://yucol.top,True,OpenResty,openresty
xiaolai.cc,https://www.xiaolai.cc,True,Cloudflare; Vercel,cloudflare
royc30ne.com,https://www.royc30ne.com,True,Cloudflare,cloudflare
bluesdawn.top,https://www.bluesdawn.top,True,,edgeone-pages
ooo.vg,https://www.ooo.vg,True,Cloudflare,cloudflare
tntmcbbs.cn,https://www.tntmcbbs.cn/,True,Nginx,nginx
miraii.cn,https://miraii.cn,True,又拍云,ESA
ysicing.me,https://ysicing.me,True,Cloudflare,cloudflare
blog.twofei.com,https://blog.twofei.com,True,Nginx,nginx/1.28.3
wang618.cn,https://wang618.cn,True,Nginx,nginx
alantorp.online,https://www.alantorp.online,True,Cloudflare,cloudflare
logdict.com,https://www.logdict.com,True,Cloudflare,cloudflare
denvoshome.xyz,https://www.denvoshome.xyz/,True,Vercel,Vercel
blog.likesrt.com,"https://blog.likesrt.com",True,OpenResty,openresty
ww-fs.com,https://ww-fs.com,True,Cloudflare,cloudflare
lxink.cn,https://www.lxink.cn/,True,Next.js,ESA
blog.lichenghao.cn,https://blog.lichenghao.cn,True,Cloudflare,cloudflare
mengxiblog.top,https://www.mengxiblog.top,True,,edgeone-pages
soogf.com,https://soogf.com/,True,Netlify,Netlify
micfong.space,https://micfong.space,True,Next.js; Vercel,Vercel
ishya.top,https://ishya.top,True,腾讯云COS,tencent-cos
blog.y1yan.com,https://blog.y1yan.com,True,OpenResty; PHP,openresty
amjun.com,https://www.amjun.com/,True,OpenResty; PHP,openresty/1.29.2.5
furrycon.top,https://furrycon.top/,True,Cloudflare,cloudflare
blog.xcnya.cn,https://blog.xcnya.cn,True,Cloudflare,cloudflare
xiangshu233.cn,https://www.xiangshu233.cn,True,Vercel,Vercel
blog.shiguang666.eu.org,https://blog.shiguang666.eu.org,True,Fastly; GitHub Pages; CDN (generic); Varnish,GitHub.com
blog.yunshu.site,https://blog.yunshu.site,True,OpenResty,openresty
blog.aizrf.com,https://blog.aizrf.com/,True,Cloudflare,cloudflare
blog.dimeta.top,https://blog.dimeta.top/,True,OpenResty,openresty
ztrztr.top,https://ztrztr.top,True,,
zheep.top,https://www.zheep.top/,True,CDN (generic),Starxn/starxn.com
rainmorime.com,https://rainmorime.com,True,Next.js; Nginx,nginx
ddf.im,https://www.ddf.im,True,Apache,Apache/2
blog.aloys233.top,https://blog.aloys233.top,True,Vercel,Vercel
libmbr.com,https://www.libmbr.com,True,Nginx,nginx
iflux.art,https://iflux.art/,True,Vercel,Vercel
blog.224418.xyz,https://blog.224418.xyz/,True,Vercel,Vercel
yisibuwang.top,https://www.yisibuwang.top/,True,,edgeone-pages
xifeng.net,https://xifeng.net,True,Next.js; Nginx,nginx
baiyuyu.com,https://www.baiyuyu.com,True,Tengine (阿里云),Tengine
wikimoe.com,https://www.wikimoe.com/,True,Cloudflare,cloudflare
7bxing.com,https://7bxing.com,True,Vercel,Vercel
lik.cc,https://www.lik.cc/,True,OpenResty,openresty
zxs.me,https://zxs.me,True,Nginx,nginx
littlenyima.github.io,https://littlenyima.github.io,True,Fastly; GitHub Pages; CDN (generic); Varnish,GitHub.com
blog.boychai.xyz,https://blog.boychai.xyz/,True,error:ClientConnectorDNSError,
starlinglin.top,https://www.starlinglin.top/,True,Cloudflare,cloudflare
blog.kkii.org,https://blog.kkii.org,True,Cloudflare,cloudflare
jssolo.com,https://www.jssolo.com,True,CDN (generic); Cloudflare,cloudflare
huiyex.top,https://www.huiyex.top,True,OpenResty,openresty
jdjwzx233.cn,https://www.jdjwzx233.cn,True,,edgeone-pages
blog.806006.xyz,https://blog.806006.xyz,True,腾讯云COS,tencent-cos
umb.ink,https://umb.ink/,True,Next.js; Nginx,nginx/1.18.0 (Ubuntu)
blog.reverier16.com,https://blog.reverier16.com/,True,error:ClientConnectorDNSError,
qwq.me,https://qwq.me,True,Nginx,nginx/1.27.4
blog.000k.de,https://blog.000k.de/,True,Cloudflare,cloudflare
leenet.xyz,https://leenet.xyz/,True,Vercel,Vercel
mmoe.work,https://mmoe.work,True,Netlify,Netlify
edony.ink,https://www.edony.ink/,True,Varnish; CDN (generic); Cloudflare; Fastly,cloudflare
devzhi.com,https://www.devzhi.com,True,,edgeone-pages
feidaoboke.com,https://www.feidaoboke.com,True,Nginx,nginx
huiris.com,https://huiris.com,True,Apache,Apache/2.4.7 (CentOS)
guzhengsvt.cn,https://guzhengsvt.cn/,True,Fastly; GitHub Pages; CDN (generic); Varnish,GitHub.com
imfurry.com,https://imfurry.com/,True,Nginx,nginx
mirari.cc,https://mirari.cc/,True,Cloudflare,cloudflare
qaqme.cn,https://www.qaqme.cn/,True,Nginx; PHP,nginx/1.25.4
blog.cuger.cn,https://blog.cuger.cn,True,,edgeone-pages
skylan.cc,https://skylan.cc/,True,Nginx,nginx
fs1m.com,https://fs1m.com/,True,又拍云,marco/3.2
blog.weichky.com,https://blog.weichky.com,True,Cloudflare,cloudflare
blog.liseezn.top,https://blog.liseezn.top,True,Cloudflare,cloudflare
next-page.cn,https://www.next-page.cn,True,error:ClientConnectorError,
xhd0728.github.io,https://xhd0728.github.io/,True,Fastly; GitHub Pages; CDN (generic); Varnish,GitHub.com
blog.tdrme.cn,https://blog.tdrme.cn/,True,OpenResty,openresty
notes.smallbamboo.cn,https://notes.smallbamboo.cn,True,Nginx,nginx
allenyou.wang,https://www.allenyou.wang,True,Nginx,nginx
siax.cn,https://siax.cn,True,Vercel,Vercel
blog.gankudadiz.com,https://blog.gankudadiz.com/,True,Nginx,nginx
blog.leihub.cn,https://blog.leihub.cn/,True,,TencentEdgeOne
timochan.cn,https://www.timochan.cn,True,ASP.NET; Caddy,Caddy/2.8.4
blog.nekomoyi.com,https://blog.nekomoyi.com,True,Cloudflare,cloudflare
blog.dort.me,https://blog.dort.me/,True,Cloudflare,cloudflare
fang.blog.miri.site,https://fang.blog.miri.site,True,Nginx,nginx
blog.chen-di.com,https://blog.chen-di.com,True,Cloudflare,cloudflare
codenebula.netlify.app,https://codenebula.netlify.app,True,Netlify,Netlify
ecylt.top,https://www.ecylt.top/,True,,WZH-Team [C-V] Firewall
ppyia.com,https://ppyia.com,True,OpenResty; PHP,openresty
imszz.com,https://imszz.com,True,Vercel,Vercel
yidiankuaile.com,https://www.yidiankuaile.com,True,Nginx,nginx
hiwannz.com,https://hiwannz.com,True,Cloudflare,cloudflare
blog.yuse.cc,https://blog.yuse.cc,True,Cloudflare,cloudflare
wpironman.top,https://www.wpironman.top/,True,Varnish; Fastly; GitHub Pages; CDN (generic); Cloudflare,cloudflare
xenwayne.top,https://xenwayne.top,True,Varnish; Fastly; GitHub Pages; CDN (generic); Cloudflare,cloudflare
blog.weidows.tech,https://blog.weidows.tech,True,Fastly; GitHub Pages; CDN (generic); Varnish,GitHub.com
dhkk.cn,https://www.dhkk.cn,True,Nginx,nginx
shimoko.com,https://www.shimoko.com,True,,edgeone-pages
yc100.github.io,https://yc100.github.io/,True,Fastly; GitHub Pages; CDN (generic); Varnish,GitHub.com
mengbooo.github.io,https://mengbooo.github.io/BemoDB/,True,Fastly; GitHub Pages; CDN (generic); Varnish,GitHub.com
blog.zhoujump.club,https://blog.zhoujump.club/,True,,edgeone-pages
wcowin.work,https://wcowin.work/,True,Fastly; GitHub Pages; CDN (generic); Varnish,GitHub.com
xuzhou-jiang.su,https://xuzhou-jiang.su,True,Cloudflare,cloudflare
blog.hesiy.cn,https://blog.hesiy.cn,True,Cloudflare,cloudflare
blog.kclub.tech,https://blog.kclub.tech/,True,Varnish; Fastly; GitHub Pages; CDN (generic); Cloudflare,cloudflare
olive-r.cn,https://www.olive-r.cn,True,error:ClientConnectorDNSError,
sliun.com,https://sliun.com/,True,Cloudflare,cloudflare
pinaland.cn,https://pinaland.cn/,True,,ESA
tihu.github.io,https://tihu.github.io/tihu-hugo-blog/,True,Fastly; GitHub Pages; CDN (generic); Varnish,GitHub.com
yozll.com,https://www.yozll.com,True,error:ClientConnectorDNSError,
magma.ink,https://magma.ink,True,Vercel,Vercel
blog.jackeylea.com,https://blog.jackeylea.com,True,Nginx,nginx
windy.ink,https://windy.ink/,True,Nginx,nginx
vaultattic.cn,https://www.vaultattic.cn/,True,OpenResty,openresty
blog.xecades.xyz,https://blog.xecades.xyz,True,Cloudflare; Vercel,cloudflare
liwanr.com,https://liWanr.com,True,Cloudflare,cloudflare
vinking.top,https://www.vinking.top,True,Next.js; Vercel,Vercel
xd.sh.cn,https://xd.sh.cn,True,Nginx,nginx
koxiuqiu.cn,https://koxiuqiu.cn,True,error:ClientConnectorDNSError,
nickwald.top,https://www.nickwald.top/,True,Nginx,nginx
kaffa.im,https://kaffa.im,True,Cloudflare,cloudflare
pandakon.cn,https://pandakon.cn/,True,Nginx,nginx
ymiir.asia,https://ymiir.asia/,True,Fastly; GitHub Pages; CDN (generic); Varnish,GitHub.com
yangda.vip,https://yangda.vip/,True,OpenResty,openresty
shiyin.cafe,https://shiyin.cafe/,True,,TencentEdgeOne
sycamore.top,https://www.sycamore.top,True,Fastly; GitHub Pages; CDN (generic); Varnish,GitHub.com
pinpe.top,https://pinpe.top,True,Vercel,Vercel
blog.rainiar.top,https://blog.rainiar.top,True,又拍云,marco/3.2
blog.uuanqin.top,https://blog.uuanqin.top/,True,Cloudflare,cloudflare
zhouwenzhe.com,https://zhouwenzhe.com,True,Fastly; GitHub Pages; CDN (generic); Varnish,GitHub.com
blog.bsgun.cn,https://blog.bsgun.cn/,True,,edgeone-pages
666wxy666.github.io,https://666wxy666.github.io,True,Fastly; GitHub Pages; CDN (generic); Varnish,GitHub.com
blog.amoswu.top,https://blog.amoswu.top,True,Varnish; Fastly; GitHub Pages; CDN (generic); Cloudflare,cloudflare
xiaonie.me,https://xiaonie.me,True,OpenResty,openresty
sudachi.top,https://sudachi.top,True,Vercel,Vercel
volatile.qzz.io,https://volatile.qzz.io/,True,Cloudflare; Vercel,cloudflare
yzyyz.top,https://yzyyz.top,True,Fastly; GitHub Pages; CDN (generic),GitHub.com
blog.chendi.com,https://blog.chendi.com,True,error:ClientConnectorError,
youngsforever.online,https://www.youngsforever.online,True,Nginx,nginx
blog.leoo.fun,https://blog.leoo.fun/,True,error:ClientConnectorDNSError,
blog.cancin.cn,https://blog.cancin.cn/,True,Vercel,Vercel
kinsey973.github.io,https://kinsey973.github.io/,True,Varnish; Fastly; GitHub Pages; CDN (generic); Cloudflare,cloudflare
i.bbb-lsy07.sbs,https://i.bbb-lsy07.sbs,True,error:ClientConnectorDNSError,
upxuu.com,https://upxuu.com,True,Cloudflare; Vercel,cloudflare
denki.top,https://denki.top/,True,OpenResty,openresty
err0r.top,https://err0r.top,True,Varnish; Fastly; GitHub Pages; CDN (generic); Cloudflare,cloudflare
blog.xp6.top,https://blog.xp6.top,True,Next.js; Nginx,nginx
b.wihi.top,https://b.wihi.top,True,Vercel,CxEdge
lakeus.xyz,https://lakeus.xyz,True,Cloudflare,cloudflare
xn--yetq47i.top,https://www.xn--yetq47i.top/,True,Nginx,nginx
mioz.life,https://www.mioz.life/,True,Vercel,Vercel
fat-old-eight.github.io,https://fat-old-eight.github.io,True,Fastly; GitHub Pages; CDN (generic); Varnish,GitHub.com
blog.moyanjdc.top,https://blog.moyanjdc.top/,True,Cloudflare; PHP,cloudflare
529464.xyz,https://529464.xyz/,True,Varnish; Fastly; GitHub Pages; CDN (generic); Cloudflare,cloudflare
blog.zzzdc.com,https://blog.zzzdc.com,True,Cloudflare,cloudflare
blog.hakochest.cn,https://blog.hakochest.cn,True,OpenResty,openresty
cworld0.com,https://cworld0.com/,True,Vercel,Vercel
blog.furen.link,https://blog.furen.link,True,Netlify,Netlify
soulchild.cn,https://soulchild.cn,True,Cloudflare; Vercel,cloudflare
yanghuaxing.com,https://www.yanghuaxing.com,True,Nginx,nginx
ikamusume7.org,https://www.ikamusume7.org,True,Cloudflare,cloudflare
blog.dhbxs.top,https://blog.dhbxs.top,True,,edgeone-pages
yuejiaxin.ln.cn,https://yuejiaxin.ln.cn/,True,Tengine (阿里云),Tengine
pengs.top,https://pengs.top/,True,Nginx,nginx
silverisky.com,https://silverisky.com,True,Cloudflare; PHP,cloudflare
blog.7wate.com,https://blog.7wate.com,True,Cloudflare,cloudflare
land.hash.moe,https://land.hash.moe/,True,Cloudflare,cloudflare
arcwolf.top,https://www.arcwolf.top,True,,edgeone-pages
xiaoa.me,https://xiaoa.me,True,Nginx,nginx
ffnb.top,https://ffnb.top,True,Nginx,nginx
nekro.top,https://www.nekro.top/,True,Vercel,Vercel
blog.stevenw.cc,https://blog.stevenw.cc,True,Cloudflare,cloudflare
blog.akimio.top,https://blog.akimio.top,True,Cloudflare,cloudflare
zhx-blog.top,https://www.zhx-blog.top/,True,OpenResty,openresty
vjo.cc,https://vjo.cc,True,error:ServerDisconnectedError,
mepic.cn,https://www.mepic.cn,True,Nginx,nginx
kulafan.com,https://www.kulafan.com/,True,Fastly; GitHub Pages; CDN (generic),GitHub.com
bestoko.cc,https://bestoko.cc/,True,Varnish; Fastly; GitHub Pages; CDN (generic); Cloudflare,cloudflare
liangqianxing.github.io,https://liangqianxing.github.io/,True,Fastly; GitHub Pages; CDN (generic); Varnish,GitHub.com
irr.ink,https://irr.ink,True,Vercel,Vercel
linlexiao.com,https://linlexiao.com,True,Apache,Apache/2.4.6 (CentOS) OpenSSL/1.0.2k-fips PHP/7.3.33
wp.qwq2022.top,https://wp.qwq2022.top,True,Cloudflare,cloudflare
blog.tibrella.space,https://blog.tibrella.space,True,Netlify,Netlify
aajax.top,https://aajax.top,True,Cloudflare,cloudflare
lib.sci-adv.cc,https://lib.sci-adv.cc,True,Apache,Apache
leetfs.com,https://leetfs.com/,True,Nginx,nginx/1.22.1
ztgdblog.icu,https://ztgdblog.icu/,True,Nginx; PHP,nginx
misakamoe.com,https://misakamoe.com,True,Cloudflare,cloudflare
mrrxx.com,https://www.mrrxx.com,True,Nginx,nginx/1.20.2
loliloli.moe,https://loliloli.moe,True,Cloudflare,cloudflare
space.alex3236.moe,https://space.alex3236.moe/,True,Next.js; Vercel,Vercel
blog.keaeye.fun,https://blog.keaeye.fun,True,,edgeone-pages
jiangmiemie.com,https://www.jiangmiemie.com,True,Nginx,nginx
penguinway.space,https://penguinway.space,True,OpenResty,openresty
rainafter.cn,https://www.rainafter.cn,True,,edgeone-pages
zlinblog.cn,https://zlinblog.cn,True,Nginx,nginx
watermelonabc.top,https://watermelonabc.top/,True,Vercel,Vercel
bull.eu.org,https://bull.eu.org,True,Cloudflare,cloudflare
blog.serms.top,https://blog.serms.top/,True,error:ClientConnectorError,
mrgod.cn,https://www.mrgod.cn,True,ASP.NET; IIS,Microsoft-IIS/10.0
blog.arkria.dev,https://blog.arkria.dev/,True,Cloudflare,cloudflare
loneapex.cn,https://loneapex.cn/,True,Nginx,nginx
blog.luzy.top,https://blog.luzy.top,True,Caddy,Caddy
linxii.top,https://linxii.top/,True,Cloudflare,cloudflare
blog.im0o.top,https://blog.im0o.top,True,Vercel,Vercel
note.stalomeow.com,https://note.stalomeow.com/,True,Vercel,Vercel
blog.ljcbaby.top,https://blog.ljcbaby.top,True,,edgeone-pages
futseyi.com,https://www.futseyi.com/,True,Vercel,Vercel
shuiao.top,https://www.shuiao.top,True,Vercel,Vercel
blog.gumengyo.top,https://blog.gumengyo.top/,True,OpenResty,openresty
daoker.cc,https://daoker.cc,True,OpenResty; PHP,openresty
cyrusblog.net,https://www.cyrusblog.net/,True,Nginx,nginx
yrajsh.cn,https://yrajsh.cn/,True,Nginx,nginx
yveji.com,https://www.yveji.com,True,Nginx,nginx
viisaus.tech,https://viisaus.tech,True,error:ClientConnectorError,
tjsky.net,https://www.tjsky.net,True,Nginx,nginx/1.31.1
blog.hikarilan.life,https://blog.hikarilan.life,True,CDN (generic); Cloudflare,cloudflare
blog.zmonster.top,https://blog.zmonster.top,True,Cloudflare,cloudflare
i.igosn.com,https://i.igosn.com,True,,ESA
debuginn.com,https://debuginn.com,True,Cloudflare,cloudflare
iczrx.cn,https://www.iczrx.cn,True,error:ClientConnectorError,
wp-boke.work,https://wp-boke.work,True,Vercel,Vercel
blog.gbfun.cc,https://blog.gbfun.cc/,True,,edgeone-pages
yvesx.com,https://www.yvesx.com,True,Cloudflare,cloudflare
hydsb0.com,https://www.hydsb0.com,True,Vercel,Vercel
blog.mmoe.work,https://blog.mmoe.work/,True,Netlify,Netlify
dabenshi.cn,https://dabenshi.cn,True,Apache,Apache
dreamiao.com,https://dreamiao.com,True,Cloudflare,cloudflare
momoyeyu.github.io,https://momoyeyu.github.io,True,Fastly; GitHub Pages; CDN (generic); Varnish,GitHub.com
weaxsey.cn,"https://weaxsey.cn",True,error:ClientConnectorDNSError,
linzeyin.github.io,https://linzeyin.github.io,True,Fastly; GitHub Pages; CDN (generic); Varnish,GitHub.com
blog.angustar.com,https://blog.angustar.com,True,Nginx,nginx
blog.oalo.cn,https://blog.oalo.cn,True,Nginx,nginx
foolishfox.cn,https://foolishfox.cn,True,Nginx,nginx/1.29.8
blog.ooliver.cn,https://blog.ooliver.cn,True,Nginx,nginx
daodaoshi.xyz,https://www.daodaoshi.xyz,True,Caddy,Caddy
ftz.is-a.dev,https://ftz.is-a.dev/,True,Netlify,Netlify
moeyao.cn,https://www.moeyao.cn/,True,Nginx,nginx
rong6.cn,https://rong6.cn,True,Nginx,nginx
extlight.com,https://www.extlight.com,True,error:ClientConnectorError,
blog.moeworld.tech,https://blog.moeworld.tech,True,Cloudflare,cloudflare
cloud.sd.cn,https://cloud.sd.cn/,True,Cloudflare; PHP,cloudflare
moechu.cn,https://moechu.cn,True,又拍云,marco/3.2
imcys.com,https://imcys.com,True,Cloudflare,cloudflare
blog.linyunlink.top,https://blog.linyunlink.top/,True,,TencentEdgeOne
xxx.kesug.com,"https://xxx.kesug.com",True,OpenResty,openresty
zanks.link,https://www.zanks.link,True,Nginx,nginx/1.30.1
n-bc.top,https://www.n-bc.top,True,Vercel,Vercel
blog.krins.cloud,https://blog.krins.cloud,True,Cloudflare,cloudflare
notion.hehouhui.cn,https://notion.hehouhui.cn,True,error:ClientConnectorError,
blog.burnling.top,https://blog.burnling.top,True,Vercel,Vercel
morick66.com,https://www.morick66.com/,True,error:ClientConnectorError,
chriskim.cn,https://www.chriskim.cn/,True,OpenResty,openresty
dyzmj.top,https://www.dyzmj.top,True,Nginx,nginx/1.27.5
takuron.com,https://takuron.com,True,Varnish; Fastly; GitHub Pages; CDN (generic); Cloudflare,cloudflare
musenxi.com,https://musenxi.com,True,Next.js; Cloudflare,cloudflare
blog.qcmoe.com,https://blog.qcmoe.com,True,error:TooManyRedirects,
ceale.moe,https://ceale.moe,True,Nginx,nginx
blog.luckyits.com,https://blog.luckyits.com,True,Nginx,nginx/1.28.0
blog.kimbell.top,https://blog.kimbell.top/,True,Nginx,nginx
neutrino7.top,https://neutrino7.top,True,Fastly; GitHub Pages; CDN (generic); Varnish,GitHub.com
blog.sakurasen.cn,https://blog.sakurasen.cn,True,,edgeone-pages
xiaowo.homes,"https://www.xiaowo.homes/",True,error:ClientConnectorDNSError,
moey.cn,https://moey.cn,True,CDN (generic),Starxn/starxn.com
fzxx.xyz,https://www.fzxx.xyz,True,Cloudflare,cloudflare
lipk.org,https://www.lipk.org,True,Nginx,nginx/1.22.1
wznmickey.com,https://wznmickey.com,True,Cloudflare,cloudflare
blog.daoxi365.top,https://blog.daoxi365.top/,True,Vercel,Vercel
dougunduzi.top,https://dougunduzi.top,True,Nginx,nginx
blog.simonsun.cc,https://blog.simonsun.cc/,True,Vercel,Vercel
jianchengwang.info,https://jianchengwang.info,True,Nginx,nginx/1.20.1
dmxiaozi.top,https://dmxiaozi.top,True,Nginx,nginx
mroldl001.top,https://www.mroldl001.top/,True,CDN (generic); Cloudflare,cloudflare
ikuyo.dev,https://ikuyo.dev,True,Varnish; Fastly; GitHub Pages; CDN (generic); Cloudflare,cloudflare
blog.0xd00.com,https://blog.0xd00.com,True,Cloudflare,cloudflare
moleft.cn,https://www.moleft.cn,True,Cloudflare,cloudflare
note.noxussj.top,https://note.noxussj.top,True,OpenResty,openresty
limina.top,https://www.limina.top,True,又拍云,marco/3.2
blog.6yfz.cn,https://blog.6yfz.cn,True,Fastly; GitHub Pages; CDN (generic); Varnish,GitHub.com
blog.southfox.me,https://blog.southfox.me,True,Cloudflare,cloudflare
kirito.info,https://www.kirito.info,True,Vercel,Vercel
moshanghua.net,https://moshanghua.net,True,Nginx,nginx/1.28.2
histonevon.top,https://histonevon.top,True,OpenResty,openresty
leetme.netlify.app,https://leetme.netlify.app/,True,Netlify,Netlify
addesp.com,https://www.addesp.com,True,Cloudflare; PHP,cloudflare
dendrobiumcgk.chat,https://www.dendrobiumcgk.chat/,True,Vercel,Vercel
nichijou.moe,https://nichijou.moe,True,Cloudflare,cloudflare
blog.histcat.top,https://blog.histcat.top,True,Netlify,Netlify
inkem.space,https://www.inkem.space,True,Cloudflare; Vercel,cloudflare
blog.xing-ye.top,https://blog.xing-ye.top/,True,Cloudflare,cloudflare
blog.fkun.tech,https://blog.fkun.tech,True,Nginx,nginx
axi404.top,https://axi404.top/,True,Cloudflare; Vercel,cloudflare
blog.l3zc.com,https://blog.l3zc.com/,True,Cloudflare,cloudflare
blog.feitwnd.cc,https://blog.feitwnd.cc/,True,Nginx,nginx
davingm.com,https://davingm.com,True,Cloudflare; Vercel,cloudflare
maxqi.top,https://maxqi.top,True,Cloudflare,cloudflare
blog.tomys.top,https://blog.tomys.top,True,OpenResty,openresty
ficor.net,https://ficor.net,True,Next.js; Nginx,nginx
blog.henrywhu.cn,https://blog.henrywhu.cn,True,error:ClientConnectorDNSError,
fifsky.com,https://fifsky.com,True,Nginx,nginx/1.31.1
uufog.com,https://www.uufog.com,True,Nginx,nginx
blog.yujiay.wang,https://blog.yujiay.wang,True,Nginx,nginx
blog.ksable.top,https://blog.ksable.top/,True,Vercel,Vercel
wangdabao.js.cool,https://wangdabao.js.cool,True,Fastly; GitHub Pages; CDN (generic); Varnish,GitHub.com
daolanx.me,https://daolanx.me/zh/,True,Cloudflare,cloudflare
hin.cool,https://hin.cool,True,OpenResty,openresty
oatse.com,https://www.oatse.com,True,OpenResty,openresty
blog.mhuig.top,https://blog.mhuig.top,True,Cloudflare,cloudflare
blog.59888888.xyz,https://blog.59888888.xyz,True,CDN (generic); Nginx,nginx
kp-z.github.io,https://kp-z.github.io/blog-cn/home/index.html,True,Fastly; GitHub Pages; CDN (generic); Varnish,GitHub.com
xiwangly.com,https://www.xiwangly.com,True,Cloudflare,cloudflare
blog.qiyuor2.me,https://blog.qiyuor2.me,True,Vercel,Vercel
tabirstrees.top,https://www.tabirstrees.top,True,Varnish; Fastly; GitHub Pages; CDN (generic); Cloudflare,cloudflare
efu.me,https://efu.me,True,Vercel,Vercel
blog.itsse.cn,https://blog.itsse.cn,True,,ESA
418121.xyz,https://418121.xyz,True,Vercel,Vercel
uyoahz.cn,https://uyoahz.cn,True,Vercel,Vercel
programnotes.cn,https://programnotes.cn/,True,腾讯云COS,tencent-cos
ilovey.live,https://ilovey.live,True,Fastly; GitHub Pages; CDN (generic); Varnish,GitHub.com
zisu.dev,https://zisu.dev,True,error:ClientConnectorDNSError,
blog.sakurasou.io,https://blog.sakurasou.io,True,Cloudflare,cloudflare
blog.chentao1006.com,https://blog.chentao1006.com/,True,Cloudflare; PHP,cloudflare
bugbubbles.github.io,https://bugbubbles.github.io/,True,Fastly; GitHub Pages; CDN (generic); Varnish,GitHub.com
lab.gb0.dev,https://lab.gb0.dev,True,OpenResty,openresty
blog.kayro.cn,https://blog.kayro.cn/,True,,edgeone-pages
boysec.cn,https://www.boysec.cn/,True,,Wxs/2
blog.revincx.icu,https://blog.revincx.icu,True,Vercel,Vercel
feeshy.top,https://feeshy.top,True,Varnish; Fastly; GitHub Pages; CDN (generic); Cloudflare,cloudflare
wordplay.work,https://wordplay.work/,True,Nginx,nginx
yuanshan.site,https://www.yuanshan.site/,True,,edgeone-pages
liangbm3.site,https://liangbm3.site,True,,edgeone-pages
liujing.me,https://www.liujing.me,True,Vercel,Vercel
tinsir888.github.io,"https://tinsir888.github.io/",True,Fastly; GitHub Pages; CDN (generic); Varnish,GitHub.com
yilantingfeng.site,https://www.yilantingfeng.site,True,又拍云,marco/3.2
loafing.cn,https://loafing.cn,True,Vercel,Vercel
blog.butanediol.me,https://blog.butanediol.me,True,Cloudflare,cloudflare
blog.reincarnatey.net,https://blog.reincarnatey.net,True,Vercel,Vercel
youyeyejie.github.io,https://youyeyejie.github.io/,True,Fastly; GitHub Pages; CDN (generic); Varnish,GitHub.com
blog.snowy.moe,https://blog.snowy.moe,True,Netlify; Cloudflare,cloudflare
cooree.eu.org,https://www.cooree.eu.org/,True,,ESA
llmzyj.github.io,https://llmzyj.github.io,True,Fastly; GitHub Pages; CDN (generic); Varnish,GitHub.com
blog.uptoz.cn,https://blog.uptoz.cn/,True,,TencentEdgeOne
blog.chrxw.com,https://blog.chrxw.com,True,Cloudflare,cloudflare
blog.badapple.pro,https://blog.badapple.pro,True,OpenResty,openresty
xuanzhi33.cn,"https://www.xuanzhi33.cn",True,Nginx,nginx
blog.kfdzcoffee.cn,https://blog.kfdzcoffee.cn,True,Cloudflare,cloudflare
blog.garryde.com,https://blog.garryde.com,True,Cloudflare; PHP,cloudflare
zhangz.cc,https://www.zhangz.cc,True,腾讯云COS,tencent-cos
zouht.com,https://www.zouht.com,True,OpenResty,openresty
nocp.space,https://nocp.space,True,Netlify; Next.js,Netlify
blog.zhengru.top,https://blog.zhengru.top,True,,edgeone-pages
opw.cc,https://www.opw.cc,True,Cloudflare; Vercel,cloudflare
blog.study996.cn,https://blog.study996.cn,True,Nginx,nginx
fushaolei.github.io,https://fushaolei.github.io/,True,Fastly; GitHub Pages; CDN (generic); Varnish,GitHub.com
teh.top,https://www.teh.top,True,Nginx,nginx
0x3f.foo,https://www.0x3f.foo,True,Netlify,Netlify
rainview.net,https://rainview.net,True,Nginx,nginx
blog.imzy.ink,https://blog.imzy.ink,True,又拍云; CDN (generic); Tengine (阿里云),Tengine
ariels.xyz,https://www.ariels.xyz,True,PHP; Tengine (阿里云),Tengine
zlrm.net,https://zlrm.net/,True,Nginx,nginx
handsonic.top,https://handsonic.top,True,,edgeone-pages
735690757.github.io,https://735690757.github.io/,True,Varnish; Fastly; GitHub Pages; CDN (generic); Cloudflare,cloudflare
b.ncii.cn,https://b.ncii.cn/,True,Nginx,nginx
pljzy.top,https://pljzy.top,True,Nginx,nginx
aiyo99.com,https://www.aiyo99.com,True,Nginx,nginx
amazingk.cn,https://www.amazingk.cn,True,Nginx,nginx/1.18.0 (Ubuntu)
lybblog.cn,https://www.lybblog.cn,True,Nginx,nginx
blog.luvying.com,https://blog.luvying.com,True,又拍云,marco/3.2
chenxutalk.top,https://www.chenxutalk.top,True,Nginx,nginx/1.27.0
yhalo.cn,https://yhalo.cn/,True,Nginx,nginx
chirmyram.top,https://www.chirmyram.top,True,Nginx; PHP,nginx
ghostchu.com,https://www.ghostchu.com,True,OpenResty; PHP,openresty
iliuqi.com,https://www.iliuqi.com,True,OpenResty,openresty
blog.sdsml.top,https://blog.sdsml.top/,True,又拍云; CDN (generic); Tengine (阿里云),Tengine
rsnocsi.cn,https://www.rsnocsi.cn,True,,ESA
xancel.top,https://xancel.top,True,Nginx,nginx/1.27.5
xfsay.com,https://xfsay.com,True,Nginx,nginx
detechn.com,https://www.detechn.com,True,Tengine (阿里云),Tengine
blog.chrison.cn,https://blog.chrison.cn,True,Nginx,nginx
kissbaofish.cn,https://kissbaofish.cn,True,PHP; Apache,Apache/2.4.41 (Win64) OpenSSL/1.1.1c PHP/7.3.12
fx7.top,https://fx7.top,True,PHP,volc-dcdn
deepwhitex.com,https://deepwhitex.com,True,,edgeone-pages
iamazing.cn,https://iamazing.cn,True,Nginx; Express/Node.js,nginx/1.18.0 (Ubuntu)
zimoou.com,https://zimoou.com,True,Nginx,nginx
bangkaixin.com,https://bangkaixin.com,True,OpenResty,openresty
carm.cc,https://www.carm.cc/,True,Nginx,nginx
imqi1.com,https://imqi1.com/,True,Nginx,nginx
blog.hongsw.cn,https://blog.hongsw.cn,True,,ESA
styunlen.cn,https://styunlen.cn/,True,Nginx,nginx
zqcnc.cn,https://www.zqcnc.cn,True,OpenResty,openresty
lyp.ink,https://lyp.ink,True,Vercel,Vercel
lomtom.cn,https://lomtom.cn,True,Vercel,Vercel
blog.ai-nous.com,https://blog.ai-nous.com/,True,Nginx,nginx/1.27.5
jjy2023.cn,https://www.jjy2023.cn/,True,Nginx,nginx
blog.lmb.blue,https://blog.lmb.blue/,True,Nginx,nginx
blog.chario.cn,https://blog.chario.cn/,True,Nginx,nginx
blog.alcex.cn,https://blog.alcex.cn,True,timeout,
wrans.top,https://wrans.top,True,timeout,
blog.southz.top,https://blog.southz.top/,True,timeout,
6lazi.com,https://6lazi.com,True,timeout,
blog.sdnie.fun,https://blog.sdnie.fun,True,timeout,
woodfishhhh.xyz,https://www.woodfishhhh.xyz/,True,timeout,
blog.shaoao.top,https://blog.shaoao.top,True,timeout,
kongsheng.top,https://www.kongsheng.top,True,timeout,
blog.jkl.asia,https://blog.jkl.asia,True,OpenResty,openresty
blog.sdy666.icu,https://blog.sdy666.icu,True,Nginx,nginx/1.24.0 (Ubuntu)
nenufm.com,https://nenufm.com,True,timeout,
imcao.cn,https://www.imcao.cn,True,timeout,
imcharon.com,https://www.imcharon.com,True,timeout,
wyxogo.top,https://wyxogo.top,True,timeout,
cddone.com,https://cddone.com/,True,timeout,
blog.671688.xyz,https://blog.671688.xyz,True,timeout,
blog.caonmd.com,https://blog.caonmd.com/,True,timeout,
stvue.com,https://stvue.com,True,timeout,
lonleaf.com,https://lonleaf.com,True,timeout,
docn.net,https://www.docn.net,True,timeout,
blog.kobin.cn,https://blog.kobin.cn,True,timeout,
kangqiovo.com,https://www.kangqiovo.com,True,timeout,
duxinfeng.com,https://duxinfeng.com,True,timeout,
icooper.cc,https://icooper.cc,True,timeout,
blog.w1ndys.top,https://blog.w1ndys.top/,True,timeout,
kylaan.top,https://Kylaan.top,True,timeout,
ling71.cn,https://www.ling71.cn,True,timeout,
luuooo.com,https://luuooo.com/,True,timeout,
xiangming.site,https://www.xiangming.site,True,timeout,
chinjua.com.cn,https://www.chinjua.com.cn/,True,timeout,
443eb9.dev,https://443eb9.dev/,True,timeout,
lishoujie.cn,https://www.lishoujie.cn,True,timeout,
ley.best,https://ley.best,True,timeout,
xudadi.com,https://www.xudadi.com,True,timeout,
202271.xyz,https://202271.xyz,True,timeout,
blog.catrol.cn,https://blog.catrol.cn,True,timeout,
mqfs.com,https://mqfs.com,True,timeout,
ashy.me,https://ashy.me,True,timeout,
blog.floqo.cn,https://blog.floqo.cn/,True,timeout,
itpours.com,https://www.itpours.com,True,,
blog.mcenahle.org.cn,https://blog.mcenahle.org.cn/,True,timeout,
m-n.top,https://m-n.top/,True,timeout,
wangdi.xyz,https://www.wangdi.xyz,True,timeout,
csl88.top,https://www.csl88.top,True,timeout,
zxwlove.xyz,https://zxwlove.xyz,True,timeout,
a8rs.top,https://a8rs.top,True,timeout,
zhuxu.asia,https://zhuxu.asia/,True,timeout,
lyxnxia.space,https://lyxnxia.space,True,timeout,
jampang.cn,https://www.jampang.cn/,True,timeout,
sangxuesheng.com,https://sangxuesheng.com,True,timeout,
